#
# There is insufficient memory for the Java Runtime Environment to continue.
# Native memory allocation (malloc) failed to allocate 1216736 bytes. Error detail: Chunk::new
# Possible reasons:
#   The system is out of physical RAM or swap space
#   This process is running with CompressedOops enabled, and the Java Heap may be blocking the growth of the native heap
# Possible solutions:
#   Reduce memory load on the system
#   Increase physical memory or swap space
#   Check if swap backing store is full
#   Decrease Java heap size (-Xmx/-Xms)
#   Decrease number of Java threads
#   Decrease Java thread stack sizes (-Xss)
#   Set larger code cache with -XX:ReservedCodeCacheSize=
#   JVM is running with Unscaled Compressed Oops mode in which the Java heap is
#     placed in the first 4GB address space. The Java Heap base address is the
#     maximum limit for the native heap growth. Please use -XX:HeapBaseMinAddress
#     to set the Java Heap base and to place the Java Heap above 4GB virtual address.
# This output file may be truncated or incomplete.
#
#  Out of Memory Error (arena.cpp:191), pid=4496, tid=9568
#
# JRE version: OpenJDK Runtime Environment Microsoft-11369865 (17.0.15+6) (build 17.0.15+6-LTS)
# Java VM: OpenJDK 64-Bit Server VM Microsoft-11369865 (17.0.15+6-LTS, mixed mode, sharing, tiered, compressed oops, compressed class ptrs, g1 gc, windows-amd64)
# No core dump will be written. Minidumps are not enabled by default on client versions of Windows
#

---------------  S U M M A R Y ------------

Command Line: --add-opens=java.base/java.lang=ALL-UNNAMED --add-opens=java.base/java.lang.invoke=ALL-UNNAMED --add-opens=java.base/java.util=ALL-UNNAMED --add-opens=java.prefs/java.util.prefs=ALL-UNNAMED --add-exports=jdk.compiler/com.sun.tools.javac.api=ALL-UNNAMED --add-exports=jdk.compiler/com.sun.tools.javac.util=ALL-UNNAMED --add-opens=java.base/java.util=ALL-UNNAMED --add-opens=java.prefs/java.util.prefs=ALL-UNNAMED --add-opens=java.base/java.nio.charset=ALL-UNNAMED --add-opens=java.base/java.net=ALL-UNNAMED --add-opens=java.base/java.util.concurrent=ALL-UNNAMED --add-opens=java.base/java.util.concurrent.atomic=ALL-UNNAMED --add-opens=java.xml/javax.xml.namespace=ALL-UNNAMED -XX:MaxMetaspaceSize=512m -Xmx2048m -Dfile.encoding=windows-1252 -Duser.country=IN -Duser.language=en -Duser.variant -javaagent:C:\Users\InfoTungston\.gradle\wrapper\dists\gradle-9.0.0-bin\d6wjpkvcgsg3oed0qlfss3wgl\gradle-9.0.0\lib\agents\gradle-instrumentation-agent-9.0.0.jar org.gradle.launcher.daemon.bootstrap.GradleDaemon 9.0.0

Host: AMD Ryzen 7 5700G with Radeon Graphics         , 16 cores, 15G,  Windows 11 , 64 bit Build 26100 (10.0.26100.7309)
Time: Fri Dec 26 13:43:34 2025 India Standard Time elapsed time: 16632.594969 seconds (0d 4h 37m 12s)

---------------  T H R E A D  ---------------

Current thread (0x0000020db04111b0):  JavaThread "C2 CompilerThread0" daemon [_thread_in_native, id=9568, stack(0x00000097c7500000,0x00000097c7600000)]


Current CompileTask:
C2:16632595 60837 % !   4       com.android.tools.r8.dex.a::b @ 1585 (3650 bytes)

Stack: [0x00000097c7500000,0x00000097c7600000]
Native frames: (J=compiled Java code, j=interpreted, Vv=VM code, C=native code)
V  [jvm.dll+0x6887a9]
V  [jvm.dll+0x83f5a8]
V  [jvm.dll+0x841053]
V  [jvm.dll+0x8416c3]
V  [jvm.dll+0x2496ef]
V  [jvm.dll+0xad134]
V  [jvm.dll+0xad7cc]
V  [jvm.dll+0x2b0e1f]
V  [jvm.dll+0x58e789]
V  [jvm.dll+0x223972]
V  [jvm.dll+0x21c519]
V  [jvm.dll+0x219c3b]
V  [jvm.dll+0x1a55f6]
V  [jvm.dll+0x22a39a]
V  [jvm.dll+0x2284db]
V  [jvm.dll+0x7f4e28]
V  [jvm.dll+0x7ef2dc]
V  [jvm.dll+0x687687]
C  [ucrtbase.dll+0x37b0]
C  [KERNEL32.DLL+0x2e8d7]
C  [ntdll.dll+0x8c53c]


---------------  P R O C E S S  ---------------

Threads class SMR info:
_java_thread_list=0x0000020dd8ae3da0, length=327, elements={
0x0000020d920b9a20, 0x0000020db03e8750, 0x0000020db03e98c0, 0x0000020db0403f30,
0x0000020db0406810, 0x0000020db0409890, 0x0000020db040a900, 0x0000020db04111b0,
0x0000020db0427af0, 0x0000020db0428400, 0x0000020db03d79e0, 0x0000020db13f7d20,
0x0000020db18f69b0, 0x0000020db18f73d0, 0x0000020db18f64a0, 0x0000020dd1072400,
0x0000020dd1072e20, 0x0000020dd1073d50, 0x0000020dd10705a0, 0x0000020dd1074260,
0x0000020dd1070fc0, 0x0000020dd1076ff0, 0x0000020dd5872640, 0x0000020dd5d90b30,
0x0000020dd5d8f1e0, 0x0000020dd6730580, 0x0000020dd6733820, 0x0000020dd673d000,
0x0000020dd673d510, 0x0000020dd673e950, 0x0000020dd3403fb0, 0x0000020dd3407250,
0x0000020dd340b930, 0x0000020dd340a4f0, 0x0000020dd340aa00, 0x0000020dd34090b0,
0x0000020dd3409ad0, 0x0000020dd659c180, 0x0000020dd1074c80, 0x0000020dd58702d0,
0x0000020dd5cfd1a0, 0x0000020dd5d03bf0, 0x0000020dd6738e30, 0x0000020ddf4fbfa0,
0x0000020dd653df10, 0x0000020dd685bd50, 0x0000020dd3515810, 0x0000020dde41bff0,
0x0000020dd9842ee0, 0x0000020ddee8a3a0, 0x0000020dde9af3e0, 0x0000020dd92c3fa0,
0x0000020dee0e3690, 0x0000020dd27371d0, 0x0000020dd5ad2ce0, 0x0000020de47ab8e0,
0x0000020de0239550, 0x0000020dd3516230, 0x0000020de0239040, 0x0000020de24980b0,
0x0000020ddf4f9720, 0x0000020de0237c00, 0x0000020dd7668990, 0x0000020dd7667550,
0x0000020dd58dc630, 0x0000020de2498ad0, 0x0000020de2499a00, 0x0000020dd58db700,
0x0000020dd58dcb40, 0x0000020dd58dda70, 0x0000020dd58da7d0, 0x0000020dd58da2c0,
0x0000020dd58dace0, 0x0000020dd58dd050, 0x0000020dd58dd560, 0x0000020dd58dbc10,
0x0000020dd58db1f0, 0x0000020dd9844320, 0x0000020dd9841aa0, 0x0000020dd98433f0,
0x0000020dd9844830, 0x0000020dd9841fb0, 0x0000020dd9843900, 0x0000020dd9843e10,
0x0000020dd98429d0, 0x0000020de39871f0, 0x0000020de3987700, 0x0000020de3985db0,
0x0000020de39867d0, 0x0000020de3986ce0, 0x0000020dd653bba0, 0x0000020dd653c0b0,
0x0000020dd653d4f0, 0x0000020dd653b180, 0x0000020dd653ac70, 0x0000020de24985c0,
0x0000020de2499f10, 0x0000020de249a930, 0x0000020de249b350, 0x0000020de2498fe0,
0x0000020de24994f0, 0x0000020dd8b6c210, 0x0000020dd8b6c720, 0x0000020dd8b6cc30,
0x0000020dd8b6b2e0, 0x0000020dd8b6b7f0, 0x0000020dd1d2c390, 0x0000020de279d460,
0x0000020de2799cb0, 0x0000020de279cf50, 0x0000020de0236cd0, 0x0000020dd4fac240,
0x0000020de0239a60, 0x0000020de0fcd810, 0x0000020de0fcaa80, 0x0000020dd27376e0,
0x0000020dd2736cc0, 0x0000020dd2738100, 0x0000020ddfb399c0, 0x0000020ddf4f9c30,
0x0000020ddfb37650, 0x0000020ddfb38070, 0x0000020ddfb3ae00, 0x0000020ddfb38580,
0x0000020ddfb38a90, 0x0000020ddfb39ed0, 0x0000020ddfb37b60, 0x0000020ddfb3a8f0,
0x0000020ddfb394b0, 0x0000020ddfb3a3e0, 0x0000020dd3513ec0, 0x0000020ddf4f87f0,
0x0000020dd2737bf0, 0x0000020dd2735d90, 0x0000020dd2738610, 0x0000020dd2734e60,
0x0000020dd27367b0, 0x0000020dd2735880, 0x0000020dd27362a0, 0x0000020dd685c260,
0x0000020dd685cc80, 0x0000020dd685d190, 0x0000020dd685ae20, 0x0000020dd685e0c0,
0x0000020dd685c770, 0x0000020dd685d6a0, 0x0000020dd685b330, 0x0000020dd685b840,
0x0000020dd685dbb0, 0x0000020dd685e5d0, 0x0000020ddee8b7e0, 0x0000020dd4faa8f0,
0x0000020dd4facc60, 0x0000020dd4fae0a0, 0x0000020dd4faae00, 0x0000020dd4fab310,
0x0000020dd653c5c0, 0x0000020dd653b690, 0x0000020dd653cad0, 0x0000020dd653cfe0,
0x0000020dd653da00, 0x0000020dd9742880, 0x0000020dd97432a0, 0x0000020dd9740510,
0x0000020dd97437b0, 0x0000020dd9740a20, 0x0000020dd9740f30, 0x0000020dd9741440,
0x0000020dd9742370, 0x0000020dd9741950, 0x0000020dd9742d90, 0x0000020dd3c2e700,
0x0000020dd3c2ec10, 0x0000020db12a2bd0, 0x0000020db12a5960, 0x0000020db12a35f0,
0x0000020db12a5e70, 0x0000020db12a26c0, 0x0000020db12a30e0, 0x0000020db12a4520,
0x0000020db12a3b00, 0x0000020db12a4a30, 0x0000020db12a5450, 0x0000020de0fca060,
0x0000020de0fcb9b0, 0x0000020de0fcc8e0, 0x0000020de0fcc3d0, 0x0000020de0fcaf90,
0x0000020de0fccdf0, 0x0000020de0fcbec0, 0x0000020de0fcd300, 0x0000020de47aaec0,
0x0000020de47aa4a0, 0x0000020de47aa9b0, 0x0000020de47ab3d0, 0x0000020de47abdf0,
0x0000020de47a9f90, 0x0000020de47a9060, 0x0000020dd3c2d2c0, 0x0000020dd3c2c8a0,
0x0000020dd3c2d7d0, 0x0000020dd3c2e1f0, 0x0000020dd3c2f120, 0x0000020dd3c2dce0,
0x0000020dd3c2f630, 0x0000020dd3c2cdb0, 0x0000020de1932f70, 0x0000020de1933480,
0x0000020de40ba920, 0x0000020de40bae30, 0x0000020de40bc270, 0x0000020de40bb850,
0x0000020de40bd6b0, 0x0000020de40bdbc0, 0x0000020de40ba410, 0x0000020de40bc780,
0x0000020de40bcc90, 0x0000020de40bd1a0, 0x0000020de40bb340, 0x0000020de40bbd60,
0x0000020dd613b3d0, 0x0000020dd6139570, 0x0000020de279a6d0, 0x0000020de279a1c0,
0x0000020de279abe0, 0x0000020dd613a9b0, 0x0000020dd613c300, 0x0000020dd613bdf0,
0x0000020dd613cd20, 0x0000020dd6139a80, 0x0000020dd613aec0, 0x0000020dd6139f90,
0x0000020dd613c810, 0x0000020dd613a4a0, 0x0000020dd613b8e0, 0x0000020de03c28b0,
0x0000020de03c4200, 0x0000020de03c1e90, 0x0000020de03c4710, 0x0000020de03c4c20,
0x0000020de03c1470, 0x0000020de03c32d0, 0x0000020de03c3cf0, 0x0000020de03c1980,
0x0000020de03c23a0, 0x0000020de03c37e0, 0x0000020de03c2dc0, 0x0000020de3b0e3e0,
0x0000020de3b0c070, 0x0000020de3b0bb60, 0x0000020de3b0d9c0, 0x0000020de3b0c580,
0x0000020de279b600, 0x0000020de279bb10, 0x0000020de279ca40, 0x0000020de279b0f0,
0x0000020de279c020, 0x0000020de279c530, 0x0000020dd1d2b970, 0x0000020de3b0ca90,
0x0000020de3b0ee00, 0x0000020dd7667a60, 0x0000020db13aecf0, 0x0000020dd35ef500,
0x0000020dd3516c50, 0x0000020dd35143d0, 0x0000020db12a4010, 0x0000020dd35ee5d0,
0x0000020de47a9570, 0x0000020db13afc20, 0x0000020de02371e0, 0x0000020de15ba4e0,
0x0000020dd92c3070, 0x0000020dd7667f70, 0x0000020dd7668480, 0x0000020dd76693b0,
0x0000020de15b95b0, 0x0000020dd76698c0, 0x0000020dd7669dd0, 0x0000020dd766a2e0,
0x0000020dd35eeae0, 0x0000020dd35ed190, 0x0000020dd35ee0c0, 0x0000020dd35eeff0,
0x0000020dd35ebd50, 0x0000020dd35ecc80, 0x0000020dd35ed6a0, 0x0000020dd35edbb0,
0x0000020dd35ec260, 0x0000020dd35ec770, 0x0000020ddec6eac0, 0x0000020ddec6efd0,
0x0000020ddec6f4e0, 0x0000020ddec6f9f0, 0x0000020ddec72270, 0x0000020dd4fab820,
0x0000020ddec70920, 0x0000020dd3515d20, 0x0000020de02376f0, 0x0000020ddf4f8d00,
0x0000020de47ac300, 0x0000020db13ae7e0, 0x0000020dd92c58f0, 0x0000020de47ac810,
0x0000020dd3516740, 0x0000020de4fbf0c0, 0x0000020dd1a6f070, 0x0000020de15b9ac0,
0x0000020de15b7240, 0x0000020de34514d0, 0x0000020de15b9fd0, 0x0000020dd3515300,
0x0000020dd4fac750, 0x0000020ddec6ff00, 0x0000020dd4fabd30, 0x0000020de15b90a0,
0x0000020ddeb91ff0, 0x0000020de3b4bc10, 0x0000020ddfad4ae0, 0x0000020dd4fad170,
0x0000020dd7327f80, 0x0000020de0239f70, 0x0000020de15b8170, 0x0000020de3b4c120,
0x0000020dde43a120, 0x0000020dde43a670, 0x0000020dde43b110
}

Java Threads: ( => current thread )
  0x0000020d920b9a20 JavaThread "main" [_thread_blocked, id=23700, stack(0x00000097c6800000,0x00000097c6900000)]
  0x0000020db03e8750 JavaThread "Reference Handler" daemon [_thread_blocked, id=22740, stack(0x00000097c6f00000,0x00000097c7000000)]
  0x0000020db03e98c0 JavaThread "Finalizer" daemon [_thread_blocked, id=10112, stack(0x00000097c7000000,0x00000097c7100000)]
  0x0000020db0403f30 JavaThread "Signal Dispatcher" daemon [_thread_blocked, id=22352, stack(0x00000097c7100000,0x00000097c7200000)]
  0x0000020db0406810 JavaThread "Attach Listener" daemon [_thread_blocked, id=24276, stack(0x00000097c7200000,0x00000097c7300000)]
  0x0000020db0409890 JavaThread "Service Thread" daemon [_thread_blocked, id=23852, stack(0x00000097c7300000,0x00000097c7400000)]
  0x0000020db040a900 JavaThread "Monitor Deflation Thread" daemon [_thread_blocked, id=24264, stack(0x00000097c7400000,0x00000097c7500000)]
=>0x0000020db04111b0 JavaThread "C2 CompilerThread0" daemon [_thread_in_native, id=9568, stack(0x00000097c7500000,0x00000097c7600000)]
  0x0000020db0427af0 JavaThread "C1 CompilerThread0" daemon [_thread_in_native, id=22012, stack(0x00000097c7600000,0x00000097c7700000)]
  0x0000020db0428400 JavaThread "Sweeper thread" daemon [_thread_blocked, id=21224, stack(0x00000097c7700000,0x00000097c7800000)]
  0x0000020db03d79e0 JavaThread "Common-Cleaner" daemon [_thread_blocked, id=24468, stack(0x00000097c7800000,0x00000097c7900000)]
  0x0000020db13f7d20 JavaThread "Notification Thread" daemon [_thread_blocked, id=9316, stack(0x00000097c7d00000,0x00000097c7e00000)]
  0x0000020db18f69b0 JavaThread "Daemon health stats" [_thread_blocked, id=7528, stack(0x00000097c7f00000,0x00000097c8000000)]
  0x0000020db18f73d0 JavaThread "Incoming local TCP Connector on port 53481" [_thread_in_native, id=3508, stack(0x00000097c8000000,0x00000097c8100000)]
  0x0000020db18f64a0 JavaThread "Daemon periodic checks" [_thread_blocked, id=17220, stack(0x00000097c8500000,0x00000097c8600000)]
  0x0000020dd1072400 JavaThread "Cache worker for journal cache (C:\Users\InfoTungston\.gradle\caches\journal-1)" [_thread_blocked, id=5716, stack(0x00000097c9500000,0x00000097c9600000)]
  0x0000020dd1072e20 JavaThread "File lock request listener" [_thread_in_native, id=14540, stack(0x00000097c9600000,0x00000097c9700000)]
  0x0000020dd1073d50 JavaThread "Cache worker for file hash cache (C:\Users\InfoTungston\.gradle\caches\9.0.0\fileHashes)" [_thread_blocked, id=6440, stack(0x00000097c9700000,0x00000097c9800000)]
  0x0000020dd10705a0 JavaThread "File watcher server" daemon [_thread_in_native, id=8980, stack(0x00000097c9d00000,0x00000097c9e00000)]
  0x0000020dd1074260 JavaThread "File watcher consumer" daemon [_thread_blocked, id=22476, stack(0x00000097c9e00000,0x00000097c9f00000)]
  0x0000020dd1070fc0 JavaThread "Cache worker for file content cache (C:\Users\InfoTungston\.gradle\caches\9.0.0\fileContent)" [_thread_blocked, id=6212, stack(0x00000097ca000000,0x00000097ca100000)]
  0x0000020dd1076ff0 JavaThread "jar transforms" [_thread_blocked, id=24504, stack(0x00000097ca300000,0x00000097ca400000)]
  0x0000020dd5872640 JavaThread "Memory manager" [_thread_blocked, id=7644, stack(0x00000097cac00000,0x00000097cad00000)]
  0x0000020dd5d90b30 JavaThread "RMI Scheduler(0)" daemon [_thread_blocked, id=24796, stack(0x00000097c9800000,0x00000097c9900000)]
  0x0000020dd5d8f1e0 JavaThread "RMI TCP Accept-0" daemon [_thread_in_native, id=24812, stack(0x00000097d1500000,0x00000097d1600000)]
  0x0000020dd6730580 JavaThread "jar transforms Thread 2" [_thread_blocked, id=25076, stack(0x00000097d4a00000,0x00000097d4b00000)]
  0x0000020dd6733820 JavaThread "jar transforms Thread 3" [_thread_blocked, id=25072, stack(0x00000097d4b00000,0x00000097d4c00000)]
  0x0000020dd673d000 JavaThread "jar transforms Thread 4" [_thread_blocked, id=25952, stack(0x00000097d7400000,0x00000097d7500000)]
  0x0000020dd673d510 JavaThread "jar transforms Thread 5" [_thread_blocked, id=26600, stack(0x00000097d4c00000,0x00000097d4d00000)]
  0x0000020dd673e950 JavaThread "jar transforms Thread 6" [_thread_blocked, id=26604, stack(0x00000097d6b00000,0x00000097d6c00000)]
  0x0000020dd3403fb0 JavaThread "jar transforms Thread 7" [_thread_blocked, id=2280, stack(0x00000097d7700000,0x00000097d7800000)]
  0x0000020dd3407250 JavaThread "jar transforms Thread 8" [_thread_blocked, id=25064, stack(0x00000097d7800000,0x00000097d7900000)]
  0x0000020dd340b930 JavaThread "jar transforms Thread 9" [_thread_blocked, id=25940, stack(0x00000097d7e00000,0x00000097d7f00000)]
  0x0000020dd340a4f0 JavaThread "jar transforms Thread 10" [_thread_blocked, id=23960, stack(0x00000097d7f00000,0x00000097d8000000)]
  0x0000020dd340aa00 JavaThread "jar transforms Thread 11" [_thread_blocked, id=2804, stack(0x00000097d8000000,0x00000097d8100000)]
  0x0000020dd34090b0 JavaThread "jar transforms Thread 12" [_thread_blocked, id=3724, stack(0x00000097d8100000,0x00000097d8200000)]
  0x0000020dd3409ad0 JavaThread "jar transforms Thread 13" [_thread_blocked, id=26404, stack(0x00000097d7900000,0x00000097d7a00000)]
  0x0000020dd659c180 JavaThread "jar transforms Thread 14" [_thread_blocked, id=26400, stack(0x00000097d7a00000,0x00000097d7b00000)]
  0x0000020dd1074c80 JavaThread "jar transforms Thread 15" [_thread_blocked, id=26364, stack(0x00000097d8200000,0x00000097d8300000)]
  0x0000020dd58702d0 JavaThread "jar transforms Thread 16" [_thread_blocked, id=26352, stack(0x00000097d8300000,0x00000097d8400000)]
  0x0000020dd5cfd1a0 JavaThread "pool-3-thread-1" [_thread_blocked, id=26192, stack(0x00000097d8b00000,0x00000097d8c00000)]
  0x0000020dd5d03bf0 JavaThread "Cache worker for Java compile cache (C:\Users\InfoTungston\.gradle\caches\9.0.0\javaCompile)" [_thread_blocked, id=26492, stack(0x00000097d9d00000,0x00000097d9e00000)]
  0x0000020dd6738e30 JavaThread "RMI TCP Accept-0" daemon [_thread_in_native, id=13344, stack(0x00000097dad00000,0x00000097dae00000)]
  0x0000020ddf4fbfa0 JavaThread "pool-6-thread-1" [_thread_blocked, id=24016, stack(0x00000097d7100000,0x00000097d7200000)]
  0x0000020dd653df10 JavaThread "pool-9-thread-1" [_thread_blocked, id=9296, stack(0x00000097d7d00000,0x00000097d7e00000)]
  0x0000020dd685bd50 JavaThread "pool-12-thread-1" [_thread_blocked, id=2152, stack(0x00000097d8400000,0x00000097d8500000)]
  0x0000020dd3515810 JavaThread "pool-15-thread-1" [_thread_blocked, id=7012, stack(0x00000097d6f00000,0x00000097d7000000)]
  0x0000020dde41bff0 JavaThread "pool-18-thread-1" [_thread_blocked, id=28516, stack(0x00000097d6e00000,0x00000097d6f00000)]
  0x0000020dd9842ee0 JavaThread "pool-21-thread-1" [_thread_blocked, id=17528, stack(0x00000097d8700000,0x00000097d8800000)]
  0x0000020ddee8a3a0 JavaThread "pool-24-thread-1" [_thread_blocked, id=19348, stack(0x00000097d7600000,0x00000097d7700000)]
  0x0000020dde9af3e0 JavaThread "ForkJoinPool.commonPool-worker-85" daemon [_thread_blocked, id=12732, stack(0x00000097cc600000,0x00000097cc700000)]
  0x0000020dd92c3fa0 JavaThread "ForkJoinPool.commonPool-worker-89" daemon [_thread_blocked, id=25044, stack(0x00000097cca00000,0x00000097ccb00000)]
  0x0000020dee0e3690 JavaThread "ForkJoinPool.commonPool-worker-92" daemon [_thread_blocked, id=26712, stack(0x00000097ccd00000,0x00000097cce00000)]
  0x0000020dd27371d0 JavaThread "pool-27-thread-1" [_thread_blocked, id=21724, stack(0x00000097d8500000,0x00000097d8600000)]
  0x0000020dd5ad2ce0 JavaThread "Daemon Thread 10" [_thread_blocked, id=5776, stack(0x00000097c6500000,0x00000097c6600000)]
  0x0000020de47ab8e0 JavaThread "Daemon worker Thread 10" [_thread_blocked, id=26852, stack(0x00000097c8600000,0x00000097c8700000)]
  0x0000020de0239550 JavaThread "ForkJoinPool.commonPool-worker-96" daemon [_thread_blocked, id=28544, stack(0x00000097ccc00000,0x00000097ccd00000)]
  0x0000020dd3516230 JavaThread "ForkJoinPool.commonPool-worker-97" daemon [_thread_blocked, id=25728, stack(0x00000097cce00000,0x00000097ccf00000)]
  0x0000020de0239040 JavaThread "ForkJoinPool.commonPool-worker-98" daemon [_thread_blocked, id=20980, stack(0x00000097ccf00000,0x00000097cd000000)]
  0x0000020de24980b0 JavaThread "ForkJoinPool.commonPool-worker-99" daemon [_thread_blocked, id=28608, stack(0x00000097cd000000,0x00000097cd100000)]
  0x0000020ddf4f9720 JavaThread "ForkJoinPool.commonPool-worker-100" daemon [_thread_blocked, id=27904, stack(0x00000097cd100000,0x00000097cd200000)]
  0x0000020de0237c00 JavaThread "Exec process Thread 28" [_thread_in_native, id=25120, stack(0x00000097d6d00000,0x00000097d6e00000)]
  0x0000020dd7668990 JavaThread "Exec process Thread 29" [_thread_in_native, id=17736, stack(0x00000097d7200000,0x00000097d7300000)]
  0x0000020dd7667550 JavaThread "Exec process Thread 30" [_thread_in_native, id=27668, stack(0x00000097d7300000,0x00000097d7400000)]
  0x0000020dd58dc630 JavaThread "pool-30-thread-1" [_thread_blocked, id=28596, stack(0x00000097d3800000,0x00000097d3900000)]
  0x0000020de2498ad0 JavaThread "Handler for socket connection from /127.0.0.1:53481 to /127.0.0.1:64318" [_thread_in_native, id=4188, stack(0x00000097c7900000,0x00000097c7a00000)]
  0x0000020de2499a00 JavaThread "Cancel handler" [_thread_blocked, id=28612, stack(0x00000097c7a00000,0x00000097c7b00000)]
  0x0000020dd58db700 JavaThread "Asynchronous log dispatcher for DefaultDaemonConnection: socket connection from /127.0.0.1:53481 to /127.0.0.1:64318" [_thread_blocked, id=24820, stack(0x00000097c8800000,0x00000097c8900000)]
  0x0000020dd58dcb40 JavaThread "Stdin handler" [_thread_blocked, id=25464, stack(0x00000097c8900000,0x00000097c8a00000)]
  0x0000020dd58dda70 JavaThread "Daemon client event forwarder" [_thread_blocked, id=28156, stack(0x00000097c8a00000,0x00000097c8b00000)]
  0x0000020dd58da7d0 JavaThread "Cache worker for file hash cache (C:\Users\InfoTungston\Downloads\HealthApp-Mobile\android\.gradle\9.0.0\fileHashes)" [_thread_blocked, id=12956, stack(0x00000097c8b00000,0x00000097c8c00000)]
  0x0000020dd58da2c0 JavaThread "Cache worker for Build Output Cleanup Cache (C:\Users\InfoTungston\Downloads\HealthApp-Mobile\android\.gradle\buildOutputCleanup)" [_thread_blocked, id=20660, stack(0x00000097c8c00000,0x00000097c8d00000)]
  0x0000020dd58dace0 JavaThread "Cache worker for checksums cache (C:\Users\InfoTungston\Downloads\HealthApp-Mobile\android\.gradle\9.0.0\checksums)" [_thread_blocked, id=10332, stack(0x00000097c9b00000,0x00000097c9c00000)]
  0x0000020dd58dd050 JavaThread "Cache worker for cache directory md-supplier (C:\Users\InfoTungston\.gradle\caches\9.0.0\md-supplier)" [_thread_blocked, id=20652, stack(0x00000097c9c00000,0x00000097c9d00000)]
  0x0000020dd58dd560 JavaThread "Cache worker for cache directory md-rule (C:\Users\InfoTungston\.gradle\caches\9.0.0\md-rule)" [_thread_blocked, id=12464, stack(0x00000097c9f00000,0x00000097ca000000)]
  0x0000020dd58dbc10 JavaThread "Cache worker for Build Output Cleanup Cache (C:\Users\InfoTungston\Downloads\HealthApp-Mobile\node_modules\@react-native\gradle-plugin\.gradle\buildOutputCleanup)" [_thread_blocked, id=10840, stack(0x00000097ca100000,0x00000097ca200000)]
  0x0000020dd58db1f0 JavaThread "Unconstrained build operations" [_thread_blocked, id=27192, stack(0x00000097ca200000,0x00000097ca300000)]
  0x0000020dd9844320 JavaThread "Unconstrained build operations Thread 2" [_thread_blocked, id=2040, stack(0x00000097ca400000,0x00000097ca500000)]
  0x0000020dd9841aa0 JavaThread "Unconstrained build operations Thread 3" [_thread_blocked, id=6684, stack(0x00000097ca500000,0x00000097ca600000)]
  0x0000020dd98433f0 JavaThread "Unconstrained build operations Thread 4" [_thread_blocked, id=6864, stack(0x00000097ca600000,0x00000097ca700000)]
  0x0000020dd9844830 JavaThread "Unconstrained build operations Thread 5" [_thread_blocked, id=3112, stack(0x00000097ca800000,0x00000097ca900000)]
  0x0000020dd9841fb0 JavaThread "Unconstrained build operations Thread 6" [_thread_blocked, id=4252, stack(0x00000097ca900000,0x00000097caa00000)]
  0x0000020dd9843900 JavaThread "Unconstrained build operations Thread 7" [_thread_blocked, id=8984, stack(0x00000097caa00000,0x00000097cab00000)]
  0x0000020dd9843e10 JavaThread "Unconstrained build operations Thread 8" [_thread_blocked, id=20752, stack(0x00000097cab00000,0x00000097cac00000)]
  0x0000020dd98429d0 JavaThread "Unconstrained build operations Thread 9" [_thread_blocked, id=28572, stack(0x00000097cad00000,0x00000097cae00000)]
  0x0000020de39871f0 JavaThread "Unconstrained build operations Thread 10" [_thread_blocked, id=16700, stack(0x00000097cae00000,0x00000097caf00000)]
  0x0000020de3987700 JavaThread "Unconstrained build operations Thread 11" [_thread_blocked, id=12212, stack(0x00000097caf00000,0x00000097cb000000)]
  0x0000020de3985db0 JavaThread "Unconstrained build operations Thread 12" [_thread_blocked, id=20716, stack(0x00000097cb000000,0x00000097cb100000)]
  0x0000020de39867d0 JavaThread "Unconstrained build operations Thread 13" [_thread_blocked, id=13964, stack(0x00000097cb100000,0x00000097cb200000)]
  0x0000020de3986ce0 JavaThread "Unconstrained build operations Thread 14" [_thread_blocked, id=26408, stack(0x00000097cb200000,0x00000097cb300000)]
  0x0000020dd653bba0 JavaThread "Unconstrained build operations Thread 15" [_thread_blocked, id=27024, stack(0x00000097cb300000,0x00000097cb400000)]
  0x0000020dd653c0b0 JavaThread "Unconstrained build operations Thread 16" [_thread_blocked, id=16780, stack(0x00000097cb400000,0x00000097cb500000)]
  0x0000020dd653d4f0 JavaThread "Unconstrained build operations Thread 17" [_thread_blocked, id=28456, stack(0x00000097cb500000,0x00000097cb600000)]
  0x0000020dd653b180 JavaThread "Unconstrained build operations Thread 18" [_thread_blocked, id=24372, stack(0x00000097cb600000,0x00000097cb700000)]
  0x0000020dd653ac70 JavaThread "Unconstrained build operations Thread 19" [_thread_blocked, id=26908, stack(0x00000097cb700000,0x00000097cb800000)]
  0x0000020de24985c0 JavaThread "Unconstrained build operations Thread 20" [_thread_blocked, id=25452, stack(0x00000097cb800000,0x00000097cb900000)]
  0x0000020de2499f10 JavaThread "Unconstrained build operations Thread 21" [_thread_blocked, id=28528, stack(0x00000097cb900000,0x00000097cba00000)]
  0x0000020de249a930 JavaThread "Unconstrained build operations Thread 22" [_thread_blocked, id=25244, stack(0x00000097cba00000,0x00000097cbb00000)]
  0x0000020de249b350 JavaThread "Unconstrained build operations Thread 23" [_thread_blocked, id=22316, stack(0x00000097cbb00000,0x00000097cbc00000)]
  0x0000020de2498fe0 JavaThread "Unconstrained build operations Thread 24" [_thread_blocked, id=3360, stack(0x00000097cbc00000,0x00000097cbd00000)]
  0x0000020de24994f0 JavaThread "Unconstrained build operations Thread 25" [_thread_blocked, id=24076, stack(0x00000097cbd00000,0x00000097cbe00000)]
  0x0000020dd8b6c210 JavaThread "Unconstrained build operations Thread 26" [_thread_blocked, id=28568, stack(0x00000097cbe00000,0x00000097cbf00000)]
  0x0000020dd8b6c720 JavaThread "Unconstrained build operations Thread 27" [_thread_blocked, id=27392, stack(0x00000097cbf00000,0x00000097cc000000)]
  0x0000020dd8b6cc30 JavaThread "Unconstrained build operations Thread 28" [_thread_blocked, id=27184, stack(0x00000097cc000000,0x00000097cc100000)]
  0x0000020dd8b6b2e0 JavaThread "Unconstrained build operations Thread 29" [_thread_blocked, id=26632, stack(0x00000097cc100000,0x00000097cc200000)]
  0x0000020dd8b6b7f0 JavaThread "Unconstrained build operations Thread 30" [_thread_blocked, id=27720, stack(0x00000097cc200000,0x00000097cc300000)]
  0x0000020dd1d2c390 JavaThread "Unconstrained build operations Thread 31" [_thread_blocked, id=2060, stack(0x00000097cc300000,0x00000097cc400000)]
  0x0000020de279d460 JavaThread "Unconstrained build operations Thread 32" [_thread_blocked, id=25008, stack(0x00000097cc400000,0x00000097cc500000)]
  0x0000020de2799cb0 JavaThread "Unconstrained build operations Thread 33" [_thread_blocked, id=5392, stack(0x00000097cc500000,0x00000097cc600000)]
  0x0000020de279cf50 JavaThread "Unconstrained build operations Thread 34" [_thread_blocked, id=20376, stack(0x00000097cc900000,0x00000097cca00000)]
  0x0000020de0236cd0 JavaThread "build event listener" [_thread_blocked, id=12916, stack(0x00000097ccb00000,0x00000097ccc00000)]
  0x0000020dd4fac240 JavaThread "ForkJoinPool.commonPool-worker-103" daemon [_thread_blocked, id=15212, stack(0x00000097cd300000,0x00000097cd400000)]
  0x0000020de0239a60 JavaThread "ForkJoinPool.commonPool-worker-102" daemon [_thread_blocked, id=25108, stack(0x00000097cd400000,0x00000097cd500000)]
  0x0000020de0fcd810 JavaThread "ForkJoinPool.commonPool-worker-101" daemon [_thread_blocked, id=24872, stack(0x00000097cd500000,0x00000097cd600000)]
  0x0000020de0fcaa80 JavaThread "included builds" [_thread_blocked, id=28316, stack(0x00000097cd600000,0x00000097cd700000)]
  0x0000020dd27376e0 JavaThread "Execution worker" [_thread_blocked, id=26772, stack(0x00000097cd700000,0x00000097cd800000)]
  0x0000020dd2736cc0 JavaThread "Execution worker Thread 2" [_thread_blocked, id=9444, stack(0x00000097cd800000,0x00000097cd900000)]
  0x0000020dd2738100 JavaThread "Execution worker Thread 3" [_thread_blocked, id=11880, stack(0x00000097cd900000,0x00000097cda00000)]
  0x0000020ddfb399c0 JavaThread "Execution worker Thread 4" [_thread_blocked, id=24928, stack(0x00000097cda00000,0x00000097cdb00000)]
  0x0000020ddf4f9c30 JavaThread "Cache worker for execution history cache (C:\Users\InfoTungston\Downloads\HealthApp-Mobile\node_modules\@react-native\gradle-plugin\.gradle\9.0.0\executionHistory)" [_thread_blocked, id=5176, stack(0x00000097cdb00000,0x00000097cdc00000)]
  0x0000020ddfb37650 JavaThread "Execution worker Thread 5" [_thread_blocked, id=14708, stack(0x00000097cdc00000,0x00000097cdd00000)]
  0x0000020ddfb38070 JavaThread "Execution worker Thread 6" [_thread_blocked, id=2064, stack(0x00000097cdd00000,0x00000097cde00000)]
  0x0000020ddfb3ae00 JavaThread "Execution worker Thread 7" [_thread_blocked, id=4612, stack(0x00000097cde00000,0x00000097cdf00000)]
  0x0000020ddfb38580 JavaThread "Execution worker Thread 8" [_thread_blocked, id=26820, stack(0x00000097cdf00000,0x00000097ce000000)]
  0x0000020ddfb38a90 JavaThread "Execution worker Thread 9" [_thread_blocked, id=9732, stack(0x00000097ce000000,0x00000097ce100000)]
  0x0000020ddfb39ed0 JavaThread "Execution worker Thread 10" [_thread_blocked, id=26716, stack(0x00000097ce100000,0x00000097ce200000)]
  0x0000020ddfb37b60 JavaThread "Execution worker Thread 11" [_thread_blocked, id=20728, stack(0x00000097ce200000,0x00000097ce300000)]
  0x0000020ddfb3a8f0 JavaThread "Execution worker Thread 12" [_thread_blocked, id=14080, stack(0x00000097ce300000,0x00000097ce400000)]
  0x0000020ddfb394b0 JavaThread "Execution worker Thread 13" [_thread_blocked, id=2324, stack(0x00000097ce400000,0x00000097ce500000)]
  0x0000020ddfb3a3e0 JavaThread "Execution worker Thread 14" [_thread_blocked, id=25948, stack(0x00000097ce500000,0x00000097ce600000)]
  0x0000020dd3513ec0 JavaThread "Execution worker Thread 15" [_thread_blocked, id=28076, stack(0x00000097ce600000,0x00000097ce700000)]
  0x0000020ddf4f87f0 JavaThread "Unconstrained build operations Thread 35" [_thread_blocked, id=21772, stack(0x00000097ce700000,0x00000097ce800000)]
  0x0000020dd2737bf0 JavaThread "Unconstrained build operations Thread 36" [_thread_blocked, id=28084, stack(0x00000097ce800000,0x00000097ce900000)]
  0x0000020dd2735d90 JavaThread "Unconstrained build operations Thread 37" [_thread_blocked, id=19916, stack(0x00000097ce900000,0x00000097cea00000)]
  0x0000020dd2738610 JavaThread "Unconstrained build operations Thread 38" [_thread_blocked, id=28064, stack(0x00000097cea00000,0x00000097ceb00000)]
  0x0000020dd2734e60 JavaThread "Unconstrained build operations Thread 39" [_thread_blocked, id=21052, stack(0x00000097ceb00000,0x00000097cec00000)]
  0x0000020dd27367b0 JavaThread "Unconstrained build operations Thread 40" [_thread_blocked, id=27924, stack(0x00000097cec00000,0x00000097ced00000)]
  0x0000020dd2735880 JavaThread "Unconstrained build operations Thread 41" [_thread_blocked, id=5600, stack(0x00000097ced00000,0x00000097cee00000)]
  0x0000020dd27362a0 JavaThread "Unconstrained build operations Thread 42" [_thread_blocked, id=27768, stack(0x00000097cee00000,0x00000097cef00000)]
  0x0000020dd685c260 JavaThread "Unconstrained build operations Thread 43" [_thread_blocked, id=240, stack(0x00000097cef00000,0x00000097cf000000)]
  0x0000020dd685cc80 JavaThread "Unconstrained build operations Thread 44" [_thread_blocked, id=10812, stack(0x00000097cf000000,0x00000097cf100000)]
  0x0000020dd685d190 JavaThread "Unconstrained build operations Thread 45" [_thread_blocked, id=25608, stack(0x00000097cf100000,0x00000097cf200000)]
  0x0000020dd685ae20 JavaThread "Unconstrained build operations Thread 46" [_thread_blocked, id=3396, stack(0x00000097cf200000,0x00000097cf300000)]
  0x0000020dd685e0c0 JavaThread "Unconstrained build operations Thread 47" [_thread_blocked, id=2948, stack(0x00000097cf300000,0x00000097cf400000)]
  0x0000020dd685c770 JavaThread "Unconstrained build operations Thread 48" [_thread_blocked, id=27692, stack(0x00000097cf400000,0x00000097cf500000)]
  0x0000020dd685d6a0 JavaThread "Unconstrained build operations Thread 49" [_thread_blocked, id=3528, stack(0x00000097cf500000,0x00000097cf600000)]
  0x0000020dd685b330 JavaThread "Unconstrained build operations Thread 50" [_thread_blocked, id=28508, stack(0x00000097cf600000,0x00000097cf700000)]
  0x0000020dd685b840 JavaThread "Unconstrained build operations Thread 51" [_thread_blocked, id=28000, stack(0x00000097cf700000,0x00000097cf800000)]
  0x0000020dd685dbb0 JavaThread "Unconstrained build operations Thread 52" [_thread_blocked, id=28116, stack(0x00000097cf800000,0x00000097cf900000)]
  0x0000020dd685e5d0 JavaThread "Unconstrained build operations Thread 53" [_thread_blocked, id=7352, stack(0x00000097cf900000,0x00000097cfa00000)]
  0x0000020ddee8b7e0 JavaThread "Unconstrained build operations Thread 54" [_thread_blocked, id=24284, stack(0x00000097cfa00000,0x00000097cfb00000)]
  0x0000020dd4faa8f0 JavaThread "Unconstrained build operations Thread 55" [_thread_blocked, id=22388, stack(0x00000097cfb00000,0x00000097cfc00000)]
  0x0000020dd4facc60 JavaThread "Unconstrained build operations Thread 56" [_thread_blocked, id=26328, stack(0x00000097cfc00000,0x00000097cfd00000)]
  0x0000020dd4fae0a0 JavaThread "Unconstrained build operations Thread 57" [_thread_blocked, id=25908, stack(0x00000097cfd00000,0x00000097cfe00000)]
  0x0000020dd4faae00 JavaThread "Unconstrained build operations Thread 58" [_thread_blocked, id=18620, stack(0x00000097cfe00000,0x00000097cff00000)]
  0x0000020dd4fab310 JavaThread "Unconstrained build operations Thread 59" [_thread_blocked, id=24704, stack(0x00000097cff00000,0x00000097d0000000)]
  0x0000020dd653c5c0 JavaThread "Unconstrained build operations Thread 60" [_thread_blocked, id=20816, stack(0x00000097d0000000,0x00000097d0100000)]
  0x0000020dd653b690 JavaThread "Unconstrained build operations Thread 61" [_thread_blocked, id=10680, stack(0x00000097d0100000,0x00000097d0200000)]
  0x0000020dd653cad0 JavaThread "Unconstrained build operations Thread 62" [_thread_blocked, id=26692, stack(0x00000097d0200000,0x00000097d0300000)]
  0x0000020dd653cfe0 JavaThread "Unconstrained build operations Thread 63" [_thread_blocked, id=3988, stack(0x00000097d0300000,0x00000097d0400000)]
  0x0000020dd653da00 JavaThread "Unconstrained build operations Thread 64" [_thread_blocked, id=27220, stack(0x00000097d0400000,0x00000097d0500000)]
  0x0000020dd9742880 JavaThread "Unconstrained build operations Thread 65" [_thread_blocked, id=6136, stack(0x00000097d0500000,0x00000097d0600000)]
  0x0000020dd97432a0 JavaThread "Unconstrained build operations Thread 66" [_thread_blocked, id=16012, stack(0x00000097d0600000,0x00000097d0700000)]
  0x0000020dd9740510 JavaThread "Unconstrained build operations Thread 67" [_thread_blocked, id=26212, stack(0x00000097d0700000,0x00000097d0800000)]
  0x0000020dd97437b0 JavaThread "Unconstrained build operations Thread 68" [_thread_blocked, id=12592, stack(0x00000097d0800000,0x00000097d0900000)]
  0x0000020dd9740a20 JavaThread "Unconstrained build operations Thread 69" [_thread_blocked, id=27168, stack(0x00000097d0900000,0x00000097d0a00000)]
  0x0000020dd9740f30 JavaThread "Unconstrained build operations Thread 70" [_thread_blocked, id=18092, stack(0x00000097d0a00000,0x00000097d0b00000)]
  0x0000020dd9741440 JavaThread "Unconstrained build operations Thread 71" [_thread_blocked, id=23840, stack(0x00000097d0b00000,0x00000097d0c00000)]
  0x0000020dd9742370 JavaThread "Unconstrained build operations Thread 72" [_thread_blocked, id=27064, stack(0x00000097d0c00000,0x00000097d0d00000)]
  0x0000020dd9741950 JavaThread "Unconstrained build operations Thread 73" [_thread_blocked, id=20520, stack(0x00000097d0d00000,0x00000097d0e00000)]
  0x0000020dd9742d90 JavaThread "Unconstrained build operations Thread 74" [_thread_blocked, id=10788, stack(0x00000097d0e00000,0x00000097d0f00000)]
  0x0000020dd3c2e700 JavaThread "Unconstrained build operations Thread 75" [_thread_blocked, id=18448, stack(0x00000097d0f00000,0x00000097d1000000)]
  0x0000020dd3c2ec10 JavaThread "Unconstrained build operations Thread 76" [_thread_blocked, id=17892, stack(0x00000097d1000000,0x00000097d1100000)]
  0x0000020db12a2bd0 JavaThread "Unconstrained build operations Thread 77" [_thread_blocked, id=3056, stack(0x00000097d1100000,0x00000097d1200000)]
  0x0000020db12a5960 JavaThread "Unconstrained build operations Thread 78" [_thread_blocked, id=15204, stack(0x00000097d1200000,0x00000097d1300000)]
  0x0000020db12a35f0 JavaThread "Unconstrained build operations Thread 79" [_thread_blocked, id=12336, stack(0x00000097d1300000,0x00000097d1400000)]
  0x0000020db12a5e70 JavaThread "Unconstrained build operations Thread 80" [_thread_blocked, id=19428, stack(0x00000097d1400000,0x00000097d1500000)]
  0x0000020db12a26c0 JavaThread "Unconstrained build operations Thread 81" [_thread_blocked, id=25248, stack(0x00000097d1600000,0x00000097d1700000)]
  0x0000020db12a30e0 JavaThread "Unconstrained build operations Thread 82" [_thread_blocked, id=19612, stack(0x00000097d1700000,0x00000097d1800000)]
  0x0000020db12a4520 JavaThread "Unconstrained build operations Thread 83" [_thread_blocked, id=19420, stack(0x00000097d1800000,0x00000097d1900000)]
  0x0000020db12a3b00 JavaThread "Unconstrained build operations Thread 84" [_thread_blocked, id=25964, stack(0x00000097d1900000,0x00000097d1a00000)]
  0x0000020db12a4a30 JavaThread "Unconstrained build operations Thread 85" [_thread_blocked, id=28336, stack(0x00000097d1a00000,0x00000097d1b00000)]
  0x0000020db12a5450 JavaThread "Unconstrained build operations Thread 86" [_thread_blocked, id=22540, stack(0x00000097d1b00000,0x00000097d1c00000)]
  0x0000020de0fca060 JavaThread "Unconstrained build operations Thread 87" [_thread_blocked, id=27176, stack(0x00000097d1c00000,0x00000097d1d00000)]
  0x0000020de0fcb9b0 JavaThread "Unconstrained build operations Thread 88" [_thread_blocked, id=7564, stack(0x00000097d1d00000,0x00000097d1e00000)]
  0x0000020de0fcc8e0 JavaThread "Unconstrained build operations Thread 89" [_thread_blocked, id=27580, stack(0x00000097d1e00000,0x00000097d1f00000)]
  0x0000020de0fcc3d0 JavaThread "Unconstrained build operations Thread 90" [_thread_blocked, id=1716, stack(0x00000097d1f00000,0x00000097d2000000)]
  0x0000020de0fcaf90 JavaThread "Unconstrained build operations Thread 91" [_thread_blocked, id=19592, stack(0x00000097d2000000,0x00000097d2100000)]
  0x0000020de0fccdf0 JavaThread "Unconstrained build operations Thread 92" [_thread_blocked, id=3736, stack(0x00000097d2100000,0x00000097d2200000)]
  0x0000020de0fcbec0 JavaThread "Unconstrained build operations Thread 93" [_thread_blocked, id=10364, stack(0x00000097d2200000,0x00000097d2300000)]
  0x0000020de0fcd300 JavaThread "Unconstrained build operations Thread 94" [_thread_blocked, id=3324, stack(0x00000097d2300000,0x00000097d2400000)]
  0x0000020de47aaec0 JavaThread "Unconstrained build operations Thread 95" [_thread_blocked, id=26904, stack(0x00000097d2400000,0x00000097d2500000)]
  0x0000020de47aa4a0 JavaThread "Unconstrained build operations Thread 96" [_thread_blocked, id=23804, stack(0x00000097d2500000,0x00000097d2600000)]
  0x0000020de47aa9b0 JavaThread "Unconstrained build operations Thread 97" [_thread_blocked, id=27188, stack(0x00000097d2600000,0x00000097d2700000)]
  0x0000020de47ab3d0 JavaThread "Unconstrained build operations Thread 98" [_thread_blocked, id=26428, stack(0x00000097d2700000,0x00000097d2800000)]
  0x0000020de47abdf0 JavaThread "Unconstrained build operations Thread 99" [_thread_blocked, id=6112, stack(0x00000097d2800000,0x00000097d2900000)]
  0x0000020de47a9f90 JavaThread "Unconstrained build operations Thread 100" [_thread_blocked, id=26252, stack(0x00000097d2900000,0x00000097d2a00000)]
  0x0000020de47a9060 JavaThread "Unconstrained build operations Thread 101" [_thread_blocked, id=6768, stack(0x00000097d2a00000,0x00000097d2b00000)]
  0x0000020dd3c2d2c0 JavaThread "Unconstrained build operations Thread 102" [_thread_blocked, id=2644, stack(0x00000097d2b00000,0x00000097d2c00000)]
  0x0000020dd3c2c8a0 JavaThread "Unconstrained build operations Thread 103" [_thread_blocked, id=24112, stack(0x00000097d2c00000,0x00000097d2d00000)]
  0x0000020dd3c2d7d0 JavaThread "Unconstrained build operations Thread 104" [_thread_blocked, id=25096, stack(0x00000097d2d00000,0x00000097d2e00000)]
  0x0000020dd3c2e1f0 JavaThread "Unconstrained build operations Thread 105" [_thread_blocked, id=19232, stack(0x00000097d2e00000,0x00000097d2f00000)]
  0x0000020dd3c2f120 JavaThread "Unconstrained build operations Thread 106" [_thread_blocked, id=17792, stack(0x00000097d2f00000,0x00000097d3000000)]
  0x0000020dd3c2dce0 JavaThread "Unconstrained build operations Thread 107" [_thread_blocked, id=28524, stack(0x00000097d3000000,0x00000097d3100000)]
  0x0000020dd3c2f630 JavaThread "Unconstrained build operations Thread 108" [_thread_blocked, id=9464, stack(0x00000097d3100000,0x00000097d3200000)]
  0x0000020dd3c2cdb0 JavaThread "Unconstrained build operations Thread 109" [_thread_blocked, id=21436, stack(0x00000097d3200000,0x00000097d3300000)]
  0x0000020de1932f70 JavaThread "Unconstrained build operations Thread 110" [_thread_blocked, id=22304, stack(0x00000097d3300000,0x00000097d3400000)]
  0x0000020de1933480 JavaThread "Unconstrained build operations Thread 111" [_thread_blocked, id=27908, stack(0x00000097d3400000,0x00000097d3500000)]
  0x0000020de40ba920 JavaThread "Unconstrained build operations Thread 112" [_thread_blocked, id=7512, stack(0x00000097d3500000,0x00000097d3600000)]
  0x0000020de40bae30 JavaThread "Unconstrained build operations Thread 113" [_thread_blocked, id=27764, stack(0x00000097d3600000,0x00000097d3700000)]
  0x0000020de40bc270 JavaThread "Unconstrained build operations Thread 114" [_thread_blocked, id=22448, stack(0x00000097d3700000,0x00000097d3800000)]
  0x0000020de40bb850 JavaThread "Unconstrained build operations Thread 115" [_thread_blocked, id=4972, stack(0x00000097d3900000,0x00000097d3a00000)]
  0x0000020de40bd6b0 JavaThread "Unconstrained build operations Thread 116" [_thread_blocked, id=28496, stack(0x00000097d3a00000,0x00000097d3b00000)]
  0x0000020de40bdbc0 JavaThread "build event listener" [_thread_blocked, id=17832, stack(0x00000097d3c00000,0x00000097d3d00000)]
  0x0000020de40ba410 JavaThread "Problems report writer" [_thread_blocked, id=11224, stack(0x00000097d3d00000,0x00000097d3e00000)]
  0x0000020de40bc780 JavaThread "Unconstrained build operations Thread 117" [_thread_blocked, id=27540, stack(0x00000097d3e00000,0x00000097d3f00000)]
  0x0000020de40bcc90 JavaThread "Unconstrained build operations Thread 118" [_thread_blocked, id=23676, stack(0x00000097d3f00000,0x00000097d4000000)]
  0x0000020de40bd1a0 JavaThread "Unconstrained build operations Thread 119" [_thread_blocked, id=9752, stack(0x00000097d4000000,0x00000097d4100000)]
  0x0000020de40bb340 JavaThread "Unconstrained build operations Thread 120" [_thread_blocked, id=17820, stack(0x00000097d4100000,0x00000097d4200000)]
  0x0000020de40bbd60 JavaThread "Unconstrained build operations Thread 121" [_thread_blocked, id=14092, stack(0x00000097d4200000,0x00000097d4300000)]
  0x0000020dd613b3d0 JavaThread "Unconstrained build operations Thread 122" [_thread_blocked, id=15356, stack(0x00000097d4300000,0x00000097d4400000)]
  0x0000020dd6139570 JavaThread "Unconstrained build operations Thread 123" [_thread_blocked, id=15244, stack(0x00000097d4400000,0x00000097d4500000)]
  0x0000020de279a6d0 JavaThread "Unconstrained build operations Thread 124" [_thread_blocked, id=5132, stack(0x00000097d4500000,0x00000097d4600000)]
  0x0000020de279a1c0 JavaThread "Unconstrained build operations Thread 125" [_thread_blocked, id=19512, stack(0x00000097d4600000,0x00000097d4700000)]
  0x0000020de279abe0 JavaThread "Unconstrained build operations Thread 126" [_thread_blocked, id=27900, stack(0x00000097d4700000,0x00000097d4800000)]
  0x0000020dd613a9b0 JavaThread "Unconstrained build operations Thread 127" [_thread_blocked, id=15032, stack(0x00000097d4800000,0x00000097d4900000)]
  0x0000020dd613c300 JavaThread "Unconstrained build operations Thread 128" [_thread_blocked, id=28632, stack(0x00000097d4900000,0x00000097d4a00000)]
  0x0000020dd613bdf0 JavaThread "Unconstrained build operations Thread 129" [_thread_blocked, id=21528, stack(0x00000097d4d00000,0x00000097d4e00000)]
  0x0000020dd613cd20 JavaThread "Unconstrained build operations Thread 130" [_thread_blocked, id=27916, stack(0x00000097d4e00000,0x00000097d4f00000)]
  0x0000020dd6139a80 JavaThread "Unconstrained build operations Thread 131" [_thread_blocked, id=27228, stack(0x00000097d4f00000,0x00000097d5000000)]
  0x0000020dd613aec0 JavaThread "Unconstrained build operations Thread 132" [_thread_blocked, id=10468, stack(0x00000097d5000000,0x00000097d5100000)]
  0x0000020dd6139f90 JavaThread "Unconstrained build operations Thread 133" [_thread_blocked, id=9384, stack(0x00000097d5100000,0x00000097d5200000)]
  0x0000020dd613c810 JavaThread "Unconstrained build operations Thread 134" [_thread_blocked, id=26452, stack(0x00000097d5200000,0x00000097d5300000)]
  0x0000020dd613a4a0 JavaThread "Unconstrained build operations Thread 135" [_thread_blocked, id=19080, stack(0x00000097d5300000,0x00000097d5400000)]
  0x0000020dd613b8e0 JavaThread "Unconstrained build operations Thread 136" [_thread_blocked, id=4448, stack(0x00000097d5400000,0x00000097d5500000)]
  0x0000020de03c28b0 JavaThread "Unconstrained build operations Thread 137" [_thread_blocked, id=22672, stack(0x00000097d5500000,0x00000097d5600000)]
  0x0000020de03c4200 JavaThread "Unconstrained build operations Thread 138" [_thread_blocked, id=28080, stack(0x00000097d5600000,0x00000097d5700000)]
  0x0000020de03c1e90 JavaThread "Unconstrained build operations Thread 139" [_thread_blocked, id=4352, stack(0x00000097d5800000,0x00000097d5900000)]
  0x0000020de03c4710 JavaThread "Unconstrained build operations Thread 140" [_thread_blocked, id=5184, stack(0x00000097d5900000,0x00000097d5a00000)]
  0x0000020de03c4c20 JavaThread "Unconstrained build operations Thread 141" [_thread_blocked, id=6940, stack(0x00000097d5a00000,0x00000097d5b00000)]
  0x0000020de03c1470 JavaThread "Unconstrained build operations Thread 142" [_thread_blocked, id=23352, stack(0x00000097d5b00000,0x00000097d5c00000)]
  0x0000020de03c32d0 JavaThread "Unconstrained build operations Thread 143" [_thread_blocked, id=28352, stack(0x00000097d5c00000,0x00000097d5d00000)]
  0x0000020de03c3cf0 JavaThread "Unconstrained build operations Thread 144" [_thread_blocked, id=11832, stack(0x00000097d5d00000,0x00000097d5e00000)]
  0x0000020de03c1980 JavaThread "Unconstrained build operations Thread 145" [_thread_blocked, id=28216, stack(0x00000097d5e00000,0x00000097d5f00000)]
  0x0000020de03c23a0 JavaThread "Unconstrained build operations Thread 146" [_thread_blocked, id=26912, stack(0x00000097d5f00000,0x00000097d6000000)]
  0x0000020de03c37e0 JavaThread "Unconstrained build operations Thread 147" [_thread_blocked, id=28480, stack(0x00000097d6000000,0x00000097d6100000)]
  0x0000020de03c2dc0 JavaThread "Unconstrained build operations Thread 148" [_thread_blocked, id=22004, stack(0x00000097d6100000,0x00000097d6200000)]
  0x0000020de3b0e3e0 JavaThread "Unconstrained build operations Thread 149" [_thread_blocked, id=23056, stack(0x00000097d6200000,0x00000097d6300000)]
  0x0000020de3b0c070 JavaThread "Unconstrained build operations Thread 150" [_thread_blocked, id=3456, stack(0x00000097d6300000,0x00000097d6400000)]
  0x0000020de3b0bb60 JavaThread "Unconstrained build operations Thread 151" [_thread_blocked, id=19380, stack(0x00000097d6600000,0x00000097d6700000)]
  0x0000020de3b0d9c0 JavaThread "Unconstrained build operations Thread 152" [_thread_blocked, id=6020, stack(0x00000097d6700000,0x00000097d6800000)]
  0x0000020de3b0c580 JavaThread "Unconstrained build operations Thread 153" [_thread_blocked, id=22200, stack(0x00000097d6800000,0x00000097d6900000)]
  0x0000020de279b600 JavaThread "Unconstrained build operations Thread 154" [_thread_blocked, id=7572, stack(0x00000097d6900000,0x00000097d6a00000)]
  0x0000020de279bb10 JavaThread "Unconstrained build operations Thread 155" [_thread_blocked, id=23216, stack(0x00000097d8600000,0x00000097d8700000)]
  0x0000020de279ca40 JavaThread "Unconstrained build operations Thread 156" [_thread_blocked, id=780, stack(0x00000097d8800000,0x00000097d8900000)]
  0x0000020de279b0f0 JavaThread "Unconstrained build operations Thread 157" [_thread_blocked, id=26832, stack(0x00000097d8900000,0x00000097d8a00000)]
  0x0000020de279c020 JavaThread "Unconstrained build operations Thread 158" [_thread_blocked, id=28228, stack(0x00000097d8a00000,0x00000097d8b00000)]
  0x0000020de279c530 JavaThread "Unconstrained build operations Thread 159" [_thread_blocked, id=28668, stack(0x00000097d8c00000,0x00000097d8d00000)]
  0x0000020dd1d2b970 JavaThread "Unconstrained build operations Thread 160" [_thread_blocked, id=9080, stack(0x00000097d8d00000,0x00000097d8e00000)]
  0x0000020de3b0ca90 JavaThread "pool-33-thread-1" [_thread_blocked, id=6680, stack(0x00000097d5700000,0x00000097d5800000)]
  0x0000020de3b0ee00 JavaThread "build event listener" [_thread_blocked, id=28196, stack(0x00000097d8e00000,0x00000097d8f00000)]
  0x0000020dd7667a60 JavaThread "Cache worker for execution history cache (C:\Users\InfoTungston\Downloads\HealthApp-Mobile\android\.gradle\9.0.0\executionHistory)" [_thread_blocked, id=14804, stack(0x00000097d8f00000,0x00000097d9000000)]
  0x0000020db13aecf0 JavaThread "WorkerExecutor Queue" [_thread_blocked, id=26696, stack(0x00000097ca700000,0x00000097ca800000)]
  0x0000020dd35ef500 JavaThread "WorkerExecutor Queue Thread 2" [_thread_blocked, id=9760, stack(0x00000097d3b00000,0x00000097d3c00000)]
  0x0000020dd3516c50 JavaThread "WorkerExecutor Queue Thread 3" [_thread_blocked, id=14588, stack(0x00000097d9000000,0x00000097d9100000)]
  0x0000020dd35143d0 JavaThread "WorkerExecutor Queue Thread 5" [_thread_blocked, id=5708, stack(0x00000097d9200000,0x00000097d9300000)]
  0x0000020db12a4010 JavaThread "WorkerExecutor Queue Thread 6" [_thread_blocked, id=25712, stack(0x00000097d9300000,0x00000097d9400000)]
  0x0000020dd35ee5d0 JavaThread "WorkerExecutor Queue Thread 7" [_thread_blocked, id=8172, stack(0x00000097d9400000,0x00000097d9500000)]
  0x0000020de47a9570 JavaThread "WorkerExecutor Queue Thread 8" [_thread_blocked, id=25220, stack(0x00000097d9500000,0x00000097d9600000)]
  0x0000020db13afc20 JavaThread "WorkerExecutor Queue Thread 9" [_thread_blocked, id=26664, stack(0x00000097d9600000,0x00000097d9700000)]
  0x0000020de02371e0 JavaThread "WorkerExecutor Queue Thread 11" [_thread_blocked, id=27496, stack(0x00000097d9800000,0x00000097d9900000)]
  0x0000020de15ba4e0 JavaThread "WorkerExecutor Queue Thread 12" [_thread_blocked, id=1844, stack(0x00000097d9900000,0x00000097d9a00000)]
  0x0000020dd92c3070 JavaThread "WorkerExecutor Queue Thread 13" [_thread_in_native, id=8576, stack(0x00000097d9a00000,0x00000097d9b00000)]
  0x0000020dd7667f70 JavaThread "WorkerExecutor Queue Thread 14" [_thread_blocked, id=4720, stack(0x00000097da100000,0x00000097da200000)]
  0x0000020dd7668480 JavaThread "WorkerExecutor Queue Thread 15" [_thread_blocked, id=6428, stack(0x00000097da200000,0x00000097da300000)]
  0x0000020dd76693b0 JavaThread "WorkerExecutor Queue Thread 16" [_thread_in_native, id=27756, stack(0x00000097da300000,0x00000097da400000)]
  0x0000020de15b95b0 JavaThread "WorkerExecutor Queue Thread 17" [_thread_blocked, id=27800, stack(0x00000097da000000,0x00000097da100000)]
  0x0000020dd76698c0 JavaThread "pool-34-thread-1" [_thread_blocked, id=24692, stack(0x00000097da500000,0x00000097da600000)]
  0x0000020dd7669dd0 JavaThread "stderr" [_thread_in_native, id=26264, stack(0x00000097da600000,0x00000097da700000)]
  0x0000020dd766a2e0 JavaThread "stdout" [_thread_in_native, id=24652, stack(0x00000097da700000,0x00000097da800000)]
  0x0000020dd35eeae0 JavaThread "Build operations" [_thread_blocked, id=25324, stack(0x00000097d9f00000,0x00000097da000000)]
  0x0000020dd35ed190 JavaThread "Build operations Thread 2" [_thread_blocked, id=10052, stack(0x00000097da400000,0x00000097da500000)]
  0x0000020dd35ee0c0 JavaThread "Build operations Thread 3" [_thread_blocked, id=28452, stack(0x00000097da800000,0x00000097da900000)]
  0x0000020dd35eeff0 JavaThread "Build operations Thread 4" [_thread_blocked, id=6584, stack(0x00000097da900000,0x00000097daa00000)]
  0x0000020dd35ebd50 JavaThread "Build operations Thread 5" [_thread_blocked, id=20788, stack(0x00000097daa00000,0x00000097dab00000)]
  0x0000020dd35ecc80 JavaThread "Build operations Thread 6" [_thread_blocked, id=27240, stack(0x00000097dab00000,0x00000097dac00000)]
  0x0000020dd35ed6a0 JavaThread "Build operations Thread 7" [_thread_blocked, id=25888, stack(0x00000097dac00000,0x00000097dad00000)]
  0x0000020dd35edbb0 JavaThread "Build operations Thread 8" [_thread_blocked, id=27832, stack(0x00000097dae00000,0x00000097daf00000)]
  0x0000020dd35ec260 JavaThread "Build operations Thread 9" [_thread_blocked, id=8780, stack(0x00000097daf00000,0x00000097db000000)]
  0x0000020dd35ec770 JavaThread "Build operations Thread 10" [_thread_blocked, id=17572, stack(0x00000097db000000,0x00000097db100000)]
  0x0000020ddec6eac0 JavaThread "Build operations Thread 11" [_thread_blocked, id=25408, stack(0x00000097db100000,0x00000097db200000)]
  0x0000020ddec6efd0 JavaThread "Build operations Thread 12" [_thread_blocked, id=24728, stack(0x00000097db200000,0x00000097db300000)]
  0x0000020ddec6f4e0 JavaThread "Build operations Thread 13" [_thread_blocked, id=26292, stack(0x00000097db300000,0x00000097db400000)]
  0x0000020ddec6f9f0 JavaThread "Build operations Thread 14" [_thread_blocked, id=2664, stack(0x00000097db400000,0x00000097db500000)]
  0x0000020ddec72270 JavaThread "Build operations Thread 15" [_thread_blocked, id=1220, stack(0x00000097db500000,0x00000097db600000)]
  0x0000020dd4fab820 JavaThread "Build operations Thread 16" [_thread_blocked, id=18968, stack(0x00000097d9100000,0x00000097d9200000)]
  0x0000020ddec70920 JavaThread "RMI GC Daemon" daemon [_thread_blocked, id=27784, stack(0x00000097db800000,0x00000097db900000)]
  0x0000020dd3515d20 JavaThread "RMI Reaper" [_thread_blocked, id=5652, stack(0x00000097d9c00000,0x00000097d9d00000)]
  0x0000020de02376f0 JavaThread "RMI TCP Connection(41)-127.0.0.1" daemon [_thread_in_native, id=15732, stack(0x00000097d9e00000,0x00000097d9f00000)]
  0x0000020ddf4f8d00 JavaThread "RMI RenewClean-[127.0.0.1:17701,org.jetbrains.kotlin.daemon.common.LoopbackNetworkInterface$ClientLoopbackSocketFactory@244bc55d]" daemon [_thread_blocked, id=17484, stack(0x00000097dba00000,0x00000097dbb00000)]
  0x0000020de47ac300 JavaThread "RMI TCP Connection(idle)" daemon [_thread_blocked, id=13592, stack(0x00000097dbb00000,0x00000097dbc00000)]
  0x0000020db13ae7e0 JavaThread "RMI TCP Connection(43)-127.0.0.1" daemon [_thread_in_native, id=2628, stack(0x00000097dbe00000,0x00000097dbf00000)]
  0x0000020dd92c58f0 JavaThread "RMI RenewClean-[127.0.0.1:17701,org.jetbrains.kotlin.daemon.common.LoopbackNetworkInterface$ClientLoopbackSocketFactory@3d9c2333]" daemon [_thread_blocked, id=5092, stack(0x00000097dbc00000,0x00000097dbd00000)]
  0x0000020de47ac810 JavaThread "RMI TCP Connection(idle)" daemon [_thread_blocked, id=9980, stack(0x00000097dbf00000,0x00000097dc000000)]
  0x0000020dd3516740 JavaThread "WorkerExecutor Queue Thread 18" [_thread_blocked, id=9708, stack(0x00000097dc000000,0x00000097dc100000)]
  0x0000020de4fbf0c0 JavaThread "C2 CompilerThread1" daemon [_thread_in_native, id=23460, stack(0x00000097c8700000,0x00000097c8800000)]
  0x0000020dd1a6f070 JavaThread "C2 CompilerThread2" daemon [_thread_in_native, id=20072, stack(0x00000097cd200000,0x00000097cd300000)]
  0x0000020de15b9ac0 JavaThread "ForkJoinPool-1-worker-1" daemon [_thread_blocked, id=23164, stack(0x00000097d9700000,0x00000097d9800000)]
  0x0000020de15b7240 JavaThread "ForkJoinPool-1-worker-2" daemon [_thread_blocked, id=26828, stack(0x00000097db600000,0x00000097db700000)]
  0x0000020de34514d0 JavaThread "C2 CompilerThread3" daemon [_thread_in_native, id=23420, stack(0x00000097db700000,0x00000097db800000)]
  0x0000020de15b9fd0 JavaThread "ForkJoinPool-1-worker-3" daemon [_thread_in_vm, id=17816, stack(0x00000097db900000,0x00000097dba00000)]
  0x0000020dd3515300 JavaThread "ForkJoinPool-1-worker-4" daemon [_thread_blocked, id=8188, stack(0x00000097dbd00000,0x00000097dbe00000)]
  0x0000020dd4fac750 JavaThread "ForkJoinPool-1-worker-5" daemon [_thread_blocked, id=28380, stack(0x00000097d9b00000,0x00000097d9c00000)]
  0x0000020ddec6ff00 JavaThread "ForkJoinPool-1-worker-6" daemon [_thread_blocked, id=5276, stack(0x00000097dc100000,0x00000097dc200000)]
  0x0000020dd4fabd30 JavaThread "ForkJoinPool-1-worker-7" daemon [_thread_blocked, id=23816, stack(0x00000097dc200000,0x00000097dc300000)]
  0x0000020de15b90a0 JavaThread "ForkJoinPool-1-worker-8" daemon [_thread_blocked, id=25140, stack(0x00000097dc300000,0x00000097dc400000)]
  0x0000020ddeb91ff0 JavaThread "ForkJoinPool-1-worker-9" daemon [_thread_blocked, id=28580, stack(0x00000097dc400000,0x00000097dc500000)]
  0x0000020de3b4bc10 JavaThread "ForkJoinPool-1-worker-10" daemon [_thread_blocked, id=19628, stack(0x00000097dc500000,0x00000097dc600000)]
  0x0000020ddfad4ae0 JavaThread "ForkJoinPool-1-worker-11" daemon [_thread_in_Java, id=24048, stack(0x00000097dc600000,0x00000097dc700000)]
  0x0000020dd4fad170 JavaThread "ForkJoinPool-1-worker-12" daemon [_thread_in_Java, id=27708, stack(0x00000097dc700000,0x00000097dc800000)]
  0x0000020dd7327f80 JavaThread "ForkJoinPool-1-worker-13" daemon [_thread_in_Java, id=12404, stack(0x00000097dc800000,0x00000097dc900000)]
  0x0000020de0239f70 JavaThread "ForkJoinPool-1-worker-14" daemon [_thread_in_vm, id=5944, stack(0x00000097dc900000,0x00000097dca00000)]
  0x0000020de15b8170 JavaThread "ForkJoinPool-1-worker-15" daemon [_thread_blocked, id=17688, stack(0x00000097dca00000,0x00000097dcb00000)]
  0x0000020de3b4c120 JavaThread "ForkJoinPool-1-worker-16" daemon [_thread_in_Java, id=26260, stack(0x00000097dcb00000,0x00000097dcc00000)]
  0x0000020dde43a120 JavaThread "C1 CompilerThread1" daemon [_thread_in_native, id=27888, stack(0x00000097dcc00000,0x00000097dcd00000)]
  0x0000020dde43a670 JavaThread "C1 CompilerThread2" daemon [_thread_in_native, id=28108, stack(0x00000097dcd00000,0x00000097dce00000)]
  0x0000020dde43b110 JavaThread "C1 CompilerThread3" daemon [_thread_in_native, id=5840, stack(0x00000097dce00000,0x00000097dcf00000)]

Other Threads:
  0x0000020db03e4fd0 VMThread "VM Thread" [stack: 0x00000097c6e00000,0x00000097c6f00000] [id=5364]
  0x0000020d920ba450 WatcherThread [stack: 0x00000097c7e00000,0x00000097c7f00000] [id=24480]
  0x0000020d92113e70 GCTaskThread "GC Thread#0" [stack: 0x00000097c6900000,0x00000097c6a00000] [id=16704]
  0x0000020db14c3940 GCTaskThread "GC Thread#1" [stack: 0x00000097c8100000,0x00000097c8200000] [id=9372]
  0x0000020db14c3c00 GCTaskThread "GC Thread#2" [stack: 0x00000097c8200000,0x00000097c8300000] [id=12740]
  0x0000020db16dcc70 GCTaskThread "GC Thread#3" [stack: 0x00000097c8300000,0x00000097c8400000] [id=10616]
  0x0000020db16dcf30 GCTaskThread "GC Thread#4" [stack: 0x00000097c8400000,0x00000097c8500000] [id=9460]
  0x0000020dd2404280 GCTaskThread "GC Thread#5" [stack: 0x00000097c8d00000,0x00000097c8e00000] [id=14920]
  0x0000020db1ae35f0 GCTaskThread "GC Thread#6" [stack: 0x00000097c8e00000,0x00000097c8f00000] [id=21944]
  0x0000020db11f1bd0 GCTaskThread "GC Thread#7" [stack: 0x00000097c8f00000,0x00000097c9000000] [id=13952]
  0x0000020db16220c0 GCTaskThread "GC Thread#8" [stack: 0x00000097c9000000,0x00000097c9100000] [id=12064]
  0x0000020dd2282260 GCTaskThread "GC Thread#9" [stack: 0x00000097c9100000,0x00000097c9200000] [id=13528]
  0x0000020dd2450060 GCTaskThread "GC Thread#10" [stack: 0x00000097c9200000,0x00000097c9300000] [id=12268]
  0x0000020db146cab0 GCTaskThread "GC Thread#11" [stack: 0x00000097c9300000,0x00000097c9400000] [id=5724]
  0x0000020dd2434e40 GCTaskThread "GC Thread#12" [stack: 0x00000097c9400000,0x00000097c9500000] [id=2312]
  0x0000020d921279b0 ConcurrentGCThread "G1 Main Marker" [stack: 0x00000097c6a00000,0x00000097c6b00000] [id=22092]
  0x0000020d92128a80 ConcurrentGCThread "G1 Conc#0" [stack: 0x00000097c6b00000,0x00000097c6c00000] [id=9200]
  0x0000020dd112f9a0 ConcurrentGCThread "G1 Conc#1" [stack: 0x00000097c9900000,0x00000097c9a00000] [id=19936]
  0x0000020dd1130760 ConcurrentGCThread "G1 Conc#2" [stack: 0x00000097c9a00000,0x00000097c9b00000] [id=18664]
  0x0000020d9215e210 ConcurrentGCThread "G1 Refine#0" [stack: 0x00000097c6c00000,0x00000097c6d00000] [id=21972]
  0x0000020dd6fed4a0 ConcurrentGCThread "G1 Refine#1" [stack: 0x00000097d7b00000,0x00000097d7c00000] [id=26304]
  0x0000020dd44f7b40 ConcurrentGCThread "G1 Refine#2" [stack: 0x00000097d7c00000,0x00000097d7d00000] [id=26300]
  0x0000020dd3f8b730 ConcurrentGCThread "G1 Refine#3" [stack: 0x00000097d7000000,0x00000097d7100000] [id=3616]
  0x0000020dd43320a0 ConcurrentGCThread "G1 Refine#4" [stack: 0x00000097d7500000,0x00000097d7600000] [id=9668]
  0x0000020dd40c2230 ConcurrentGCThread "G1 Refine#5" [stack: 0x00000097c6600000,0x00000097c6700000] [id=4624]
  0x0000020de1786800 ConcurrentGCThread "G1 Refine#6" [stack: 0x00000097c6700000,0x00000097c6800000] [id=23708]
  0x0000020dde5f8690 ConcurrentGCThread "G1 Refine#7" [stack: 0x00000097c7b00000,0x00000097c7c00000] [id=6384]
  0x0000020dd694f470 ConcurrentGCThread "G1 Refine#8" [stack: 0x00000097c7c00000,0x00000097c7d00000] [id=14604]
  0x0000020dde5f77e0 ConcurrentGCThread "G1 Refine#9" [stack: 0x00000097d6a00000,0x00000097d6b00000] [id=28420]
  0x0000020dde5f83a0 ConcurrentGCThread "G1 Refine#10" [stack: 0x00000097d6c00000,0x00000097d6d00000] [id=19160]
  0x0000020d9215e9f0 ConcurrentGCThread "G1 Service" [stack: 0x00000097c6d00000,0x00000097c6e00000] [id=21028]

Threads with active compile tasks:
C2 CompilerThread0  16632801 60837 % !   4       com.android.tools.r8.dex.a::b @ 1585 (3650 bytes)
C1 CompilerThread0  16632811 60898       3       com.android.tools.r8.internal.Nn::a (3327 bytes)
C2 CompilerThread1  16632820 60883   !   4       java.lang.invoke.InnerClassLambdaMetafactory::generateInnerClass (618 bytes)
C2 CompilerThread2  16632822 60911       4       com.android.tools.r8.graph.K0::o0 (86 bytes)
C2 CompilerThread3  16632824 60902       4       com.android.tools.r8.graph.X0$a::<init> (41 bytes)
C1 CompilerThread1  16632824 61045       3       com.android.tools.r8.dex.A::<init> (1778 bytes)
C1 CompilerThread2  16632825 61093       3       com.android.tools.r8.graph.K0$b$$Lambda$6485/0x0000020db48954e0::apply (8 bytes)
C1 CompilerThread3  16632825 61103       2       com.android.tools.r8.internal.jF::b (146 bytes)

VM state: not at safepoint (normal execution)

VM Mutex/Monitor currently owned by a thread:  ([mutex/lock_event])
[0x0000020d8fe55110] CodeCache_lock - owner thread: 0x0000020dde43a120
[0x0000020d920b5910] Compile_lock - owner thread: 0x0000020dde43a120
[0x0000020d920b4050] MethodCompileQueue_lock - owner thread: 0x0000020dde43a120

Heap address: 0x0000000080000000, size: 2048 MB, Compressed Oops mode: 32-bit

CDS archive(s) mapped at: [0x0000020db2000000-0x0000020db2bb0000-0x0000020db2bb0000), size 12255232, SharedBaseAddress: 0x0000020db2000000, ArchiveRelocationMode: 1.
Compressed class space mapped at: 0x0000020db3000000-0x0000020dcd000000, reserved size: 436207616
Narrow klass base: 0x0000020db2000000, Narrow klass shift: 0, Narrow klass range: 0x100000000

GC Precious Log:
 CPUs: 16 total, 16 available
 Memory: 15661M
 Large Page Support: Disabled
 NUMA Support: Disabled
 Compressed Oops: Enabled (32-bit)
 Heap Region Size: 1M
 Heap Min Capacity: 8M
 Heap Initial Capacity: 246M
 Heap Max Capacity: 2G
 Pre-touch: Disabled
 Parallel Workers: 13
 Concurrent Workers: 3
 Concurrent Refinement Workers: 13
 Periodic GC: Disabled

Heap:
 garbage-first heap   total 911360K, used 595962K [0x0000000080000000, 0x0000000100000000)
  region size 1024K, 185 young (189440K), 16 survivors (16384K)
 Metaspace       used 205818K, committed 209280K, reserved 622592K
  class space    used 27581K, committed 29248K, reserved 425984K

Heap Regions: E=young(eden), S=young(survivor), O=old, HS=humongous(starts), HC=humongous(continues), CS=collection set, F=free, OA=open archive, CA=closed archive, TAMS=top-at-mark-start (previous, next)
|   0|0x0000000080000000, 0x0000000080100000, 0x0000000080100000|100%|HS|  |TAMS 0x0000000080100000, 0x0000000080000000| Complete 
|   1|0x0000000080100000, 0x0000000080200000, 0x0000000080200000|100%|HC|  |TAMS 0x0000000080200000, 0x0000000080100000| Complete 
|   2|0x0000000080200000, 0x0000000080300000, 0x0000000080300000|100%|HC|  |TAMS 0x0000000080300000, 0x0000000080200000| Complete 
|   3|0x0000000080300000, 0x0000000080400000, 0x0000000080400000|100%| O|  |TAMS 0x0000000080400000, 0x0000000080300000| Untracked 
|   4|0x0000000080400000, 0x0000000080500000, 0x0000000080500000|100%| O|  |TAMS 0x0000000080500000, 0x0000000080400000| Untracked 
|   5|0x0000000080500000, 0x00000000805e8a78, 0x0000000080600000| 90%| O|  |TAMS 0x00000000805e8a78, 0x0000000080500000| Untracked 
|   6|0x0000000080600000, 0x0000000080700000, 0x0000000080700000|100%|HS|  |TAMS 0x0000000080700000, 0x0000000080600000| Complete 
|   7|0x0000000080700000, 0x00000000807ffff0, 0x0000000080800000| 99%| O|  |TAMS 0x00000000807ffff0, 0x0000000080700000| Untracked 
|   8|0x0000000080800000, 0x0000000080900000, 0x0000000080900000|100%| O|  |TAMS 0x0000000080900000, 0x0000000080800000| Untracked 
|   9|0x0000000080900000, 0x00000000809fffd0, 0x0000000080a00000| 99%| O|  |TAMS 0x00000000809fffd0, 0x0000000080900000| Untracked 
|  10|0x0000000080a00000, 0x0000000080b00000, 0x0000000080b00000|100%| O|  |TAMS 0x0000000080b00000, 0x0000000080a00000| Untracked 
|  11|0x0000000080b00000, 0x0000000080c00000, 0x0000000080c00000|100%| O|  |TAMS 0x0000000080c00000, 0x0000000080b00000| Untracked 
|  12|0x0000000080c00000, 0x0000000080d00000, 0x0000000080d00000|100%| O|  |TAMS 0x0000000080d00000, 0x0000000080c00000| Untracked 
|  13|0x0000000080d00000, 0x0000000080dffff8, 0x0000000080e00000| 99%| O|  |TAMS 0x0000000080dffff8, 0x0000000080d00000| Untracked 
|  14|0x0000000080e00000, 0x0000000080efffb8, 0x0000000080f00000| 99%| O|  |TAMS 0x0000000080efffb8, 0x0000000080e00000| Untracked 
|  15|0x0000000080f00000, 0x0000000080ffffe8, 0x0000000081000000| 99%| O|  |TAMS 0x0000000080ffffe8, 0x0000000080f00000| Untracked 
|  16|0x0000000081000000, 0x00000000810ffff8, 0x0000000081100000| 99%| O|  |TAMS 0x00000000810ffff8, 0x0000000081000000| Untracked 
|  17|0x0000000081100000, 0x0000000081200000, 0x0000000081200000|100%| O|  |TAMS 0x0000000081200000, 0x0000000081100000| Untracked 
|  18|0x0000000081200000, 0x0000000081300000, 0x0000000081300000|100%| O|  |TAMS 0x0000000081300000, 0x0000000081200000| Untracked 
|  19|0x0000000081300000, 0x00000000813fffc0, 0x0000000081400000| 99%| O|  |TAMS 0x00000000813fffc0, 0x0000000081300000| Untracked 
|  20|0x0000000081400000, 0x00000000814ffff0, 0x0000000081500000| 99%| O|  |TAMS 0x00000000814ffff0, 0x0000000081400000| Untracked 
|  21|0x0000000081500000, 0x00000000815fffd8, 0x0000000081600000| 99%| O|  |TAMS 0x00000000815fffd8, 0x0000000081500000| Untracked 
|  22|0x0000000081600000, 0x00000000816ffff8, 0x0000000081700000| 99%| O|  |TAMS 0x00000000816ffff8, 0x0000000081600000| Untracked 
|  23|0x0000000081700000, 0x00000000817ffff8, 0x0000000081800000| 99%| O|  |TAMS 0x00000000817ffff8, 0x0000000081700000| Untracked 
|  24|0x0000000081800000, 0x00000000818ffff0, 0x0000000081900000| 99%| O|  |TAMS 0x00000000818ffff0, 0x0000000081800000| Untracked 
|  25|0x0000000081900000, 0x00000000819fd508, 0x0000000081a00000| 98%| O|  |TAMS 0x00000000819fd508, 0x0000000081900000| Untracked 
|  26|0x0000000081a00000, 0x0000000081aff398, 0x0000000081b00000| 99%| O|  |TAMS 0x0000000081aff398, 0x0000000081a00000| Untracked 
|  27|0x0000000081b00000, 0x0000000081c00000, 0x0000000081c00000|100%| O|  |TAMS 0x0000000081c00000, 0x0000000081b00000| Untracked 
|  28|0x0000000081c00000, 0x0000000081cfffe8, 0x0000000081d00000| 99%| O|  |TAMS 0x0000000081cfffe8, 0x0000000081c00000| Untracked 
|  29|0x0000000081d00000, 0x0000000081dfff68, 0x0000000081e00000| 99%| O|  |TAMS 0x0000000081dfff68, 0x0000000081d00000| Untracked 
|  30|0x0000000081e00000, 0x0000000081effb98, 0x0000000081f00000| 99%| O|  |TAMS 0x0000000081effb98, 0x0000000081e00000| Untracked 
|  31|0x0000000081f00000, 0x0000000081fffff0, 0x0000000082000000| 99%| O|  |TAMS 0x0000000081fffff0, 0x0000000081f00000| Untracked 
|  32|0x0000000082000000, 0x00000000820ffff8, 0x0000000082100000| 99%| O|  |TAMS 0x00000000820ffff8, 0x0000000082000000| Untracked 
|  33|0x0000000082100000, 0x0000000082200000, 0x0000000082200000|100%| O|  |TAMS 0x0000000082200000, 0x0000000082100000| Untracked 
|  34|0x0000000082200000, 0x00000000822ffff8, 0x0000000082300000| 99%| O|  |TAMS 0x00000000822ffff8, 0x0000000082200000| Untracked 
|  35|0x0000000082300000, 0x00000000823fffe0, 0x0000000082400000| 99%| O|  |TAMS 0x00000000823fffe0, 0x0000000082300000| Untracked 
|  36|0x0000000082400000, 0x0000000082500000, 0x0000000082500000|100%|HS|  |TAMS 0x0000000082500000, 0x0000000082400000| Complete 
|  37|0x0000000082500000, 0x0000000082600000, 0x0000000082600000|100%|HC|  |TAMS 0x0000000082600000, 0x0000000082500000| Complete 
|  38|0x0000000082600000, 0x0000000082700000, 0x0000000082700000|100%|HC|  |TAMS 0x0000000082700000, 0x0000000082600000| Complete 
|  39|0x0000000082700000, 0x0000000082800000, 0x0000000082800000|100%|HS|  |TAMS 0x0000000082800000, 0x0000000082700000| Complete 
|  40|0x0000000082800000, 0x0000000082900000, 0x0000000082900000|100%|HC|  |TAMS 0x0000000082900000, 0x0000000082800000| Complete 
|  41|0x0000000082900000, 0x0000000082a00000, 0x0000000082a00000|100%|HC|  |TAMS 0x0000000082a00000, 0x0000000082900000| Complete 
|  42|0x0000000082a00000, 0x0000000082affff8, 0x0000000082b00000| 99%| O|  |TAMS 0x0000000082affff8, 0x0000000082a00000| Untracked 
|  43|0x0000000082b00000, 0x0000000082c00000, 0x0000000082c00000|100%| O|  |TAMS 0x0000000082c00000, 0x0000000082b00000| Untracked 
|  44|0x0000000082c00000, 0x0000000082cffff8, 0x0000000082d00000| 99%| O|  |TAMS 0x0000000082cffff8, 0x0000000082c00000| Untracked 
|  45|0x0000000082d00000, 0x0000000082dffff8, 0x0000000082e00000| 99%| O|  |TAMS 0x0000000082dffff8, 0x0000000082d00000| Untracked 
|  46|0x0000000082e00000, 0x0000000082efffc8, 0x0000000082f00000| 99%| O|  |TAMS 0x0000000082efffc8, 0x0000000082e00000| Untracked 
|  47|0x0000000082f00000, 0x0000000082fffff0, 0x0000000083000000| 99%| O|  |TAMS 0x0000000082fffff0, 0x0000000082f00000| Untracked 
|  48|0x0000000083000000, 0x00000000830ffff8, 0x0000000083100000| 99%| O|  |TAMS 0x00000000830ffff8, 0x0000000083000000| Untracked 
|  49|0x0000000083100000, 0x0000000083200000, 0x0000000083200000|100%| O|  |TAMS 0x0000000083200000, 0x0000000083100000| Untracked 
|  50|0x0000000083200000, 0x00000000832ffff8, 0x0000000083300000| 99%| O|  |TAMS 0x00000000832ffff8, 0x0000000083200000| Untracked 
|  51|0x0000000083300000, 0x00000000833fffe8, 0x0000000083400000| 99%| O|  |TAMS 0x00000000833fffe8, 0x0000000083300000| Untracked 
|  52|0x0000000083400000, 0x0000000083500000, 0x0000000083500000|100%| O|  |TAMS 0x0000000083500000, 0x0000000083400000| Untracked 
|  53|0x0000000083500000, 0x00000000835fffa0, 0x0000000083600000| 99%| O|  |TAMS 0x00000000835fffa0, 0x0000000083500000| Untracked 
|  54|0x0000000083600000, 0x0000000083691288, 0x0000000083700000| 56%| O|  |TAMS 0x0000000083691288, 0x0000000083600000| Untracked 
|  55|0x0000000083700000, 0x00000000837fffe0, 0x0000000083800000| 99%| O|  |TAMS 0x00000000837fffe0, 0x0000000083700000| Untracked 
|  56|0x0000000083800000, 0x00000000838d9cc8, 0x0000000083900000| 85%| O|  |TAMS 0x00000000838d9cc8, 0x0000000083800000| Untracked 
|  57|0x0000000083900000, 0x00000000839de860, 0x0000000083a00000| 86%| O|  |TAMS 0x00000000839de860, 0x0000000083900000| Untracked 
|  58|0x0000000083a00000, 0x0000000083affff0, 0x0000000083b00000| 99%| O|  |TAMS 0x0000000083affff0, 0x0000000083a00000| Untracked 
|  59|0x0000000083b00000, 0x0000000083bfffd0, 0x0000000083c00000| 99%| O|  |TAMS 0x0000000083bfffd0, 0x0000000083b00000| Untracked 
|  60|0x0000000083c00000, 0x0000000083cf5610, 0x0000000083d00000| 95%| O|  |TAMS 0x0000000083cf5610, 0x0000000083c00000| Untracked 
|  61|0x0000000083d00000, 0x0000000083dfffe8, 0x0000000083e00000| 99%| O|  |TAMS 0x0000000083dfffe8, 0x0000000083d00000| Untracked 
|  62|0x0000000083e00000, 0x0000000083effff8, 0x0000000083f00000| 99%| O|  |TAMS 0x0000000083effff8, 0x0000000083e00000| Untracked 
|  63|0x0000000083f00000, 0x0000000084000000, 0x0000000084000000|100%|HS|  |TAMS 0x0000000084000000, 0x0000000083f00000| Complete 
|  64|0x0000000084000000, 0x0000000084100000, 0x0000000084100000|100%|HS|  |TAMS 0x0000000084100000, 0x0000000084000000| Complete 
|  65|0x0000000084100000, 0x0000000084200000, 0x0000000084200000|100%|HS|  |TAMS 0x0000000084200000, 0x0000000084100000| Complete 
|  66|0x0000000084200000, 0x00000000842ffff8, 0x0000000084300000| 99%| O|  |TAMS 0x00000000842ffff8, 0x0000000084200000| Untracked 
|  67|0x0000000084300000, 0x00000000843ffff8, 0x0000000084400000| 99%| O|  |TAMS 0x00000000843ffff8, 0x0000000084300000| Untracked 
|  68|0x0000000084400000, 0x00000000844f4e38, 0x0000000084500000| 95%| O|  |TAMS 0x00000000844f4e38, 0x0000000084400000| Untracked 
|  69|0x0000000084500000, 0x00000000845fffb8, 0x0000000084600000| 99%| O|  |TAMS 0x00000000845fffb8, 0x0000000084500000| Untracked 
|  70|0x0000000084600000, 0x0000000084700000, 0x0000000084700000|100%|HS|  |TAMS 0x0000000084700000, 0x0000000084600000| Complete 
|  71|0x0000000084700000, 0x0000000084800000, 0x0000000084800000|100%| O|  |TAMS 0x0000000084800000, 0x0000000084700000| Untracked 
|  72|0x0000000084800000, 0x00000000848fcc48, 0x0000000084900000| 98%| O|  |TAMS 0x00000000848fcc48, 0x0000000084800000| Untracked 
|  73|0x0000000084900000, 0x0000000084977d08, 0x0000000084a00000| 46%| O|  |TAMS 0x0000000084977d08, 0x0000000084900000| Untracked 
|  74|0x0000000084a00000, 0x0000000084afffc8, 0x0000000084b00000| 99%| O|  |TAMS 0x0000000084afffc8, 0x0000000084a00000| Untracked 
|  75|0x0000000084b00000, 0x0000000084bfffb8, 0x0000000084c00000| 99%| O|  |TAMS 0x0000000084bfffb8, 0x0000000084b00000| Untracked 
|  76|0x0000000084c00000, 0x0000000084d00000, 0x0000000084d00000|100%| O|  |TAMS 0x0000000084d00000, 0x0000000084c00000| Untracked 
|  77|0x0000000084d00000, 0x0000000084dfffe0, 0x0000000084e00000| 99%| O|  |TAMS 0x0000000084dfffe0, 0x0000000084d00000| Untracked 
|  78|0x0000000084e00000, 0x0000000084ef93c8, 0x0000000084f00000| 97%| O|  |TAMS 0x0000000084ef93c8, 0x0000000084e00000| Untracked 
|  79|0x0000000084f00000, 0x0000000085000000, 0x0000000085000000|100%| O|  |TAMS 0x0000000085000000, 0x0000000084f00000| Untracked 
|  80|0x0000000085000000, 0x00000000850f83a0, 0x0000000085100000| 96%| O|  |TAMS 0x00000000850f83a0, 0x0000000085000000| Untracked 
|  81|0x0000000085100000, 0x0000000085200000, 0x0000000085200000|100%| O|  |TAMS 0x0000000085200000, 0x0000000085100000| Untracked 
|  82|0x0000000085200000, 0x00000000852fffc8, 0x0000000085300000| 99%| O|  |TAMS 0x00000000852fffc8, 0x0000000085200000| Untracked 
|  83|0x0000000085300000, 0x0000000085400000, 0x0000000085400000|100%| O|  |TAMS 0x0000000085400000, 0x0000000085300000| Untracked 
|  84|0x0000000085400000, 0x00000000854ffff0, 0x0000000085500000| 99%| O|  |TAMS 0x00000000854ffff0, 0x0000000085400000| Untracked 
|  85|0x0000000085500000, 0x00000000855ffff0, 0x0000000085600000| 99%| O|  |TAMS 0x00000000855ffff0, 0x0000000085500000| Untracked 
|  86|0x0000000085600000, 0x00000000856ffff0, 0x0000000085700000| 99%| O|  |TAMS 0x00000000856ffff0, 0x0000000085600000| Untracked 
|  87|0x0000000085700000, 0x0000000085800000, 0x0000000085800000|100%|HS|  |TAMS 0x0000000085800000, 0x0000000085700000| Complete 
|  88|0x0000000085800000, 0x00000000858fd488, 0x0000000085900000| 98%| O|  |TAMS 0x00000000858fd488, 0x0000000085800000| Untracked 
|  89|0x0000000085900000, 0x0000000085a00000, 0x0000000085a00000|100%|HS|  |TAMS 0x0000000085a00000, 0x0000000085900000| Complete 
|  90|0x0000000085a00000, 0x0000000085b00000, 0x0000000085b00000|100%| O|  |TAMS 0x0000000085b00000, 0x0000000085a00000| Untracked 
|  91|0x0000000085b00000, 0x0000000085be1568, 0x0000000085c00000| 88%| O|  |TAMS 0x0000000085be1568, 0x0000000085b00000| Untracked 
|  92|0x0000000085c00000, 0x0000000085d00000, 0x0000000085d00000|100%| O|  |TAMS 0x0000000085d00000, 0x0000000085c00000| Untracked 
|  93|0x0000000085d00000, 0x0000000085dffff0, 0x0000000085e00000| 99%| O|  |TAMS 0x0000000085dffff0, 0x0000000085d00000| Untracked 
|  94|0x0000000085e00000, 0x0000000085efffc0, 0x0000000085f00000| 99%| O|  |TAMS 0x0000000085efffc0, 0x0000000085e00000| Untracked 
|  95|0x0000000085f00000, 0x0000000086000000, 0x0000000086000000|100%| O|  |TAMS 0x0000000086000000, 0x0000000085f00000| Untracked 
|  96|0x0000000086000000, 0x00000000860ffff0, 0x0000000086100000| 99%| O|  |TAMS 0x00000000860ffff0, 0x0000000086000000| Untracked 
|  97|0x0000000086100000, 0x00000000861fd410, 0x0000000086200000| 98%| O|  |TAMS 0x00000000861fd410, 0x0000000086100000| Untracked 
|  98|0x0000000086200000, 0x00000000862fc4b8, 0x0000000086300000| 98%| O|  |TAMS 0x00000000862fc4b8, 0x0000000086200000| Untracked 
|  99|0x0000000086300000, 0x00000000863ffff8, 0x0000000086400000| 99%| O|  |TAMS 0x00000000863ffff8, 0x0000000086300000| Untracked 
| 100|0x0000000086400000, 0x00000000864fe6a8, 0x0000000086500000| 99%| O|  |TAMS 0x00000000864fe6a8, 0x0000000086400000| Untracked 
| 101|0x0000000086500000, 0x00000000865ffff8, 0x0000000086600000| 99%| O|  |TAMS 0x00000000865ffff8, 0x0000000086500000| Untracked 
| 102|0x0000000086600000, 0x0000000086700000, 0x0000000086700000|100%|HS|  |TAMS 0x0000000086700000, 0x0000000086600000| Complete 
| 103|0x0000000086700000, 0x0000000086800000, 0x0000000086800000|100%|HS|  |TAMS 0x0000000086800000, 0x0000000086700000| Complete 
| 104|0x0000000086800000, 0x0000000086900000, 0x0000000086900000|100%|HC|  |TAMS 0x0000000086900000, 0x0000000086800000| Complete 
| 105|0x0000000086900000, 0x0000000086a00000, 0x0000000086a00000|100%|HC|  |TAMS 0x0000000086a00000, 0x0000000086900000| Complete 
| 106|0x0000000086a00000, 0x0000000086afde48, 0x0000000086b00000| 99%| O|  |TAMS 0x0000000086afde48, 0x0000000086a00000| Untracked 
| 107|0x0000000086b00000, 0x0000000086bfffb8, 0x0000000086c00000| 99%| O|  |TAMS 0x0000000086bfffb8, 0x0000000086b00000| Untracked 
| 108|0x0000000086c00000, 0x0000000086cffff0, 0x0000000086d00000| 99%| O|  |TAMS 0x0000000086cffff0, 0x0000000086c00000| Untracked 
| 109|0x0000000086d00000, 0x0000000086e00000, 0x0000000086e00000|100%| O|  |TAMS 0x0000000086e00000, 0x0000000086d00000| Untracked 
| 110|0x0000000086e00000, 0x0000000086f00000, 0x0000000086f00000|100%| O|  |TAMS 0x0000000086f00000, 0x0000000086e00000| Untracked 
| 111|0x0000000086f00000, 0x0000000086ffffd8, 0x0000000087000000| 99%| O|  |TAMS 0x0000000086ffffd8, 0x0000000086f00000| Untracked 
| 112|0x0000000087000000, 0x0000000087100000, 0x0000000087100000|100%| O|  |TAMS 0x0000000087100000, 0x0000000087000000| Untracked 
| 113|0x0000000087100000, 0x00000000871ffff8, 0x0000000087200000| 99%| O|  |TAMS 0x00000000871ffff8, 0x0000000087100000| Untracked 
| 114|0x0000000087200000, 0x00000000872fd510, 0x0000000087300000| 98%| O|  |TAMS 0x00000000872fd510, 0x0000000087200000| Untracked 
| 115|0x0000000087300000, 0x0000000087400000, 0x0000000087400000|100%|HS|  |TAMS 0x0000000087400000, 0x0000000087300000| Complete 
| 116|0x0000000087400000, 0x0000000087500000, 0x0000000087500000|100%|HS|  |TAMS 0x0000000087500000, 0x0000000087400000| Complete 
| 117|0x0000000087500000, 0x0000000087600000, 0x0000000087600000|100%|HS|  |TAMS 0x0000000087600000, 0x0000000087500000| Complete 
| 118|0x0000000087600000, 0x00000000876ff6c0, 0x0000000087700000| 99%| O|  |TAMS 0x00000000876ff6c0, 0x0000000087600000| Untracked 
| 119|0x0000000087700000, 0x0000000087800000, 0x0000000087800000|100%| O|  |TAMS 0x0000000087800000, 0x0000000087700000| Untracked 
| 120|0x0000000087800000, 0x00000000878fffe0, 0x0000000087900000| 99%| O|  |TAMS 0x00000000878fffe0, 0x0000000087800000| Untracked 
| 121|0x0000000087900000, 0x00000000879fffb8, 0x0000000087a00000| 99%| O|  |TAMS 0x00000000879fffb8, 0x0000000087900000| Untracked 
| 122|0x0000000087a00000, 0x0000000087affff0, 0x0000000087b00000| 99%| O|  |TAMS 0x0000000087affff0, 0x0000000087a00000| Untracked 
| 123|0x0000000087b00000, 0x0000000087bffff8, 0x0000000087c00000| 99%| O|  |TAMS 0x0000000087bffff8, 0x0000000087b00000| Untracked 
| 124|0x0000000087c00000, 0x0000000087cfffd8, 0x0000000087d00000| 99%| O|  |TAMS 0x0000000087cfffd8, 0x0000000087c00000| Untracked 
| 125|0x0000000087d00000, 0x0000000087dfffe8, 0x0000000087e00000| 99%| O|  |TAMS 0x0000000087dfffe8, 0x0000000087d00000| Untracked 
| 126|0x0000000087e00000, 0x0000000087effff0, 0x0000000087f00000| 99%| O|  |TAMS 0x0000000087effff0, 0x0000000087e00000| Untracked 
| 127|0x0000000087f00000, 0x0000000087fffff0, 0x0000000088000000| 99%| O|  |TAMS 0x0000000087fffff0, 0x0000000087f00000| Untracked 
| 128|0x0000000088000000, 0x00000000880fffd0, 0x0000000088100000| 99%| O|  |TAMS 0x00000000880fffd0, 0x0000000088000000| Untracked 
| 129|0x0000000088100000, 0x00000000881ffff0, 0x0000000088200000| 99%| O|  |TAMS 0x00000000881ffff0, 0x0000000088100000| Untracked 
| 130|0x0000000088200000, 0x00000000882fffe8, 0x0000000088300000| 99%| O|  |TAMS 0x00000000882fffe8, 0x0000000088200000| Untracked 
| 131|0x0000000088300000, 0x00000000883fffa0, 0x0000000088400000| 99%| O|  |TAMS 0x00000000883fffa0, 0x0000000088300000| Untracked 
| 132|0x0000000088400000, 0x00000000884fffe8, 0x0000000088500000| 99%| O|  |TAMS 0x00000000884fffe8, 0x0000000088400000| Untracked 
| 133|0x0000000088500000, 0x00000000885fffc8, 0x0000000088600000| 99%| O|  |TAMS 0x00000000885fffc8, 0x0000000088500000| Complete 
| 134|0x0000000088600000, 0x0000000088700000, 0x0000000088700000|100%| O|  |TAMS 0x0000000088700000, 0x0000000088600000| Untracked 
| 135|0x0000000088700000, 0x0000000088800000, 0x0000000088800000|100%| O|  |TAMS 0x0000000088800000, 0x0000000088700000| Untracked 
| 136|0x0000000088800000, 0x0000000088900000, 0x0000000088900000|100%| O|  |TAMS 0x0000000088900000, 0x0000000088800000| Untracked 
| 137|0x0000000088900000, 0x00000000889f3e98, 0x0000000088a00000| 95%| O|  |TAMS 0x00000000889f3e98, 0x0000000088900000| Untracked 
| 138|0x0000000088a00000, 0x0000000088afffe0, 0x0000000088b00000| 99%| O|  |TAMS 0x0000000088afffe0, 0x0000000088a00000| Untracked 
| 139|0x0000000088b00000, 0x0000000088bffff0, 0x0000000088c00000| 99%| O|  |TAMS 0x0000000088bffff0, 0x0000000088b00000| Untracked 
| 140|0x0000000088c00000, 0x0000000088d00000, 0x0000000088d00000|100%| O|  |TAMS 0x0000000088d00000, 0x0000000088c00000| Complete 
| 141|0x0000000088d00000, 0x0000000088dffff8, 0x0000000088e00000| 99%| O|  |TAMS 0x0000000088dffff8, 0x0000000088d00000| Untracked 
| 142|0x0000000088e00000, 0x0000000088f00000, 0x0000000088f00000|100%|HS|  |TAMS 0x0000000088e00000, 0x0000000088e00000| Complete 
| 143|0x0000000088f00000, 0x0000000088ff8700, 0x0000000089000000| 97%| O|  |TAMS 0x0000000088ff8700, 0x0000000088f00000| Untracked 
| 144|0x0000000089000000, 0x00000000890fffd0, 0x0000000089100000| 99%| O|  |TAMS 0x00000000890fffd0, 0x0000000089000000| Untracked 
| 145|0x0000000089100000, 0x00000000891ffef0, 0x0000000089200000| 99%| O|  |TAMS 0x00000000891ffef0, 0x0000000089100000| Untracked 
| 146|0x0000000089200000, 0x00000000892fffe0, 0x0000000089300000| 99%| O|  |TAMS 0x00000000892fffe0, 0x0000000089200000| Untracked 
| 147|0x0000000089300000, 0x00000000893fffe8, 0x0000000089400000| 99%| O|  |TAMS 0x00000000893fffe8, 0x0000000089300000| Untracked 
| 148|0x0000000089400000, 0x00000000894ffff8, 0x0000000089500000| 99%| O|  |TAMS 0x00000000894ffff8, 0x0000000089400000| Untracked 
| 149|0x0000000089500000, 0x0000000089600000, 0x0000000089600000|100%| O|  |TAMS 0x0000000089600000, 0x0000000089500000| Untracked 
| 150|0x0000000089600000, 0x0000000089700000, 0x0000000089700000|100%| O|  |TAMS 0x0000000089700000, 0x0000000089600000| Untracked 
| 151|0x0000000089700000, 0x00000000897ffff8, 0x0000000089800000| 99%| O|  |TAMS 0x00000000897ffff8, 0x0000000089700000| Untracked 
| 152|0x0000000089800000, 0x00000000898ffff8, 0x0000000089900000| 99%| O|  |TAMS 0x00000000898ffff8, 0x0000000089800000| Untracked 
| 153|0x0000000089900000, 0x0000000089a00000, 0x0000000089a00000|100%|HS|  |TAMS 0x0000000089900000, 0x0000000089900000| Complete 
| 154|0x0000000089a00000, 0x0000000089affff8, 0x0000000089b00000| 99%| O|  |TAMS 0x0000000089affff8, 0x0000000089a00000| Untracked 
| 155|0x0000000089b00000, 0x0000000089c00000, 0x0000000089c00000|100%|HS|  |TAMS 0x0000000089c00000, 0x0000000089b00000| Complete 
| 156|0x0000000089c00000, 0x0000000089d00000, 0x0000000089d00000|100%|HS|  |TAMS 0x0000000089d00000, 0x0000000089c00000| Complete 
| 157|0x0000000089d00000, 0x0000000089e00000, 0x0000000089e00000|100%|HS|  |TAMS 0x0000000089e00000, 0x0000000089d00000| Complete 
| 158|0x0000000089e00000, 0x0000000089efffe0, 0x0000000089f00000| 99%| O|  |TAMS 0x0000000089efffe0, 0x0000000089e00000| Untracked 
| 159|0x0000000089f00000, 0x0000000089fffff8, 0x000000008a000000| 99%| O|  |TAMS 0x0000000089fffff8, 0x0000000089f00000| Untracked 
| 160|0x000000008a000000, 0x000000008a0fffe8, 0x000000008a100000| 99%| O|  |TAMS 0x000000008a0fffe8, 0x000000008a000000| Untracked 
| 161|0x000000008a100000, 0x000000008a200000, 0x000000008a200000|100%| O|  |TAMS 0x000000008a200000, 0x000000008a100000| Untracked 
| 162|0x000000008a200000, 0x000000008a2ffff0, 0x000000008a300000| 99%| O|  |TAMS 0x000000008a2ffff0, 0x000000008a200000| Untracked 
| 163|0x000000008a300000, 0x000000008a3ffff0, 0x000000008a400000| 99%| O|  |TAMS 0x000000008a3ffff0, 0x000000008a300000| Untracked 
| 164|0x000000008a400000, 0x000000008a500000, 0x000000008a500000|100%| O|  |TAMS 0x000000008a500000, 0x000000008a400000| Untracked 
| 165|0x000000008a500000, 0x000000008a5fffd8, 0x000000008a600000| 99%| O|  |TAMS 0x000000008a5fffd8, 0x000000008a500000| Untracked 
| 166|0x000000008a600000, 0x000000008a6fffd8, 0x000000008a700000| 99%| O|  |TAMS 0x000000008a6fffd8, 0x000000008a600000| Complete 
| 167|0x000000008a700000, 0x000000008a800000, 0x000000008a800000|100%| O|  |TAMS 0x000000008a800000, 0x000000008a700000| Untracked 
| 168|0x000000008a800000, 0x000000008a900000, 0x000000008a900000|100%| O|  |TAMS 0x000000008a900000, 0x000000008a800000| Untracked 
| 169|0x000000008a900000, 0x000000008a9fffe0, 0x000000008aa00000| 99%| O|  |TAMS 0x000000008a9fffe0, 0x000000008a900000| Untracked 
| 170|0x000000008aa00000, 0x000000008ab00000, 0x000000008ab00000|100%| O|  |TAMS 0x000000008ab00000, 0x000000008aa00000| Untracked 
| 171|0x000000008ab00000, 0x000000008abfffd0, 0x000000008ac00000| 99%| O|  |TAMS 0x000000008abfffd0, 0x000000008ab00000| Untracked 
| 172|0x000000008ac00000, 0x000000008ad00000, 0x000000008ad00000|100%| O|  |TAMS 0x000000008ad00000, 0x000000008ac00000| Untracked 
| 173|0x000000008ad00000, 0x000000008adfffc0, 0x000000008ae00000| 99%| O|  |TAMS 0x000000008adfffc0, 0x000000008ad00000| Untracked 
| 174|0x000000008ae00000, 0x000000008aeffff8, 0x000000008af00000| 99%| O|  |TAMS 0x000000008aeffff8, 0x000000008ae00000| Untracked 
| 175|0x000000008af00000, 0x000000008afffff0, 0x000000008b000000| 99%| O|  |TAMS 0x000000008afffff0, 0x000000008af00000| Untracked 
| 176|0x000000008b000000, 0x000000008b100000, 0x000000008b100000|100%| O|  |TAMS 0x000000008b100000, 0x000000008b000000| Untracked 
| 177|0x000000008b100000, 0x000000008b1ffff8, 0x000000008b200000| 99%| O|  |TAMS 0x000000008b1ffff8, 0x000000008b100000| Untracked 
| 178|0x000000008b200000, 0x000000008b2ffff8, 0x000000008b300000| 99%| O|  |TAMS 0x000000008b2ffff8, 0x000000008b200000| Untracked 
| 179|0x000000008b300000, 0x000000008b3fffd0, 0x000000008b400000| 99%| O|  |TAMS 0x000000008b3fffd0, 0x000000008b300000| Untracked 
| 180|0x000000008b400000, 0x000000008b500000, 0x000000008b500000|100%| O|  |TAMS 0x000000008b500000, 0x000000008b400000| Untracked 
| 181|0x000000008b500000, 0x000000008b5ffff8, 0x000000008b600000| 99%| O|  |TAMS 0x000000008b5ffff8, 0x000000008b500000| Untracked 
| 182|0x000000008b600000, 0x000000008b6fffe8, 0x000000008b700000| 99%| O|  |TAMS 0x000000008b6fffe8, 0x000000008b600000| Untracked 
| 183|0x000000008b700000, 0x000000008b800000, 0x000000008b800000|100%| O|  |TAMS 0x000000008b800000, 0x000000008b700000| Untracked 
| 184|0x000000008b800000, 0x000000008b8ffff0, 0x000000008b900000| 99%| O|  |TAMS 0x000000008b8ffff0, 0x000000008b800000| Untracked 
| 185|0x000000008b900000, 0x000000008ba00000, 0x000000008ba00000|100%| O|  |TAMS 0x000000008ba00000, 0x000000008b900000| Untracked 
| 186|0x000000008ba00000, 0x000000008bb00000, 0x000000008bb00000|100%| O|  |TAMS 0x000000008bb00000, 0x000000008ba00000| Untracked 
| 187|0x000000008bb00000, 0x000000008bc00000, 0x000000008bc00000|100%|HS|  |TAMS 0x000000008bc00000, 0x000000008bb00000| Complete 
| 188|0x000000008bc00000, 0x000000008bd00000, 0x000000008bd00000|100%|HS|  |TAMS 0x000000008bd00000, 0x000000008bc00000| Complete 
| 189|0x000000008bd00000, 0x000000008be00000, 0x000000008be00000|100%| O|  |TAMS 0x000000008be00000, 0x000000008bd00000| Untracked 
| 190|0x000000008be00000, 0x000000008bf00000, 0x000000008bf00000|100%|HS|  |TAMS 0x000000008bf00000, 0x000000008be00000| Complete 
| 191|0x000000008bf00000, 0x000000008c000000, 0x000000008c000000|100%|HC|  |TAMS 0x000000008c000000, 0x000000008bf00000| Complete 
| 192|0x000000008c000000, 0x000000008c0ffff0, 0x000000008c100000| 99%| O|  |TAMS 0x000000008c0ffff0, 0x000000008c000000| Untracked 
| 193|0x000000008c100000, 0x000000008c200000, 0x000000008c200000|100%| O|  |TAMS 0x000000008c200000, 0x000000008c100000| Untracked 
| 194|0x000000008c200000, 0x000000008c300000, 0x000000008c300000|100%|HS|  |TAMS 0x000000008c200000, 0x000000008c200000| Complete 
| 195|0x000000008c300000, 0x000000008c400000, 0x000000008c400000|100%| O|  |TAMS 0x000000008c400000, 0x000000008c300000| Untracked 
| 196|0x000000008c400000, 0x000000008c500000, 0x000000008c500000|100%| O|  |TAMS 0x000000008c500000, 0x000000008c400000| Untracked 
| 197|0x000000008c500000, 0x000000008c600000, 0x000000008c600000|100%| O|  |TAMS 0x000000008c600000, 0x000000008c500000| Untracked 
| 198|0x000000008c600000, 0x000000008c700000, 0x000000008c700000|100%| O|  |TAMS 0x000000008c700000, 0x000000008c600000| Untracked 
| 199|0x000000008c700000, 0x000000008c800000, 0x000000008c800000|100%| O|  |TAMS 0x000000008c800000, 0x000000008c700000| Complete 
| 200|0x000000008c800000, 0x000000008c8f3e18, 0x000000008c900000| 95%| O|  |TAMS 0x000000008c8f3e18, 0x000000008c800000| Untracked 
| 201|0x000000008c900000, 0x000000008ca00000, 0x000000008ca00000|100%| O|  |TAMS 0x000000008ca00000, 0x000000008c900000| Untracked 
| 202|0x000000008ca00000, 0x000000008cb00000, 0x000000008cb00000|100%| O|  |TAMS 0x000000008cb00000, 0x000000008ca00000| Untracked 
| 203|0x000000008cb00000, 0x000000008cbffff0, 0x000000008cc00000| 99%| O|  |TAMS 0x000000008cbffff0, 0x000000008cb00000| Untracked 
| 204|0x000000008cc00000, 0x000000008cd00000, 0x000000008cd00000|100%| O|  |TAMS 0x000000008cd00000, 0x000000008cc00000| Untracked 
| 205|0x000000008cd00000, 0x000000008cdffff8, 0x000000008ce00000| 99%| O|  |TAMS 0x000000008cdffff8, 0x000000008cd00000| Untracked 
| 206|0x000000008ce00000, 0x000000008cf00000, 0x000000008cf00000|100%| O|  |TAMS 0x000000008cf00000, 0x000000008ce00000| Untracked 
| 207|0x000000008cf00000, 0x000000008cfffff0, 0x000000008d000000| 99%| O|  |TAMS 0x000000008cfffff0, 0x000000008cf00000| Untracked 
| 208|0x000000008d000000, 0x000000008d100000, 0x000000008d100000|100%| O|  |TAMS 0x000000008d100000, 0x000000008d000000| Untracked 
| 209|0x000000008d100000, 0x000000008d1fffe0, 0x000000008d200000| 99%| O|  |TAMS 0x000000008d1fffe0, 0x000000008d100000| Untracked 
| 210|0x000000008d200000, 0x000000008d300000, 0x000000008d300000|100%| O|  |TAMS 0x000000008d300000, 0x000000008d200000| Untracked 
| 211|0x000000008d300000, 0x000000008d400000, 0x000000008d400000|100%| O|  |TAMS 0x000000008d400000, 0x000000008d300000| Untracked 
| 212|0x000000008d400000, 0x000000008d500000, 0x000000008d500000|100%| O|  |TAMS 0x000000008d500000, 0x000000008d400000| Untracked 
| 213|0x000000008d500000, 0x000000008d600000, 0x000000008d600000|100%| O|  |TAMS 0x000000008d600000, 0x000000008d500000| Untracked 
| 214|0x000000008d600000, 0x000000008d700000, 0x000000008d700000|100%| O|  |TAMS 0x000000008d700000, 0x000000008d600000| Untracked 
| 215|0x000000008d700000, 0x000000008d800000, 0x000000008d800000|100%| O|  |TAMS 0x000000008d800000, 0x000000008d700000| Untracked 
| 216|0x000000008d800000, 0x000000008d900000, 0x000000008d900000|100%| O|  |TAMS 0x000000008d900000, 0x000000008d800000| Untracked 
| 217|0x000000008d900000, 0x000000008da00000, 0x000000008da00000|100%| O|  |TAMS 0x000000008da00000, 0x000000008d900000| Untracked 
| 218|0x000000008da00000, 0x000000008db00000, 0x000000008db00000|100%| O|  |TAMS 0x000000008db00000, 0x000000008da00000| Untracked 
| 219|0x000000008db00000, 0x000000008dc00000, 0x000000008dc00000|100%| O|  |TAMS 0x000000008dc00000, 0x000000008db00000| Untracked 
| 220|0x000000008dc00000, 0x000000008dd00000, 0x000000008dd00000|100%| O|  |TAMS 0x000000008dd00000, 0x000000008dc00000| Untracked 
| 221|0x000000008dd00000, 0x000000008de00000, 0x000000008de00000|100%|HS|  |TAMS 0x000000008dd00000, 0x000000008dd00000| Complete 
| 222|0x000000008de00000, 0x000000008df00000, 0x000000008df00000|100%| O|  |TAMS 0x000000008df00000, 0x000000008de00000| Untracked 
| 223|0x000000008df00000, 0x000000008e000000, 0x000000008e000000|100%| O|  |TAMS 0x000000008e000000, 0x000000008df00000| Untracked 
| 224|0x000000008e000000, 0x000000008e100000, 0x000000008e100000|100%|HS|  |TAMS 0x000000008e100000, 0x000000008e000000| Complete 
| 225|0x000000008e100000, 0x000000008e200000, 0x000000008e200000|100%|HC|  |TAMS 0x000000008e200000, 0x000000008e100000| Complete 
| 226|0x000000008e200000, 0x000000008e300000, 0x000000008e300000|100%| O|  |TAMS 0x000000008e300000, 0x000000008e200000| Untracked 
| 227|0x000000008e300000, 0x000000008e400000, 0x000000008e400000|100%| O|  |TAMS 0x000000008e400000, 0x000000008e300000| Untracked 
| 228|0x000000008e400000, 0x000000008e4fffe0, 0x000000008e500000| 99%| O|  |TAMS 0x000000008e4fffe0, 0x000000008e400000| Untracked 
| 229|0x000000008e500000, 0x000000008e600000, 0x000000008e600000|100%| O|  |TAMS 0x000000008e600000, 0x000000008e500000| Untracked 
| 230|0x000000008e600000, 0x000000008e700000, 0x000000008e700000|100%| O|  |TAMS 0x000000008e700000, 0x000000008e600000| Untracked 
| 231|0x000000008e700000, 0x000000008e800000, 0x000000008e800000|100%| O|  |TAMS 0x000000008e800000, 0x000000008e700000| Untracked 
| 232|0x000000008e800000, 0x000000008e900000, 0x000000008e900000|100%| O|  |TAMS 0x000000008e900000, 0x000000008e800000| Untracked 
| 233|0x000000008e900000, 0x000000008ea00000, 0x000000008ea00000|100%| O|  |TAMS 0x000000008ea00000, 0x000000008e900000| Untracked 
| 234|0x000000008ea00000, 0x000000008eb00000, 0x000000008eb00000|100%| O|  |TAMS 0x000000008eb00000, 0x000000008ea00000| Untracked 
| 235|0x000000008eb00000, 0x000000008ec00000, 0x000000008ec00000|100%| O|  |TAMS 0x000000008ec00000, 0x000000008eb00000| Untracked 
| 236|0x000000008ec00000, 0x000000008ed00000, 0x000000008ed00000|100%|HS|  |TAMS 0x000000008ec00000, 0x000000008ec00000| Complete 
| 237|0x000000008ed00000, 0x000000008ee00000, 0x000000008ee00000|100%| O|  |TAMS 0x000000008ee00000, 0x000000008ed00000| Untracked 
| 238|0x000000008ee00000, 0x000000008ef00000, 0x000000008ef00000|100%| O|  |TAMS 0x000000008ef00000, 0x000000008ee00000| Untracked 
| 239|0x000000008ef00000, 0x000000008f000000, 0x000000008f000000|100%| O|  |TAMS 0x000000008f000000, 0x000000008ef00000| Untracked 
| 240|0x000000008f000000, 0x000000008f100000, 0x000000008f100000|100%| O|  |TAMS 0x000000008f100000, 0x000000008f000000| Untracked 
| 241|0x000000008f100000, 0x000000008f1fffe8, 0x000000008f200000| 99%| O|  |TAMS 0x000000008f1fffe8, 0x000000008f100000| Untracked 
| 242|0x000000008f200000, 0x000000008f300000, 0x000000008f300000|100%| O|  |TAMS 0x000000008f300000, 0x000000008f200000| Untracked 
| 243|0x000000008f300000, 0x000000008f400000, 0x000000008f400000|100%| O|  |TAMS 0x000000008f400000, 0x000000008f300000| Untracked 
| 244|0x000000008f400000, 0x000000008f45a850, 0x000000008f500000| 35%| O|  |TAMS 0x000000008f45a850, 0x000000008f400000| Untracked 
| 245|0x000000008f500000, 0x000000008f600000, 0x000000008f600000|100%| O|  |TAMS 0x000000008f600000, 0x000000008f500000| Complete 
| 246|0x000000008f600000, 0x000000008f6ffff0, 0x000000008f700000| 99%| O|  |TAMS 0x000000008f6ffff0, 0x000000008f600000| Untracked 
| 247|0x000000008f700000, 0x000000008f7ffff8, 0x000000008f800000| 99%| O|  |TAMS 0x000000008f7ffff8, 0x000000008f700000| Untracked 
| 248|0x000000008f800000, 0x000000008f900000, 0x000000008f900000|100%| O|  |TAMS 0x000000008f900000, 0x000000008f800000| Complete 
| 249|0x000000008f900000, 0x000000008fa00000, 0x000000008fa00000|100%| O|  |TAMS 0x000000008fa00000, 0x000000008f900000| Untracked 
| 250|0x000000008fa00000, 0x000000008fb00000, 0x000000008fb00000|100%| O|  |TAMS 0x000000008fb00000, 0x000000008fa00000| Untracked 
| 251|0x000000008fb00000, 0x000000008fc00000, 0x000000008fc00000|100%| O|  |TAMS 0x000000008fc00000, 0x000000008fb00000| Untracked 
| 252|0x000000008fc00000, 0x000000008fd00000, 0x000000008fd00000|100%| O|  |TAMS 0x000000008fd00000, 0x000000008fc00000| Untracked 
| 253|0x000000008fd00000, 0x000000008fe00000, 0x000000008fe00000|100%|HS|  |TAMS 0x000000008fd00000, 0x000000008fd00000| Complete 
| 254|0x000000008fe00000, 0x000000008ff00000, 0x000000008ff00000|100%|HC|  |TAMS 0x000000008fe00000, 0x000000008fe00000| Complete 
| 255|0x000000008ff00000, 0x0000000090000000, 0x0000000090000000|100%| O|  |TAMS 0x0000000090000000, 0x000000008ff00000| Complete 
| 256|0x0000000090000000, 0x0000000090100000, 0x0000000090100000|100%| O|  |TAMS 0x0000000090100000, 0x0000000090000000| Complete 
| 257|0x0000000090100000, 0x0000000090200000, 0x0000000090200000|100%|HS|  |TAMS 0x0000000090200000, 0x0000000090100000| Complete 
| 258|0x0000000090200000, 0x0000000090300000, 0x0000000090300000|100%|HC|  |TAMS 0x0000000090300000, 0x0000000090200000| Complete 
| 259|0x0000000090300000, 0x00000000903fffd0, 0x0000000090400000| 99%| O|  |TAMS 0x00000000903fffd0, 0x0000000090300000| Untracked 
| 260|0x0000000090400000, 0x00000000904fffe8, 0x0000000090500000| 99%| O|  |TAMS 0x00000000904fffe8, 0x0000000090400000| Untracked 
| 261|0x0000000090500000, 0x0000000090600000, 0x0000000090600000|100%| O|  |TAMS 0x0000000090600000, 0x0000000090500000| Complete 
| 262|0x0000000090600000, 0x0000000090700000, 0x0000000090700000|100%| O|  |TAMS 0x0000000090700000, 0x0000000090600000| Untracked 
| 263|0x0000000090700000, 0x0000000090800000, 0x0000000090800000|100%| O|  |TAMS 0x0000000090800000, 0x0000000090700000| Complete 
| 264|0x0000000090800000, 0x0000000090900000, 0x0000000090900000|100%| O|  |TAMS 0x0000000090900000, 0x0000000090800000| Complete 
| 265|0x0000000090900000, 0x0000000090a00000, 0x0000000090a00000|100%| O|  |TAMS 0x0000000090a00000, 0x0000000090900000| Untracked 
| 266|0x0000000090a00000, 0x0000000090b00000, 0x0000000090b00000|100%| O|  |TAMS 0x0000000090b00000, 0x0000000090a00000| Untracked 
| 267|0x0000000090b00000, 0x0000000090c00000, 0x0000000090c00000|100%| O|  |TAMS 0x0000000090c00000, 0x0000000090b00000| Untracked 
| 268|0x0000000090c00000, 0x0000000090d00000, 0x0000000090d00000|100%| O|  |TAMS 0x0000000090d00000, 0x0000000090c00000| Untracked 
| 269|0x0000000090d00000, 0x0000000090e00000, 0x0000000090e00000|100%| O|  |TAMS 0x0000000090e00000, 0x0000000090d00000| Untracked 
| 270|0x0000000090e00000, 0x0000000090f00000, 0x0000000090f00000|100%| O|  |TAMS 0x0000000090f00000, 0x0000000090e00000| Untracked 
| 271|0x0000000090f00000, 0x0000000091000000, 0x0000000091000000|100%| O|  |TAMS 0x0000000091000000, 0x0000000090f00000| Untracked 
| 272|0x0000000091000000, 0x0000000091100000, 0x0000000091100000|100%| O|  |TAMS 0x0000000091100000, 0x0000000091000000| Untracked 
| 273|0x0000000091100000, 0x0000000091200000, 0x0000000091200000|100%| O|  |TAMS 0x0000000091200000, 0x0000000091100000| Untracked 
| 274|0x0000000091200000, 0x0000000091300000, 0x0000000091300000|100%| O|  |TAMS 0x0000000091300000, 0x0000000091200000| Untracked 
| 275|0x0000000091300000, 0x0000000091400000, 0x0000000091400000|100%| O|  |TAMS 0x0000000091400000, 0x0000000091300000| Untracked 
| 276|0x0000000091400000, 0x0000000091500000, 0x0000000091500000|100%| O|  |TAMS 0x0000000091500000, 0x0000000091400000| Untracked 
| 277|0x0000000091500000, 0x0000000091600000, 0x0000000091600000|100%| O|  |TAMS 0x0000000091600000, 0x0000000091500000| Untracked 
| 278|0x0000000091600000, 0x0000000091700000, 0x0000000091700000|100%|HS|  |TAMS 0x0000000091600000, 0x0000000091600000| Complete 
| 279|0x0000000091700000, 0x0000000091800000, 0x0000000091800000|100%| O|  |TAMS 0x0000000091800000, 0x0000000091700000| Untracked 
| 280|0x0000000091800000, 0x0000000091900000, 0x0000000091900000|100%| O|  |TAMS 0x0000000091900000, 0x0000000091800000| Untracked 
| 281|0x0000000091900000, 0x0000000091a00000, 0x0000000091a00000|100%| O|  |TAMS 0x0000000091a00000, 0x0000000091900000| Untracked 
| 282|0x0000000091a00000, 0x0000000091b00000, 0x0000000091b00000|100%| O|  |TAMS 0x0000000091b00000, 0x0000000091a00000| Untracked 
| 283|0x0000000091b00000, 0x0000000091c00000, 0x0000000091c00000|100%| O|  |TAMS 0x0000000091c00000, 0x0000000091b00000| Untracked 
| 284|0x0000000091c00000, 0x0000000091d00000, 0x0000000091d00000|100%| O|  |TAMS 0x0000000091d00000, 0x0000000091c00000| Complete 
| 285|0x0000000091d00000, 0x0000000091e00000, 0x0000000091e00000|100%| O|  |TAMS 0x0000000091e00000, 0x0000000091d00000| Untracked 
| 286|0x0000000091e00000, 0x0000000091f00000, 0x0000000091f00000|100%| O|  |TAMS 0x0000000091f00000, 0x0000000091e00000| Untracked 
| 287|0x0000000091f00000, 0x0000000092000000, 0x0000000092000000|100%| O|  |TAMS 0x0000000092000000, 0x0000000091f00000| Untracked 
| 288|0x0000000092000000, 0x0000000092100000, 0x0000000092100000|100%| O|  |TAMS 0x0000000092100000, 0x0000000092000000| Untracked 
| 289|0x0000000092100000, 0x0000000092200000, 0x0000000092200000|100%| O|  |TAMS 0x0000000092200000, 0x0000000092100000| Untracked 
| 290|0x0000000092200000, 0x0000000092300000, 0x0000000092300000|100%| O|  |TAMS 0x0000000092300000, 0x0000000092200000| Untracked 
| 291|0x0000000092300000, 0x0000000092400000, 0x0000000092400000|100%| O|  |TAMS 0x0000000092400000, 0x0000000092300000| Untracked 
| 292|0x0000000092400000, 0x0000000092452000, 0x0000000092500000| 32%| O|  |TAMS 0x0000000092452000, 0x0000000092400000| Untracked 
| 293|0x0000000092500000, 0x0000000092600000, 0x0000000092600000|100%|HS|  |TAMS 0x0000000092500000, 0x0000000092500000| Complete 
| 294|0x0000000092600000, 0x0000000092700000, 0x0000000092700000|100%|HC|  |TAMS 0x0000000092600000, 0x0000000092600000| Complete 
| 295|0x0000000092700000, 0x0000000092800000, 0x0000000092800000|100%|HC|  |TAMS 0x0000000092700000, 0x0000000092700000| Complete 
| 296|0x0000000092800000, 0x0000000092900000, 0x0000000092900000|100%|HS|  |TAMS 0x0000000092800000, 0x0000000092800000| Complete 
| 297|0x0000000092900000, 0x0000000092a00000, 0x0000000092a00000|100%| O|  |TAMS 0x0000000092a00000, 0x0000000092900000| Untracked 
| 298|0x0000000092a00000, 0x0000000092b00000, 0x0000000092b00000|100%| O|  |TAMS 0x0000000092b00000, 0x0000000092a00000| Untracked 
| 299|0x0000000092b00000, 0x0000000092c00000, 0x0000000092c00000|100%| O|  |TAMS 0x0000000092c00000, 0x0000000092b00000| Untracked 
| 300|0x0000000092c00000, 0x0000000092d00000, 0x0000000092d00000|100%| O|  |TAMS 0x0000000092d00000, 0x0000000092c00000| Untracked 
| 301|0x0000000092d00000, 0x0000000092e00000, 0x0000000092e00000|100%| O|  |TAMS 0x0000000092e00000, 0x0000000092d00000| Untracked 
| 302|0x0000000092e00000, 0x0000000092f00000, 0x0000000092f00000|100%| O|  |TAMS 0x0000000092f00000, 0x0000000092e00000| Untracked 
| 303|0x0000000092f00000, 0x0000000093000000, 0x0000000093000000|100%| O|  |TAMS 0x0000000093000000, 0x0000000092f00000| Untracked 
| 304|0x0000000093000000, 0x0000000093100000, 0x0000000093100000|100%| O|  |TAMS 0x0000000093100000, 0x0000000093000000| Untracked 
| 305|0x0000000093100000, 0x0000000093200000, 0x0000000093200000|100%| O|  |TAMS 0x0000000093200000, 0x0000000093100000| Untracked 
| 306|0x0000000093200000, 0x0000000093300000, 0x0000000093300000|100%| O|  |TAMS 0x0000000093300000, 0x0000000093200000| Untracked 
| 307|0x0000000093300000, 0x0000000093400000, 0x0000000093400000|100%| O|  |TAMS 0x0000000093400000, 0x0000000093300000| Untracked 
| 308|0x0000000093400000, 0x0000000093500000, 0x0000000093500000|100%| O|  |TAMS 0x0000000093500000, 0x0000000093400000| Untracked 
| 309|0x0000000093500000, 0x0000000093600000, 0x0000000093600000|100%|HS|  |TAMS 0x0000000093600000, 0x0000000093500000| Complete 
| 310|0x0000000093600000, 0x0000000093700000, 0x0000000093700000|100%|HC|  |TAMS 0x0000000093700000, 0x0000000093600000| Complete 
| 311|0x0000000093700000, 0x0000000093800000, 0x0000000093800000|100%|HS|  |TAMS 0x0000000093700000, 0x0000000093700000| Complete 
| 312|0x0000000093800000, 0x0000000093900000, 0x0000000093900000|100%|HC|  |TAMS 0x0000000093800000, 0x0000000093800000| Complete 
| 313|0x0000000093900000, 0x0000000093a00000, 0x0000000093a00000|100%|HS|  |TAMS 0x0000000093900000, 0x0000000093900000| Complete 
| 314|0x0000000093a00000, 0x0000000093b00000, 0x0000000093b00000|100%|HC|  |TAMS 0x0000000093a00000, 0x0000000093a00000| Complete 
| 315|0x0000000093b00000, 0x0000000093c00000, 0x0000000093c00000|100%|HS|  |TAMS 0x0000000093b00000, 0x0000000093b00000| Complete 
| 316|0x0000000093c00000, 0x0000000093d00000, 0x0000000093d00000|100%|HC|  |TAMS 0x0000000093c00000, 0x0000000093c00000| Complete 
| 317|0x0000000093d00000, 0x0000000093e00000, 0x0000000093e00000|100%|HS|  |TAMS 0x0000000093d00000, 0x0000000093d00000| Complete 
| 318|0x0000000093e00000, 0x0000000093f00000, 0x0000000093f00000|100%|HC|  |TAMS 0x0000000093e00000, 0x0000000093e00000| Complete 
| 319|0x0000000093f00000, 0x0000000094000000, 0x0000000094000000|100%|HC|  |TAMS 0x0000000093f00000, 0x0000000093f00000| Complete 
| 320|0x0000000094000000, 0x0000000094100000, 0x0000000094100000|100%|HS|  |TAMS 0x0000000094000000, 0x0000000094000000| Complete 
| 321|0x0000000094100000, 0x0000000094200000, 0x0000000094200000|100%|HC|  |TAMS 0x0000000094100000, 0x0000000094100000| Complete 
| 322|0x0000000094200000, 0x0000000094300000, 0x0000000094300000|100%|HS|  |TAMS 0x0000000094200000, 0x0000000094200000| Complete 
| 323|0x0000000094300000, 0x0000000094400000, 0x0000000094400000|100%|HC|  |TAMS 0x0000000094300000, 0x0000000094300000| Complete 
| 324|0x0000000094400000, 0x0000000094500000, 0x0000000094500000|100%|HC|  |TAMS 0x0000000094400000, 0x0000000094400000| Complete 
| 325|0x0000000094500000, 0x0000000094600000, 0x0000000094600000|100%|HS|  |TAMS 0x0000000094500000, 0x0000000094500000| Complete 
| 326|0x0000000094600000, 0x0000000094700000, 0x0000000094700000|100%|HC|  |TAMS 0x0000000094600000, 0x0000000094600000| Complete 
| 327|0x0000000094700000, 0x0000000094800000, 0x0000000094800000|100%|HC|  |TAMS 0x0000000094700000, 0x0000000094700000| Complete 
| 328|0x0000000094800000, 0x0000000094900000, 0x0000000094900000|100%|HS|  |TAMS 0x0000000094800000, 0x0000000094800000| Complete 
| 329|0x0000000094900000, 0x0000000094a00000, 0x0000000094a00000|100%|HC|  |TAMS 0x0000000094900000, 0x0000000094900000| Complete 
| 330|0x0000000094a00000, 0x0000000094b00000, 0x0000000094b00000|100%| O|  |TAMS 0x0000000094b00000, 0x0000000094a00000| Untracked 
| 331|0x0000000094b00000, 0x0000000094c00000, 0x0000000094c00000|100%|HS|  |TAMS 0x0000000094b00000, 0x0000000094b00000| Complete 
| 332|0x0000000094c00000, 0x0000000094d00000, 0x0000000094d00000|100%|HC|  |TAMS 0x0000000094c00000, 0x0000000094c00000| Complete 
| 333|0x0000000094d00000, 0x0000000094e00000, 0x0000000094e00000|100%|HS|  |TAMS 0x0000000094d00000, 0x0000000094d00000| Complete 
| 334|0x0000000094e00000, 0x0000000094f00000, 0x0000000094f00000|100%| O|  |TAMS 0x0000000094f00000, 0x0000000094e00000| Untracked 
| 335|0x0000000094f00000, 0x0000000095000000, 0x0000000095000000|100%| O|  |TAMS 0x0000000095000000, 0x0000000094f00000| Untracked 
| 336|0x0000000095000000, 0x0000000095100000, 0x0000000095100000|100%| O|  |TAMS 0x0000000095100000, 0x0000000095000000| Untracked 
| 337|0x0000000095100000, 0x0000000095200000, 0x0000000095200000|100%| O|  |TAMS 0x0000000095200000, 0x0000000095100000| Untracked 
| 338|0x0000000095200000, 0x0000000095300000, 0x0000000095300000|100%| O|  |TAMS 0x0000000095300000, 0x0000000095200000| Untracked 
| 339|0x0000000095300000, 0x0000000095400000, 0x0000000095400000|100%| O|  |TAMS 0x0000000095400000, 0x0000000095300000| Untracked 
| 340|0x0000000095400000, 0x0000000095500000, 0x0000000095500000|100%| O|  |TAMS 0x0000000095500000, 0x0000000095400000| Untracked 
| 341|0x0000000095500000, 0x0000000095600000, 0x0000000095600000|100%|HS|  |TAMS 0x0000000095500000, 0x0000000095500000| Complete 
| 342|0x0000000095600000, 0x0000000095700000, 0x0000000095700000|100%|HS|  |TAMS 0x0000000095600000, 0x0000000095600000| Complete 
| 343|0x0000000095700000, 0x0000000095800000, 0x0000000095800000|100%|HS|  |TAMS 0x0000000095700000, 0x0000000095700000| Complete 
| 344|0x0000000095800000, 0x0000000095900000, 0x0000000095900000|100%|HS|  |TAMS 0x0000000095800000, 0x0000000095800000| Complete 
| 345|0x0000000095900000, 0x0000000095a00000, 0x0000000095a00000|100%|HS|  |TAMS 0x0000000095900000, 0x0000000095900000| Complete 
| 346|0x0000000095a00000, 0x0000000095b00000, 0x0000000095b00000|100%| O|  |TAMS 0x0000000095b00000, 0x0000000095a00000| Untracked 
| 347|0x0000000095b00000, 0x0000000095c00000, 0x0000000095c00000|100%| O|  |TAMS 0x0000000095c00000, 0x0000000095b00000| Complete 
| 348|0x0000000095c00000, 0x0000000095d00000, 0x0000000095d00000|100%|HS|  |TAMS 0x0000000095c00000, 0x0000000095c00000| Complete 
| 349|0x0000000095d00000, 0x0000000095e00000, 0x0000000095e00000|100%|HC|  |TAMS 0x0000000095d00000, 0x0000000095d00000| Complete 
| 350|0x0000000095e00000, 0x0000000095f00000, 0x0000000095f00000|100%|HS|  |TAMS 0x0000000095e00000, 0x0000000095e00000| Complete 
| 351|0x0000000095f00000, 0x0000000096000000, 0x0000000096000000|100%|HC|  |TAMS 0x0000000095f00000, 0x0000000095f00000| Complete 
| 352|0x0000000096000000, 0x0000000096100000, 0x0000000096100000|100%|HS|  |TAMS 0x0000000096000000, 0x0000000096000000| Complete 
| 353|0x0000000096100000, 0x0000000096200000, 0x0000000096200000|100%|HS|  |TAMS 0x0000000096100000, 0x0000000096100000| Complete 
| 354|0x0000000096200000, 0x0000000096300000, 0x0000000096300000|100%|HS|  |TAMS 0x0000000096200000, 0x0000000096200000| Complete 
| 355|0x0000000096300000, 0x0000000096400000, 0x0000000096400000|100%|HS|  |TAMS 0x0000000096300000, 0x0000000096300000| Complete 
| 356|0x0000000096400000, 0x0000000096500000, 0x0000000096500000|100%|HC|  |TAMS 0x0000000096400000, 0x0000000096400000| Complete 
| 357|0x0000000096500000, 0x0000000096600000, 0x0000000096600000|100%| O|  |TAMS 0x0000000096600000, 0x0000000096500000| Untracked 
| 358|0x0000000096600000, 0x0000000096700000, 0x0000000096700000|100%| O|  |TAMS 0x0000000096700000, 0x0000000096600000| Untracked 
| 359|0x0000000096700000, 0x0000000096800000, 0x0000000096800000|100%| O|  |TAMS 0x0000000096800000, 0x0000000096700000| Untracked 
| 360|0x0000000096800000, 0x0000000096900000, 0x0000000096900000|100%| O|  |TAMS 0x0000000096900000, 0x0000000096800000| Untracked 
| 361|0x0000000096900000, 0x0000000096a00000, 0x0000000096a00000|100%| O|  |TAMS 0x0000000096a00000, 0x0000000096900000| Untracked 
| 362|0x0000000096a00000, 0x0000000096b00000, 0x0000000096b00000|100%| O|  |TAMS 0x0000000096b00000, 0x0000000096a00000| Untracked 
| 363|0x0000000096b00000, 0x0000000096c00000, 0x0000000096c00000|100%| O|  |TAMS 0x0000000096c00000, 0x0000000096b00000| Untracked 
| 364|0x0000000096c00000, 0x0000000096d00000, 0x0000000096d00000|100%| O|  |TAMS 0x0000000096d00000, 0x0000000096c00000| Untracked 
| 365|0x0000000096d00000, 0x0000000096e00000, 0x0000000096e00000|100%| O|  |TAMS 0x0000000096e00000, 0x0000000096d00000| Untracked 
| 366|0x0000000096e00000, 0x0000000096f00000, 0x0000000096f00000|100%| O|  |TAMS 0x0000000096f00000, 0x0000000096e00000| Untracked 
| 367|0x0000000096f00000, 0x0000000097000000, 0x0000000097000000|100%|HS|  |TAMS 0x0000000096f00000, 0x0000000096f00000| Complete 
| 368|0x0000000097000000, 0x0000000097100000, 0x0000000097100000|100%| O|  |TAMS 0x0000000097100000, 0x0000000097000000| Untracked 
| 369|0x0000000097100000, 0x0000000097200000, 0x0000000097200000|100%| O|  |TAMS 0x0000000097200000, 0x0000000097100000| Untracked 
| 370|0x0000000097200000, 0x0000000097300000, 0x0000000097300000|100%| O|  |TAMS 0x0000000097300000, 0x0000000097200000| Untracked 
| 371|0x0000000097300000, 0x0000000097400000, 0x0000000097400000|100%| O|  |TAMS 0x0000000097400000, 0x0000000097300000| Untracked 
| 372|0x0000000097400000, 0x0000000097500000, 0x0000000097500000|100%|HS|  |TAMS 0x0000000097400000, 0x0000000097400000| Complete 
| 373|0x0000000097500000, 0x0000000097600000, 0x0000000097600000|100%| O|  |TAMS 0x0000000097600000, 0x0000000097500000| Untracked 
| 374|0x0000000097600000, 0x0000000097700000, 0x0000000097700000|100%| O|  |TAMS 0x0000000097700000, 0x0000000097600000| Untracked 
| 375|0x0000000097700000, 0x0000000097800000, 0x0000000097800000|100%| O|  |TAMS 0x0000000097800000, 0x0000000097700000| Untracked 
| 376|0x0000000097800000, 0x0000000097900000, 0x0000000097900000|100%| O|  |TAMS 0x0000000097900000, 0x0000000097800000| Untracked 
| 377|0x0000000097900000, 0x0000000097a00000, 0x0000000097a00000|100%| O|  |TAMS 0x0000000097a00000, 0x0000000097900000| Untracked 
| 378|0x0000000097a00000, 0x0000000097b00000, 0x0000000097b00000|100%|HS|  |TAMS 0x0000000097a00000, 0x0000000097a00000| Complete 
| 379|0x0000000097b00000, 0x0000000097c00000, 0x0000000097c00000|100%|HC|  |TAMS 0x0000000097b00000, 0x0000000097b00000| Complete 
| 380|0x0000000097c00000, 0x0000000097d00000, 0x0000000097d00000|100%|HS|  |TAMS 0x0000000097c00000, 0x0000000097c00000| Complete 
| 381|0x0000000097d00000, 0x0000000097e00000, 0x0000000097e00000|100%|HC|  |TAMS 0x0000000097d00000, 0x0000000097d00000| Complete 
| 382|0x0000000097e00000, 0x0000000097f00000, 0x0000000097f00000|100%|HS|  |TAMS 0x0000000097e00000, 0x0000000097e00000| Complete 
| 383|0x0000000097f00000, 0x0000000098000000, 0x0000000098000000|100%| O|  |TAMS 0x0000000098000000, 0x0000000097f00000| Untracked 
| 384|0x0000000098000000, 0x0000000098100000, 0x0000000098100000|100%| O|  |TAMS 0x0000000098100000, 0x0000000098000000| Untracked 
| 385|0x0000000098100000, 0x0000000098200000, 0x0000000098200000|100%| O|  |TAMS 0x0000000098200000, 0x0000000098100000| Untracked 
| 386|0x0000000098200000, 0x0000000098300000, 0x0000000098300000|100%| O|  |TAMS 0x0000000098300000, 0x0000000098200000| Untracked 
| 387|0x0000000098300000, 0x0000000098400000, 0x0000000098400000|100%| O|  |TAMS 0x0000000098400000, 0x0000000098300000| Untracked 
| 388|0x0000000098400000, 0x0000000098500000, 0x0000000098500000|100%|HS|  |TAMS 0x0000000098400000, 0x0000000098400000| Complete 
| 389|0x0000000098500000, 0x0000000098600000, 0x0000000098600000|100%| O|  |TAMS 0x0000000098600000, 0x0000000098500000| Untracked 
| 390|0x0000000098600000, 0x0000000098600000, 0x0000000098700000|  0%| F|  |TAMS 0x0000000098600000, 0x0000000098600000| Untracked 
| 391|0x0000000098700000, 0x0000000098800000, 0x0000000098800000|100%| O|  |TAMS 0x0000000098800000, 0x0000000098700000| Untracked 
| 392|0x0000000098800000, 0x0000000098900000, 0x0000000098900000|100%|HS|  |TAMS 0x0000000098800000, 0x0000000098800000| Complete 
| 393|0x0000000098900000, 0x0000000098a00000, 0x0000000098a00000|100%|HC|  |TAMS 0x0000000098900000, 0x0000000098900000| Complete 
| 394|0x0000000098a00000, 0x0000000098b00000, 0x0000000098b00000|100%|HS|  |TAMS 0x0000000098a00000, 0x0000000098a00000| Complete 
| 395|0x0000000098b00000, 0x0000000098c00000, 0x0000000098c00000|100%|HC|  |TAMS 0x0000000098b00000, 0x0000000098b00000| Complete 
| 396|0x0000000098c00000, 0x0000000098d00000, 0x0000000098d00000|100%|HS|  |TAMS 0x0000000098c00000, 0x0000000098c00000| Complete 
| 397|0x0000000098d00000, 0x0000000098e00000, 0x0000000098e00000|100%|HC|  |TAMS 0x0000000098d00000, 0x0000000098d00000| Complete 
| 398|0x0000000098e00000, 0x0000000098f00000, 0x0000000098f00000|100%|HC|  |TAMS 0x0000000098e00000, 0x0000000098e00000| Complete 
| 399|0x0000000098f00000, 0x0000000099000000, 0x0000000099000000|100%|HS|  |TAMS 0x0000000098f00000, 0x0000000098f00000| Complete 
| 400|0x0000000099000000, 0x0000000099100000, 0x0000000099100000|100%|HC|  |TAMS 0x0000000099000000, 0x0000000099000000| Complete 
| 401|0x0000000099100000, 0x0000000099200000, 0x0000000099200000|100%|HC|  |TAMS 0x0000000099100000, 0x0000000099100000| Complete 
| 402|0x0000000099200000, 0x0000000099300000, 0x0000000099300000|100%|HS|  |TAMS 0x0000000099200000, 0x0000000099200000| Complete 
| 403|0x0000000099300000, 0x0000000099400000, 0x0000000099400000|100%|HC|  |TAMS 0x0000000099300000, 0x0000000099300000| Complete 
| 404|0x0000000099400000, 0x0000000099400000, 0x0000000099500000|  0%| F|  |TAMS 0x0000000099400000, 0x0000000099400000| Untracked 
| 405|0x0000000099500000, 0x0000000099500000, 0x0000000099600000|  0%| F|  |TAMS 0x0000000099500000, 0x0000000099500000| Untracked 
| 406|0x0000000099600000, 0x0000000099600000, 0x0000000099700000|  0%| F|  |TAMS 0x0000000099600000, 0x0000000099600000| Untracked 
| 407|0x0000000099700000, 0x0000000099700000, 0x0000000099800000|  0%| F|  |TAMS 0x0000000099700000, 0x0000000099700000| Untracked 
| 408|0x0000000099800000, 0x0000000099800000, 0x0000000099900000|  0%| F|  |TAMS 0x0000000099800000, 0x0000000099800000| Untracked 
| 409|0x0000000099900000, 0x0000000099900000, 0x0000000099a00000|  0%| F|  |TAMS 0x0000000099900000, 0x0000000099900000| Untracked 
| 410|0x0000000099a00000, 0x0000000099a00000, 0x0000000099b00000|  0%| F|  |TAMS 0x0000000099a00000, 0x0000000099a00000| Untracked 
| 411|0x0000000099b00000, 0x0000000099b00000, 0x0000000099c00000|  0%| F|  |TAMS 0x0000000099b00000, 0x0000000099b00000| Untracked 
| 412|0x0000000099c00000, 0x0000000099c00000, 0x0000000099d00000|  0%| F|  |TAMS 0x0000000099c00000, 0x0000000099c00000| Untracked 
| 413|0x0000000099d00000, 0x0000000099d00000, 0x0000000099e00000|  0%| F|  |TAMS 0x0000000099d00000, 0x0000000099d00000| Untracked 
| 414|0x0000000099e00000, 0x0000000099e00000, 0x0000000099f00000|  0%| F|  |TAMS 0x0000000099e00000, 0x0000000099e00000| Untracked 
| 415|0x0000000099f00000, 0x0000000099f00000, 0x000000009a000000|  0%| F|  |TAMS 0x0000000099f00000, 0x0000000099f00000| Untracked 
| 416|0x000000009a000000, 0x000000009a000000, 0x000000009a100000|  0%| F|  |TAMS 0x000000009a000000, 0x000000009a000000| Untracked 
| 417|0x000000009a100000, 0x000000009a100000, 0x000000009a200000|  0%| F|  |TAMS 0x000000009a100000, 0x000000009a100000| Untracked 
| 418|0x000000009a200000, 0x000000009a200000, 0x000000009a300000|  0%| F|  |TAMS 0x000000009a200000, 0x000000009a200000| Untracked 
| 419|0x000000009a300000, 0x000000009a300000, 0x000000009a400000|  0%| F|  |TAMS 0x000000009a300000, 0x000000009a300000| Untracked 
| 420|0x000000009a400000, 0x000000009a400000, 0x000000009a500000|  0%| F|  |TAMS 0x000000009a400000, 0x000000009a400000| Untracked 
| 421|0x000000009a500000, 0x000000009a500000, 0x000000009a600000|  0%| F|  |TAMS 0x000000009a500000, 0x000000009a500000| Untracked 
| 422|0x000000009a600000, 0x000000009a600000, 0x000000009a700000|  0%| F|  |TAMS 0x000000009a600000, 0x000000009a600000| Untracked 
| 423|0x000000009a700000, 0x000000009a700000, 0x000000009a800000|  0%| F|  |TAMS 0x000000009a700000, 0x000000009a700000| Untracked 
| 424|0x000000009a800000, 0x000000009a800000, 0x000000009a900000|  0%| F|  |TAMS 0x000000009a800000, 0x000000009a800000| Untracked 
| 425|0x000000009a900000, 0x000000009a900000, 0x000000009aa00000|  0%| F|  |TAMS 0x000000009a900000, 0x000000009a900000| Untracked 
| 426|0x000000009aa00000, 0x000000009aa00000, 0x000000009ab00000|  0%| F|  |TAMS 0x000000009aa00000, 0x000000009aa00000| Untracked 
| 427|0x000000009ab00000, 0x000000009ab00000, 0x000000009ac00000|  0%| F|  |TAMS 0x000000009ab00000, 0x000000009ab00000| Untracked 
| 428|0x000000009ac00000, 0x000000009ac00000, 0x000000009ad00000|  0%| F|  |TAMS 0x000000009ac00000, 0x000000009ac00000| Untracked 
| 429|0x000000009ad00000, 0x000000009ad00000, 0x000000009ae00000|  0%| F|  |TAMS 0x000000009ad00000, 0x000000009ad00000| Untracked 
| 430|0x000000009ae00000, 0x000000009ae00000, 0x000000009af00000|  0%| F|  |TAMS 0x000000009ae00000, 0x000000009ae00000| Untracked 
| 431|0x000000009af00000, 0x000000009af00000, 0x000000009b000000|  0%| F|  |TAMS 0x000000009af00000, 0x000000009af00000| Untracked 
| 432|0x000000009b000000, 0x000000009b000000, 0x000000009b100000|  0%| F|  |TAMS 0x000000009b000000, 0x000000009b000000| Untracked 
| 433|0x000000009b100000, 0x000000009b100000, 0x000000009b200000|  0%| F|  |TAMS 0x000000009b100000, 0x000000009b100000| Untracked 
| 434|0x000000009b200000, 0x000000009b200000, 0x000000009b300000|  0%| F|  |TAMS 0x000000009b200000, 0x000000009b200000| Untracked 
| 435|0x000000009b300000, 0x000000009b300000, 0x000000009b400000|  0%| F|  |TAMS 0x000000009b300000, 0x000000009b300000| Untracked 
| 436|0x000000009b400000, 0x000000009b400000, 0x000000009b500000|  0%| F|  |TAMS 0x000000009b400000, 0x000000009b400000| Untracked 
| 437|0x000000009b500000, 0x000000009b500000, 0x000000009b600000|  0%| F|  |TAMS 0x000000009b500000, 0x000000009b500000| Untracked 
| 438|0x000000009b600000, 0x000000009b600000, 0x000000009b700000|  0%| F|  |TAMS 0x000000009b600000, 0x000000009b600000| Untracked 
| 439|0x000000009b700000, 0x000000009b700000, 0x000000009b800000|  0%| F|  |TAMS 0x000000009b700000, 0x000000009b700000| Untracked 
| 440|0x000000009b800000, 0x000000009b800000, 0x000000009b900000|  0%| F|  |TAMS 0x000000009b800000, 0x000000009b800000| Untracked 
| 441|0x000000009b900000, 0x000000009b900000, 0x000000009ba00000|  0%| F|  |TAMS 0x000000009b900000, 0x000000009b900000| Untracked 
| 442|0x000000009ba00000, 0x000000009ba00000, 0x000000009bb00000|  0%| F|  |TAMS 0x000000009ba00000, 0x000000009ba00000| Untracked 
| 443|0x000000009bb00000, 0x000000009bb00000, 0x000000009bc00000|  0%| F|  |TAMS 0x000000009bb00000, 0x000000009bb00000| Untracked 
| 444|0x000000009bc00000, 0x000000009bc00000, 0x000000009bd00000|  0%| F|  |TAMS 0x000000009bc00000, 0x000000009bc00000| Untracked 
| 445|0x000000009bd00000, 0x000000009bd00000, 0x000000009be00000|  0%| F|  |TAMS 0x000000009bd00000, 0x000000009bd00000| Untracked 
| 446|0x000000009be00000, 0x000000009be00000, 0x000000009bf00000|  0%| F|  |TAMS 0x000000009be00000, 0x000000009be00000| Untracked 
| 447|0x000000009bf00000, 0x000000009bf00000, 0x000000009c000000|  0%| F|  |TAMS 0x000000009bf00000, 0x000000009bf00000| Untracked 
| 448|0x000000009c000000, 0x000000009c000000, 0x000000009c100000|  0%| F|  |TAMS 0x000000009c000000, 0x000000009c000000| Untracked 
| 449|0x000000009c100000, 0x000000009c100000, 0x000000009c200000|  0%| F|  |TAMS 0x000000009c100000, 0x000000009c100000| Untracked 
| 450|0x000000009c200000, 0x000000009c200000, 0x000000009c300000|  0%| F|  |TAMS 0x000000009c200000, 0x000000009c200000| Untracked 
| 451|0x000000009c300000, 0x000000009c300000, 0x000000009c400000|  0%| F|  |TAMS 0x000000009c300000, 0x000000009c300000| Untracked 
| 452|0x000000009c400000, 0x000000009c400000, 0x000000009c500000|  0%| F|  |TAMS 0x000000009c400000, 0x000000009c400000| Untracked 
| 453|0x000000009c500000, 0x000000009c500000, 0x000000009c600000|  0%| F|  |TAMS 0x000000009c500000, 0x000000009c500000| Untracked 
| 454|0x000000009c600000, 0x000000009c600000, 0x000000009c700000|  0%| F|  |TAMS 0x000000009c600000, 0x000000009c600000| Untracked 
| 455|0x000000009c700000, 0x000000009c700000, 0x000000009c800000|  0%| F|  |TAMS 0x000000009c700000, 0x000000009c700000| Untracked 
| 456|0x000000009c800000, 0x000000009c800000, 0x000000009c900000|  0%| F|  |TAMS 0x000000009c800000, 0x000000009c800000| Untracked 
| 457|0x000000009c900000, 0x000000009c900000, 0x000000009ca00000|  0%| F|  |TAMS 0x000000009c900000, 0x000000009c900000| Untracked 
| 458|0x000000009ca00000, 0x000000009ca00000, 0x000000009cb00000|  0%| F|  |TAMS 0x000000009ca00000, 0x000000009ca00000| Untracked 
| 459|0x000000009cb00000, 0x000000009cb00000, 0x000000009cc00000|  0%| F|  |TAMS 0x000000009cb00000, 0x000000009cb00000| Untracked 
| 460|0x000000009cc00000, 0x000000009cc00000, 0x000000009cd00000|  0%| F|  |TAMS 0x000000009cc00000, 0x000000009cc00000| Untracked 
| 461|0x000000009cd00000, 0x000000009cd00000, 0x000000009ce00000|  0%| F|  |TAMS 0x000000009cd00000, 0x000000009cd00000| Untracked 
| 462|0x000000009ce00000, 0x000000009ce00000, 0x000000009cf00000|  0%| F|  |TAMS 0x000000009ce00000, 0x000000009ce00000| Untracked 
| 463|0x000000009cf00000, 0x000000009cf00000, 0x000000009d000000|  0%| F|  |TAMS 0x000000009cf00000, 0x000000009cf00000| Untracked 
| 464|0x000000009d000000, 0x000000009d000000, 0x000000009d100000|  0%| F|  |TAMS 0x000000009d000000, 0x000000009d000000| Untracked 
| 465|0x000000009d100000, 0x000000009d100000, 0x000000009d200000|  0%| F|  |TAMS 0x000000009d100000, 0x000000009d100000| Untracked 
| 466|0x000000009d200000, 0x000000009d200000, 0x000000009d300000|  0%| F|  |TAMS 0x000000009d200000, 0x000000009d200000| Untracked 
| 467|0x000000009d300000, 0x000000009d300000, 0x000000009d400000|  0%| F|  |TAMS 0x000000009d300000, 0x000000009d300000| Untracked 
| 468|0x000000009d400000, 0x000000009d400000, 0x000000009d500000|  0%| F|  |TAMS 0x000000009d400000, 0x000000009d400000| Untracked 
| 469|0x000000009d500000, 0x000000009d500000, 0x000000009d600000|  0%| F|  |TAMS 0x000000009d500000, 0x000000009d500000| Untracked 
| 470|0x000000009d600000, 0x000000009d600000, 0x000000009d700000|  0%| F|  |TAMS 0x000000009d600000, 0x000000009d600000| Untracked 
| 471|0x000000009d700000, 0x000000009d700000, 0x000000009d800000|  0%| F|  |TAMS 0x000000009d700000, 0x000000009d700000| Untracked 
| 472|0x000000009d800000, 0x000000009d800000, 0x000000009d900000|  0%| F|  |TAMS 0x000000009d800000, 0x000000009d800000| Untracked 
| 473|0x000000009d900000, 0x000000009d900000, 0x000000009da00000|  0%| F|  |TAMS 0x000000009d900000, 0x000000009d900000| Untracked 
| 474|0x000000009da00000, 0x000000009da00000, 0x000000009db00000|  0%| F|  |TAMS 0x000000009da00000, 0x000000009da00000| Untracked 
| 475|0x000000009db00000, 0x000000009db00000, 0x000000009dc00000|  0%| F|  |TAMS 0x000000009db00000, 0x000000009db00000| Untracked 
| 476|0x000000009dc00000, 0x000000009dc00000, 0x000000009dd00000|  0%| F|  |TAMS 0x000000009dc00000, 0x000000009dc00000| Untracked 
| 477|0x000000009dd00000, 0x000000009dd00000, 0x000000009de00000|  0%| F|  |TAMS 0x000000009dd00000, 0x000000009dd00000| Untracked 
| 478|0x000000009de00000, 0x000000009de00000, 0x000000009df00000|  0%| F|  |TAMS 0x000000009de00000, 0x000000009de00000| Untracked 
| 479|0x000000009df00000, 0x000000009df00000, 0x000000009e000000|  0%| F|  |TAMS 0x000000009df00000, 0x000000009df00000| Untracked 
| 480|0x000000009e000000, 0x000000009e000000, 0x000000009e100000|  0%| F|  |TAMS 0x000000009e000000, 0x000000009e000000| Untracked 
| 481|0x000000009e100000, 0x000000009e100000, 0x000000009e200000|  0%| F|  |TAMS 0x000000009e100000, 0x000000009e100000| Untracked 
| 482|0x000000009e200000, 0x000000009e200000, 0x000000009e300000|  0%| F|  |TAMS 0x000000009e200000, 0x000000009e200000| Untracked 
| 483|0x000000009e300000, 0x000000009e300000, 0x000000009e400000|  0%| F|  |TAMS 0x000000009e300000, 0x000000009e300000| Untracked 
| 484|0x000000009e400000, 0x000000009e400000, 0x000000009e500000|  0%| F|  |TAMS 0x000000009e400000, 0x000000009e400000| Untracked 
| 485|0x000000009e500000, 0x000000009e500000, 0x000000009e600000|  0%| F|  |TAMS 0x000000009e500000, 0x000000009e500000| Untracked 
| 486|0x000000009e600000, 0x000000009e600000, 0x000000009e700000|  0%| F|  |TAMS 0x000000009e600000, 0x000000009e600000| Untracked 
| 487|0x000000009e700000, 0x000000009e700000, 0x000000009e800000|  0%| F|  |TAMS 0x000000009e700000, 0x000000009e700000| Untracked 
| 488|0x000000009e800000, 0x000000009e800000, 0x000000009e900000|  0%| F|  |TAMS 0x000000009e800000, 0x000000009e800000| Untracked 
| 489|0x000000009e900000, 0x000000009e900000, 0x000000009ea00000|  0%| F|  |TAMS 0x000000009e900000, 0x000000009e900000| Untracked 
| 490|0x000000009ea00000, 0x000000009ea00000, 0x000000009eb00000|  0%| F|  |TAMS 0x000000009ea00000, 0x000000009ea00000| Untracked 
| 491|0x000000009eb00000, 0x000000009eb00000, 0x000000009ec00000|  0%| F|  |TAMS 0x000000009eb00000, 0x000000009eb00000| Untracked 
| 492|0x000000009ec00000, 0x000000009ec00000, 0x000000009ed00000|  0%| F|  |TAMS 0x000000009ec00000, 0x000000009ec00000| Untracked 
| 493|0x000000009ed00000, 0x000000009ed00000, 0x000000009ee00000|  0%| F|  |TAMS 0x000000009ed00000, 0x000000009ed00000| Untracked 
| 494|0x000000009ee00000, 0x000000009ee00000, 0x000000009ef00000|  0%| F|  |TAMS 0x000000009ee00000, 0x000000009ee00000| Untracked 
| 495|0x000000009ef00000, 0x000000009ef00000, 0x000000009f000000|  0%| F|  |TAMS 0x000000009ef00000, 0x000000009ef00000| Untracked 
| 496|0x000000009f000000, 0x000000009f000000, 0x000000009f100000|  0%| F|  |TAMS 0x000000009f000000, 0x000000009f000000| Untracked 
| 497|0x000000009f100000, 0x000000009f100000, 0x000000009f200000|  0%| F|  |TAMS 0x000000009f100000, 0x000000009f100000| Untracked 
| 498|0x000000009f200000, 0x000000009f200000, 0x000000009f300000|  0%| F|  |TAMS 0x000000009f200000, 0x000000009f200000| Untracked 
| 499|0x000000009f300000, 0x000000009f300000, 0x000000009f400000|  0%| F|  |TAMS 0x000000009f300000, 0x000000009f300000| Untracked 
| 500|0x000000009f400000, 0x000000009f400000, 0x000000009f500000|  0%| F|  |TAMS 0x000000009f400000, 0x000000009f400000| Untracked 
| 501|0x000000009f500000, 0x000000009f500000, 0x000000009f600000|  0%| F|  |TAMS 0x000000009f500000, 0x000000009f500000| Untracked 
| 502|0x000000009f600000, 0x000000009f600000, 0x000000009f700000|  0%| F|  |TAMS 0x000000009f600000, 0x000000009f600000| Untracked 
| 503|0x000000009f700000, 0x000000009f700000, 0x000000009f800000|  0%| F|  |TAMS 0x000000009f700000, 0x000000009f700000| Untracked 
| 504|0x000000009f800000, 0x000000009f800000, 0x000000009f900000|  0%| F|  |TAMS 0x000000009f800000, 0x000000009f800000| Untracked 
| 505|0x000000009f900000, 0x000000009f900000, 0x000000009fa00000|  0%| F|  |TAMS 0x000000009f900000, 0x000000009f900000| Untracked 
| 506|0x000000009fa00000, 0x000000009fa00000, 0x000000009fb00000|  0%| F|  |TAMS 0x000000009fa00000, 0x000000009fa00000| Untracked 
| 507|0x000000009fb00000, 0x000000009fb00000, 0x000000009fc00000|  0%| F|  |TAMS 0x000000009fb00000, 0x000000009fb00000| Untracked 
| 508|0x000000009fc00000, 0x000000009fc00000, 0x000000009fd00000|  0%| F|  |TAMS 0x000000009fc00000, 0x000000009fc00000| Untracked 
| 509|0x000000009fd00000, 0x000000009fd00000, 0x000000009fe00000|  0%| F|  |TAMS 0x000000009fd00000, 0x000000009fd00000| Untracked 
| 510|0x000000009fe00000, 0x000000009fe00000, 0x000000009ff00000|  0%| F|  |TAMS 0x000000009fe00000, 0x000000009fe00000| Untracked 
| 511|0x000000009ff00000, 0x000000009ff00000, 0x00000000a0000000|  0%| F|  |TAMS 0x000000009ff00000, 0x000000009ff00000| Untracked 
| 512|0x00000000a0000000, 0x00000000a0000000, 0x00000000a0100000|  0%| F|  |TAMS 0x00000000a0000000, 0x00000000a0000000| Untracked 
| 513|0x00000000a0100000, 0x00000000a0100000, 0x00000000a0200000|  0%| F|  |TAMS 0x00000000a0100000, 0x00000000a0100000| Untracked 
| 514|0x00000000a0200000, 0x00000000a0200000, 0x00000000a0300000|  0%| F|  |TAMS 0x00000000a0200000, 0x00000000a0200000| Untracked 
| 515|0x00000000a0300000, 0x00000000a0300000, 0x00000000a0400000|  0%| F|  |TAMS 0x00000000a0300000, 0x00000000a0300000| Untracked 
| 516|0x00000000a0400000, 0x00000000a0400000, 0x00000000a0500000|  0%| F|  |TAMS 0x00000000a0400000, 0x00000000a0400000| Untracked 
| 517|0x00000000a0500000, 0x00000000a0500000, 0x00000000a0600000|  0%| F|  |TAMS 0x00000000a0500000, 0x00000000a0500000| Untracked 
| 518|0x00000000a0600000, 0x00000000a0600000, 0x00000000a0700000|  0%| F|  |TAMS 0x00000000a0600000, 0x00000000a0600000| Untracked 
| 519|0x00000000a0700000, 0x00000000a0700000, 0x00000000a0800000|  0%| F|  |TAMS 0x00000000a0700000, 0x00000000a0700000| Untracked 
| 520|0x00000000a0800000, 0x00000000a0800000, 0x00000000a0900000|  0%| F|  |TAMS 0x00000000a0800000, 0x00000000a0800000| Untracked 
| 521|0x00000000a0900000, 0x00000000a0900000, 0x00000000a0a00000|  0%| F|  |TAMS 0x00000000a0900000, 0x00000000a0900000| Untracked 
| 522|0x00000000a0a00000, 0x00000000a0a00000, 0x00000000a0b00000|  0%| F|  |TAMS 0x00000000a0a00000, 0x00000000a0a00000| Untracked 
| 523|0x00000000a0b00000, 0x00000000a0b00000, 0x00000000a0c00000|  0%| F|  |TAMS 0x00000000a0b00000, 0x00000000a0b00000| Untracked 
| 524|0x00000000a0c00000, 0x00000000a0c00000, 0x00000000a0d00000|  0%| F|  |TAMS 0x00000000a0c00000, 0x00000000a0c00000| Untracked 
| 525|0x00000000a0d00000, 0x00000000a0d00000, 0x00000000a0e00000|  0%| F|  |TAMS 0x00000000a0d00000, 0x00000000a0d00000| Untracked 
| 526|0x00000000a0e00000, 0x00000000a0e00000, 0x00000000a0f00000|  0%| F|  |TAMS 0x00000000a0e00000, 0x00000000a0e00000| Untracked 
| 527|0x00000000a0f00000, 0x00000000a0f00000, 0x00000000a1000000|  0%| F|  |TAMS 0x00000000a0f00000, 0x00000000a0f00000| Untracked 
| 528|0x00000000a1000000, 0x00000000a1000000, 0x00000000a1100000|  0%| F|  |TAMS 0x00000000a1000000, 0x00000000a1000000| Untracked 
| 529|0x00000000a1100000, 0x00000000a1100000, 0x00000000a1200000|  0%| F|  |TAMS 0x00000000a1100000, 0x00000000a1100000| Untracked 
| 530|0x00000000a1200000, 0x00000000a1200000, 0x00000000a1300000|  0%| F|  |TAMS 0x00000000a1200000, 0x00000000a1200000| Untracked 
| 531|0x00000000a1300000, 0x00000000a1300000, 0x00000000a1400000|  0%| F|  |TAMS 0x00000000a1300000, 0x00000000a1300000| Untracked 
| 532|0x00000000a1400000, 0x00000000a1400000, 0x00000000a1500000|  0%| F|  |TAMS 0x00000000a1400000, 0x00000000a1400000| Untracked 
| 533|0x00000000a1500000, 0x00000000a1500000, 0x00000000a1600000|  0%| F|  |TAMS 0x00000000a1500000, 0x00000000a1500000| Untracked 
| 534|0x00000000a1600000, 0x00000000a1600000, 0x00000000a1700000|  0%| F|  |TAMS 0x00000000a1600000, 0x00000000a1600000| Untracked 
| 535|0x00000000a1700000, 0x00000000a1700000, 0x00000000a1800000|  0%| F|  |TAMS 0x00000000a1700000, 0x00000000a1700000| Untracked 
| 536|0x00000000a1800000, 0x00000000a1800000, 0x00000000a1900000|  0%| F|  |TAMS 0x00000000a1800000, 0x00000000a1800000| Untracked 
| 537|0x00000000a1900000, 0x00000000a1900000, 0x00000000a1a00000|  0%| F|  |TAMS 0x00000000a1900000, 0x00000000a1900000| Untracked 
| 538|0x00000000a1a00000, 0x00000000a1a00000, 0x00000000a1b00000|  0%| F|  |TAMS 0x00000000a1a00000, 0x00000000a1a00000| Untracked 
| 539|0x00000000a1b00000, 0x00000000a1b00000, 0x00000000a1c00000|  0%| F|  |TAMS 0x00000000a1b00000, 0x00000000a1b00000| Untracked 
| 540|0x00000000a1c00000, 0x00000000a1c00000, 0x00000000a1d00000|  0%| F|  |TAMS 0x00000000a1c00000, 0x00000000a1c00000| Untracked 
| 541|0x00000000a1d00000, 0x00000000a1d00000, 0x00000000a1e00000|  0%| F|  |TAMS 0x00000000a1d00000, 0x00000000a1d00000| Untracked 
| 542|0x00000000a1e00000, 0x00000000a1e00000, 0x00000000a1f00000|  0%| F|  |TAMS 0x00000000a1e00000, 0x00000000a1e00000| Untracked 
| 543|0x00000000a1f00000, 0x00000000a1f00000, 0x00000000a2000000|  0%| F|  |TAMS 0x00000000a1f00000, 0x00000000a1f00000| Untracked 
| 544|0x00000000a2000000, 0x00000000a2000000, 0x00000000a2100000|  0%| F|  |TAMS 0x00000000a2000000, 0x00000000a2000000| Untracked 
| 545|0x00000000a2100000, 0x00000000a2100000, 0x00000000a2200000|  0%| F|  |TAMS 0x00000000a2100000, 0x00000000a2100000| Untracked 
| 546|0x00000000a2200000, 0x00000000a2200000, 0x00000000a2300000|  0%| F|  |TAMS 0x00000000a2200000, 0x00000000a2200000| Untracked 
| 547|0x00000000a2300000, 0x00000000a2300000, 0x00000000a2400000|  0%| F|  |TAMS 0x00000000a2300000, 0x00000000a2300000| Untracked 
| 548|0x00000000a2400000, 0x00000000a2400000, 0x00000000a2500000|  0%| F|  |TAMS 0x00000000a2400000, 0x00000000a2400000| Untracked 
| 549|0x00000000a2500000, 0x00000000a2500000, 0x00000000a2600000|  0%| F|  |TAMS 0x00000000a2500000, 0x00000000a2500000| Untracked 
| 550|0x00000000a2600000, 0x00000000a2600000, 0x00000000a2700000|  0%| F|  |TAMS 0x00000000a2600000, 0x00000000a2600000| Untracked 
| 551|0x00000000a2700000, 0x00000000a2700000, 0x00000000a2800000|  0%| F|  |TAMS 0x00000000a2700000, 0x00000000a2700000| Untracked 
| 552|0x00000000a2800000, 0x00000000a2800000, 0x00000000a2900000|  0%| F|  |TAMS 0x00000000a2800000, 0x00000000a2800000| Untracked 
| 553|0x00000000a2900000, 0x00000000a2900000, 0x00000000a2a00000|  0%| F|  |TAMS 0x00000000a2900000, 0x00000000a2900000| Untracked 
| 554|0x00000000a2a00000, 0x00000000a2a00000, 0x00000000a2b00000|  0%| F|  |TAMS 0x00000000a2a00000, 0x00000000a2a00000| Untracked 
| 555|0x00000000a2b00000, 0x00000000a2b00000, 0x00000000a2c00000|  0%| F|  |TAMS 0x00000000a2b00000, 0x00000000a2b00000| Untracked 
| 556|0x00000000a2c00000, 0x00000000a2c00000, 0x00000000a2d00000|  0%| F|  |TAMS 0x00000000a2c00000, 0x00000000a2c00000| Untracked 
| 557|0x00000000a2d00000, 0x00000000a2d00000, 0x00000000a2e00000|  0%| F|  |TAMS 0x00000000a2d00000, 0x00000000a2d00000| Untracked 
| 558|0x00000000a2e00000, 0x00000000a2e00000, 0x00000000a2f00000|  0%| F|  |TAMS 0x00000000a2e00000, 0x00000000a2e00000| Untracked 
| 559|0x00000000a2f00000, 0x00000000a2f00000, 0x00000000a3000000|  0%| F|  |TAMS 0x00000000a2f00000, 0x00000000a2f00000| Untracked 
| 560|0x00000000a3000000, 0x00000000a3000000, 0x00000000a3100000|  0%| F|  |TAMS 0x00000000a3000000, 0x00000000a3000000| Untracked 
| 561|0x00000000a3100000, 0x00000000a3100000, 0x00000000a3200000|  0%| F|  |TAMS 0x00000000a3100000, 0x00000000a3100000| Untracked 
| 562|0x00000000a3200000, 0x00000000a3200000, 0x00000000a3300000|  0%| F|  |TAMS 0x00000000a3200000, 0x00000000a3200000| Untracked 
| 563|0x00000000a3300000, 0x00000000a3300000, 0x00000000a3400000|  0%| F|  |TAMS 0x00000000a3300000, 0x00000000a3300000| Untracked 
| 564|0x00000000a3400000, 0x00000000a3400000, 0x00000000a3500000|  0%| F|  |TAMS 0x00000000a3400000, 0x00000000a3400000| Untracked 
| 565|0x00000000a3500000, 0x00000000a3500000, 0x00000000a3600000|  0%| F|  |TAMS 0x00000000a3500000, 0x00000000a3500000| Untracked 
| 566|0x00000000a3600000, 0x00000000a3600000, 0x00000000a3700000|  0%| F|  |TAMS 0x00000000a3600000, 0x00000000a3600000| Untracked 
| 567|0x00000000a3700000, 0x00000000a3700000, 0x00000000a3800000|  0%| F|  |TAMS 0x00000000a3700000, 0x00000000a3700000| Untracked 
| 568|0x00000000a3800000, 0x00000000a3800000, 0x00000000a3900000|  0%| F|  |TAMS 0x00000000a3800000, 0x00000000a3800000| Untracked 
| 569|0x00000000a3900000, 0x00000000a3900000, 0x00000000a3a00000|  0%| F|  |TAMS 0x00000000a3900000, 0x00000000a3900000| Untracked 
| 570|0x00000000a3a00000, 0x00000000a3a00000, 0x00000000a3b00000|  0%| F|  |TAMS 0x00000000a3a00000, 0x00000000a3a00000| Untracked 
| 571|0x00000000a3b00000, 0x00000000a3b00000, 0x00000000a3c00000|  0%| F|  |TAMS 0x00000000a3b00000, 0x00000000a3b00000| Untracked 
| 572|0x00000000a3c00000, 0x00000000a3c00000, 0x00000000a3d00000|  0%| F|  |TAMS 0x00000000a3c00000, 0x00000000a3c00000| Untracked 
| 573|0x00000000a3d00000, 0x00000000a3d00000, 0x00000000a3e00000|  0%| F|  |TAMS 0x00000000a3d00000, 0x00000000a3d00000| Untracked 
| 574|0x00000000a3e00000, 0x00000000a3e00000, 0x00000000a3f00000|  0%| F|  |TAMS 0x00000000a3e00000, 0x00000000a3e00000| Untracked 
| 575|0x00000000a3f00000, 0x00000000a3f00000, 0x00000000a4000000|  0%| F|  |TAMS 0x00000000a3f00000, 0x00000000a3f00000| Untracked 
| 576|0x00000000a4000000, 0x00000000a4000000, 0x00000000a4100000|  0%| F|  |TAMS 0x00000000a4000000, 0x00000000a4000000| Untracked 
| 577|0x00000000a4100000, 0x00000000a4100000, 0x00000000a4200000|  0%| F|  |TAMS 0x00000000a4100000, 0x00000000a4100000| Untracked 
| 578|0x00000000a4200000, 0x00000000a4200000, 0x00000000a4300000|  0%| F|  |TAMS 0x00000000a4200000, 0x00000000a4200000| Untracked 
| 579|0x00000000a4300000, 0x00000000a4300000, 0x00000000a4400000|  0%| F|  |TAMS 0x00000000a4300000, 0x00000000a4300000| Untracked 
| 580|0x00000000a4400000, 0x00000000a4400000, 0x00000000a4500000|  0%| F|  |TAMS 0x00000000a4400000, 0x00000000a4400000| Untracked 
| 581|0x00000000a4500000, 0x00000000a4500000, 0x00000000a4600000|  0%| F|  |TAMS 0x00000000a4500000, 0x00000000a4500000| Untracked 
| 582|0x00000000a4600000, 0x00000000a4600000, 0x00000000a4700000|  0%| F|  |TAMS 0x00000000a4600000, 0x00000000a4600000| Untracked 
| 583|0x00000000a4700000, 0x00000000a4700000, 0x00000000a4800000|  0%| F|  |TAMS 0x00000000a4700000, 0x00000000a4700000| Untracked 
| 584|0x00000000a4800000, 0x00000000a4800000, 0x00000000a4900000|  0%| F|  |TAMS 0x00000000a4800000, 0x00000000a4800000| Untracked 
| 585|0x00000000a4900000, 0x00000000a4900000, 0x00000000a4a00000|  0%| F|  |TAMS 0x00000000a4900000, 0x00000000a4900000| Untracked 
| 586|0x00000000a4a00000, 0x00000000a4a00000, 0x00000000a4b00000|  0%| F|  |TAMS 0x00000000a4a00000, 0x00000000a4a00000| Untracked 
| 587|0x00000000a4b00000, 0x00000000a4b00000, 0x00000000a4c00000|  0%| F|  |TAMS 0x00000000a4b00000, 0x00000000a4b00000| Untracked 
| 588|0x00000000a4c00000, 0x00000000a4c00000, 0x00000000a4d00000|  0%| F|  |TAMS 0x00000000a4c00000, 0x00000000a4c00000| Untracked 
| 589|0x00000000a4d00000, 0x00000000a4d00000, 0x00000000a4e00000|  0%| F|  |TAMS 0x00000000a4d00000, 0x00000000a4d00000| Untracked 
| 590|0x00000000a4e00000, 0x00000000a4e00000, 0x00000000a4f00000|  0%| F|  |TAMS 0x00000000a4e00000, 0x00000000a4e00000| Untracked 
| 591|0x00000000a4f00000, 0x00000000a4f00000, 0x00000000a5000000|  0%| F|  |TAMS 0x00000000a4f00000, 0x00000000a4f00000| Untracked 
| 592|0x00000000a5000000, 0x00000000a5000000, 0x00000000a5100000|  0%| F|  |TAMS 0x00000000a5000000, 0x00000000a5000000| Untracked 
| 593|0x00000000a5100000, 0x00000000a5100000, 0x00000000a5200000|  0%| F|  |TAMS 0x00000000a5100000, 0x00000000a5100000| Untracked 
| 594|0x00000000a5200000, 0x00000000a5200000, 0x00000000a5300000|  0%| F|  |TAMS 0x00000000a5200000, 0x00000000a5200000| Untracked 
| 595|0x00000000a5300000, 0x00000000a5300000, 0x00000000a5400000|  0%| F|  |TAMS 0x00000000a5300000, 0x00000000a5300000| Untracked 
| 596|0x00000000a5400000, 0x00000000a5400000, 0x00000000a5500000|  0%| F|  |TAMS 0x00000000a5400000, 0x00000000a5400000| Untracked 
| 597|0x00000000a5500000, 0x00000000a5500000, 0x00000000a5600000|  0%| F|  |TAMS 0x00000000a5500000, 0x00000000a5500000| Untracked 
| 598|0x00000000a5600000, 0x00000000a5600000, 0x00000000a5700000|  0%| F|  |TAMS 0x00000000a5600000, 0x00000000a5600000| Untracked 
| 599|0x00000000a5700000, 0x00000000a5700000, 0x00000000a5800000|  0%| F|  |TAMS 0x00000000a5700000, 0x00000000a5700000| Untracked 
| 600|0x00000000a5800000, 0x00000000a5800000, 0x00000000a5900000|  0%| F|  |TAMS 0x00000000a5800000, 0x00000000a5800000| Untracked 
| 601|0x00000000a5900000, 0x00000000a5900000, 0x00000000a5a00000|  0%| F|  |TAMS 0x00000000a5900000, 0x00000000a5900000| Untracked 
| 602|0x00000000a5a00000, 0x00000000a5a00000, 0x00000000a5b00000|  0%| F|  |TAMS 0x00000000a5a00000, 0x00000000a5a00000| Untracked 
| 603|0x00000000a5b00000, 0x00000000a5b22a08, 0x00000000a5c00000| 13%| S|CS|TAMS 0x00000000a5b00000, 0x00000000a5b00000| Complete 
| 604|0x00000000a5c00000, 0x00000000a5d00000, 0x00000000a5d00000|100%| S|CS|TAMS 0x00000000a5c00000, 0x00000000a5c00000| Complete 
| 605|0x00000000a5d00000, 0x00000000a5e00000, 0x00000000a5e00000|100%| S|CS|TAMS 0x00000000a5d00000, 0x00000000a5d00000| Complete 
| 606|0x00000000a5e00000, 0x00000000a5f00000, 0x00000000a5f00000|100%| S|CS|TAMS 0x00000000a5e00000, 0x00000000a5e00000| Complete 
| 607|0x00000000a5f00000, 0x00000000a6000000, 0x00000000a6000000|100%| S|CS|TAMS 0x00000000a5f00000, 0x00000000a5f00000| Complete 
| 608|0x00000000a6000000, 0x00000000a6100000, 0x00000000a6100000|100%| S|CS|TAMS 0x00000000a6000000, 0x00000000a6000000| Complete 
| 609|0x00000000a6100000, 0x00000000a6200000, 0x00000000a6200000|100%| S|CS|TAMS 0x00000000a6100000, 0x00000000a6100000| Complete 
| 610|0x00000000a6200000, 0x00000000a6300000, 0x00000000a6300000|100%| S|CS|TAMS 0x00000000a6200000, 0x00000000a6200000| Complete 
| 611|0x00000000a6300000, 0x00000000a6400000, 0x00000000a6400000|100%| S|CS|TAMS 0x00000000a6300000, 0x00000000a6300000| Complete 
| 612|0x00000000a6400000, 0x00000000a6500000, 0x00000000a6500000|100%| S|CS|TAMS 0x00000000a6400000, 0x00000000a6400000| Complete 
| 613|0x00000000a6500000, 0x00000000a6600000, 0x00000000a6600000|100%| S|CS|TAMS 0x00000000a6500000, 0x00000000a6500000| Complete 
| 614|0x00000000a6600000, 0x00000000a6700000, 0x00000000a6700000|100%| S|CS|TAMS 0x00000000a6600000, 0x00000000a6600000| Complete 
| 615|0x00000000a6700000, 0x00000000a6800000, 0x00000000a6800000|100%| S|CS|TAMS 0x00000000a6700000, 0x00000000a6700000| Complete 
| 616|0x00000000a6800000, 0x00000000a6900000, 0x00000000a6900000|100%| S|CS|TAMS 0x00000000a6800000, 0x00000000a6800000| Complete 
| 617|0x00000000a6900000, 0x00000000a6a00000, 0x00000000a6a00000|100%| S|CS|TAMS 0x00000000a6900000, 0x00000000a6900000| Complete 
| 618|0x00000000a6a00000, 0x00000000a6b00000, 0x00000000a6b00000|100%| S|CS|TAMS 0x00000000a6a00000, 0x00000000a6a00000| Complete 
| 619|0x00000000a6b00000, 0x00000000a6b00000, 0x00000000a6c00000|  0%| F|  |TAMS 0x00000000a6b00000, 0x00000000a6b00000| Untracked 
| 620|0x00000000a6c00000, 0x00000000a6c00000, 0x00000000a6d00000|  0%| F|  |TAMS 0x00000000a6c00000, 0x00000000a6c00000| Untracked 
| 621|0x00000000a6d00000, 0x00000000a6d00000, 0x00000000a6e00000|  0%| F|  |TAMS 0x00000000a6d00000, 0x00000000a6d00000| Untracked 
| 622|0x00000000a6e00000, 0x00000000a6e00000, 0x00000000a6f00000|  0%| F|  |TAMS 0x00000000a6e00000, 0x00000000a6e00000| Untracked 
| 623|0x00000000a6f00000, 0x00000000a6f00000, 0x00000000a7000000|  0%| F|  |TAMS 0x00000000a6f00000, 0x00000000a6f00000| Untracked 
| 624|0x00000000a7000000, 0x00000000a7000000, 0x00000000a7100000|  0%| F|  |TAMS 0x00000000a7000000, 0x00000000a7000000| Untracked 
| 625|0x00000000a7100000, 0x00000000a7100000, 0x00000000a7200000|  0%| F|  |TAMS 0x00000000a7100000, 0x00000000a7100000| Untracked 
| 626|0x00000000a7200000, 0x00000000a7200000, 0x00000000a7300000|  0%| F|  |TAMS 0x00000000a7200000, 0x00000000a7200000| Untracked 
| 627|0x00000000a7300000, 0x00000000a7300000, 0x00000000a7400000|  0%| F|  |TAMS 0x00000000a7300000, 0x00000000a7300000| Untracked 
| 628|0x00000000a7400000, 0x00000000a7400000, 0x00000000a7500000|  0%| F|  |TAMS 0x00000000a7400000, 0x00000000a7400000| Untracked 
| 629|0x00000000a7500000, 0x00000000a7500000, 0x00000000a7600000|  0%| F|  |TAMS 0x00000000a7500000, 0x00000000a7500000| Untracked 
| 630|0x00000000a7600000, 0x00000000a7600000, 0x00000000a7700000|  0%| F|  |TAMS 0x00000000a7600000, 0x00000000a7600000| Untracked 
| 631|0x00000000a7700000, 0x00000000a7700000, 0x00000000a7800000|  0%| F|  |TAMS 0x00000000a7700000, 0x00000000a7700000| Untracked 
| 632|0x00000000a7800000, 0x00000000a7800000, 0x00000000a7900000|  0%| F|  |TAMS 0x00000000a7800000, 0x00000000a7800000| Untracked 
| 633|0x00000000a7900000, 0x00000000a7900000, 0x00000000a7a00000|  0%| F|  |TAMS 0x00000000a7900000, 0x00000000a7900000| Untracked 
| 634|0x00000000a7a00000, 0x00000000a7a00000, 0x00000000a7b00000|  0%| F|  |TAMS 0x00000000a7a00000, 0x00000000a7a00000| Untracked 
| 635|0x00000000a7b00000, 0x00000000a7b00000, 0x00000000a7c00000|  0%| F|  |TAMS 0x00000000a7b00000, 0x00000000a7b00000| Untracked 
| 636|0x00000000a7c00000, 0x00000000a7c00000, 0x00000000a7d00000|  0%| F|  |TAMS 0x00000000a7c00000, 0x00000000a7c00000| Untracked 
| 637|0x00000000a7d00000, 0x00000000a7d00000, 0x00000000a7e00000|  0%| F|  |TAMS 0x00000000a7d00000, 0x00000000a7d00000| Untracked 
| 638|0x00000000a7e00000, 0x00000000a7e00000, 0x00000000a7f00000|  0%| F|  |TAMS 0x00000000a7e00000, 0x00000000a7e00000| Untracked 
| 639|0x00000000a7f00000, 0x00000000a7f00000, 0x00000000a8000000|  0%| F|  |TAMS 0x00000000a7f00000, 0x00000000a7f00000| Untracked 
| 640|0x00000000a8000000, 0x00000000a8000000, 0x00000000a8100000|  0%| F|  |TAMS 0x00000000a8000000, 0x00000000a8000000| Untracked 
| 641|0x00000000a8100000, 0x00000000a8100000, 0x00000000a8200000|  0%| F|  |TAMS 0x00000000a8100000, 0x00000000a8100000| Untracked 
| 642|0x00000000a8200000, 0x00000000a8200000, 0x00000000a8300000|  0%| F|  |TAMS 0x00000000a8200000, 0x00000000a8200000| Untracked 
| 643|0x00000000a8300000, 0x00000000a8300000, 0x00000000a8400000|  0%| F|  |TAMS 0x00000000a8300000, 0x00000000a8300000| Untracked 
| 644|0x00000000a8400000, 0x00000000a8400000, 0x00000000a8500000|  0%| F|  |TAMS 0x00000000a8400000, 0x00000000a8400000| Untracked 
| 645|0x00000000a8500000, 0x00000000a8500000, 0x00000000a8600000|  0%| F|  |TAMS 0x00000000a8500000, 0x00000000a8500000| Untracked 
| 646|0x00000000a8600000, 0x00000000a8600000, 0x00000000a8700000|  0%| F|  |TAMS 0x00000000a8600000, 0x00000000a8600000| Untracked 
| 647|0x00000000a8700000, 0x00000000a8700000, 0x00000000a8800000|  0%| F|  |TAMS 0x00000000a8700000, 0x00000000a8700000| Untracked 
| 648|0x00000000a8800000, 0x00000000a8800000, 0x00000000a8900000|  0%| F|  |TAMS 0x00000000a8800000, 0x00000000a8800000| Untracked 
| 649|0x00000000a8900000, 0x00000000a8900000, 0x00000000a8a00000|  0%| F|  |TAMS 0x00000000a8900000, 0x00000000a8900000| Untracked 
| 650|0x00000000a8a00000, 0x00000000a8a00000, 0x00000000a8b00000|  0%| F|  |TAMS 0x00000000a8a00000, 0x00000000a8a00000| Untracked 
| 651|0x00000000a8b00000, 0x00000000a8b00000, 0x00000000a8c00000|  0%| F|  |TAMS 0x00000000a8b00000, 0x00000000a8b00000| Untracked 
| 652|0x00000000a8c00000, 0x00000000a8c00000, 0x00000000a8d00000|  0%| F|  |TAMS 0x00000000a8c00000, 0x00000000a8c00000| Untracked 
| 653|0x00000000a8d00000, 0x00000000a8d00000, 0x00000000a8e00000|  0%| F|  |TAMS 0x00000000a8d00000, 0x00000000a8d00000| Untracked 
| 654|0x00000000a8e00000, 0x00000000a8e00000, 0x00000000a8f00000|  0%| F|  |TAMS 0x00000000a8e00000, 0x00000000a8e00000| Untracked 
| 655|0x00000000a8f00000, 0x00000000a8f00000, 0x00000000a9000000|  0%| F|  |TAMS 0x00000000a8f00000, 0x00000000a8f00000| Untracked 
| 656|0x00000000a9000000, 0x00000000a9000000, 0x00000000a9100000|  0%| F|  |TAMS 0x00000000a9000000, 0x00000000a9000000| Untracked 
| 657|0x00000000a9100000, 0x00000000a9100000, 0x00000000a9200000|  0%| F|  |TAMS 0x00000000a9100000, 0x00000000a9100000| Untracked 
| 658|0x00000000a9200000, 0x00000000a9200000, 0x00000000a9300000|  0%| F|  |TAMS 0x00000000a9200000, 0x00000000a9200000| Untracked 
| 659|0x00000000a9300000, 0x00000000a9300000, 0x00000000a9400000|  0%| F|  |TAMS 0x00000000a9300000, 0x00000000a9300000| Untracked 
| 660|0x00000000a9400000, 0x00000000a9400000, 0x00000000a9500000|  0%| F|  |TAMS 0x00000000a9400000, 0x00000000a9400000| Untracked 
| 661|0x00000000a9500000, 0x00000000a9500000, 0x00000000a9600000|  0%| F|  |TAMS 0x00000000a9500000, 0x00000000a9500000| Untracked 
| 662|0x00000000a9600000, 0x00000000a9600000, 0x00000000a9700000|  0%| F|  |TAMS 0x00000000a9600000, 0x00000000a9600000| Untracked 
| 663|0x00000000a9700000, 0x00000000a9700000, 0x00000000a9800000|  0%| F|  |TAMS 0x00000000a9700000, 0x00000000a9700000| Untracked 
| 664|0x00000000a9800000, 0x00000000a9800000, 0x00000000a9900000|  0%| F|  |TAMS 0x00000000a9800000, 0x00000000a9800000| Untracked 
| 665|0x00000000a9900000, 0x00000000a9900000, 0x00000000a9a00000|  0%| F|  |TAMS 0x00000000a9900000, 0x00000000a9900000| Untracked 
| 666|0x00000000a9a00000, 0x00000000a9a00000, 0x00000000a9b00000|  0%| F|  |TAMS 0x00000000a9a00000, 0x00000000a9a00000| Untracked 
| 667|0x00000000a9b00000, 0x00000000a9b00000, 0x00000000a9c00000|  0%| F|  |TAMS 0x00000000a9b00000, 0x00000000a9b00000| Untracked 
| 668|0x00000000a9c00000, 0x00000000a9c00000, 0x00000000a9d00000|  0%| F|  |TAMS 0x00000000a9c00000, 0x00000000a9c00000| Untracked 
| 669|0x00000000a9d00000, 0x00000000a9d00000, 0x00000000a9e00000|  0%| F|  |TAMS 0x00000000a9d00000, 0x00000000a9d00000| Untracked 
| 670|0x00000000a9e00000, 0x00000000a9e00000, 0x00000000a9f00000|  0%| F|  |TAMS 0x00000000a9e00000, 0x00000000a9e00000| Untracked 
| 671|0x00000000a9f00000, 0x00000000a9f00000, 0x00000000aa000000|  0%| F|  |TAMS 0x00000000a9f00000, 0x00000000a9f00000| Untracked 
| 672|0x00000000aa000000, 0x00000000aa000000, 0x00000000aa100000|  0%| F|  |TAMS 0x00000000aa000000, 0x00000000aa000000| Untracked 
| 673|0x00000000aa100000, 0x00000000aa100000, 0x00000000aa200000|  0%| F|  |TAMS 0x00000000aa100000, 0x00000000aa100000| Untracked 
| 674|0x00000000aa200000, 0x00000000aa200000, 0x00000000aa300000|  0%| F|  |TAMS 0x00000000aa200000, 0x00000000aa200000| Untracked 
| 675|0x00000000aa300000, 0x00000000aa300000, 0x00000000aa400000|  0%| F|  |TAMS 0x00000000aa300000, 0x00000000aa300000| Untracked 
| 676|0x00000000aa400000, 0x00000000aa400000, 0x00000000aa500000|  0%| F|  |TAMS 0x00000000aa400000, 0x00000000aa400000| Untracked 
| 677|0x00000000aa500000, 0x00000000aa500000, 0x00000000aa600000|  0%| F|  |TAMS 0x00000000aa500000, 0x00000000aa500000| Untracked 
| 678|0x00000000aa600000, 0x00000000aa600000, 0x00000000aa700000|  0%| F|  |TAMS 0x00000000aa600000, 0x00000000aa600000| Untracked 
| 679|0x00000000aa700000, 0x00000000aa700000, 0x00000000aa800000|  0%| F|  |TAMS 0x00000000aa700000, 0x00000000aa700000| Untracked 
| 680|0x00000000aa800000, 0x00000000aa800000, 0x00000000aa900000|  0%| F|  |TAMS 0x00000000aa800000, 0x00000000aa800000| Untracked 
| 681|0x00000000aa900000, 0x00000000aa900000, 0x00000000aaa00000|  0%| F|  |TAMS 0x00000000aa900000, 0x00000000aa900000| Untracked 
| 682|0x00000000aaa00000, 0x00000000aaa00000, 0x00000000aab00000|  0%| F|  |TAMS 0x00000000aaa00000, 0x00000000aaa00000| Untracked 
| 683|0x00000000aab00000, 0x00000000aab00000, 0x00000000aac00000|  0%| F|  |TAMS 0x00000000aab00000, 0x00000000aab00000| Untracked 
| 684|0x00000000aac00000, 0x00000000aac00000, 0x00000000aad00000|  0%| F|  |TAMS 0x00000000aac00000, 0x00000000aac00000| Untracked 
| 685|0x00000000aad00000, 0x00000000aad00000, 0x00000000aae00000|  0%| F|  |TAMS 0x00000000aad00000, 0x00000000aad00000| Untracked 
| 686|0x00000000aae00000, 0x00000000aae00000, 0x00000000aaf00000|  0%| F|  |TAMS 0x00000000aae00000, 0x00000000aae00000| Untracked 
| 687|0x00000000aaf00000, 0x00000000aaf00000, 0x00000000ab000000|  0%| F|  |TAMS 0x00000000aaf00000, 0x00000000aaf00000| Untracked 
| 688|0x00000000ab000000, 0x00000000ab000000, 0x00000000ab100000|  0%| F|  |TAMS 0x00000000ab000000, 0x00000000ab000000| Untracked 
| 689|0x00000000ab100000, 0x00000000ab100000, 0x00000000ab200000|  0%| F|  |TAMS 0x00000000ab100000, 0x00000000ab100000| Untracked 
| 690|0x00000000ab200000, 0x00000000ab200000, 0x00000000ab300000|  0%| F|  |TAMS 0x00000000ab200000, 0x00000000ab200000| Untracked 
| 691|0x00000000ab300000, 0x00000000ab300000, 0x00000000ab400000|  0%| F|  |TAMS 0x00000000ab300000, 0x00000000ab300000| Untracked 
| 692|0x00000000ab400000, 0x00000000ab400000, 0x00000000ab500000|  0%| F|  |TAMS 0x00000000ab400000, 0x00000000ab400000| Untracked 
| 693|0x00000000ab500000, 0x00000000ab500000, 0x00000000ab600000|  0%| F|  |TAMS 0x00000000ab500000, 0x00000000ab500000| Untracked 
| 694|0x00000000ab600000, 0x00000000ab600000, 0x00000000ab700000|  0%| F|  |TAMS 0x00000000ab600000, 0x00000000ab600000| Untracked 
| 695|0x00000000ab700000, 0x00000000ab700000, 0x00000000ab800000|  0%| F|  |TAMS 0x00000000ab700000, 0x00000000ab700000| Untracked 
| 696|0x00000000ab800000, 0x00000000ab800000, 0x00000000ab900000|  0%| F|  |TAMS 0x00000000ab800000, 0x00000000ab800000| Untracked 
| 697|0x00000000ab900000, 0x00000000ab900000, 0x00000000aba00000|  0%| F|  |TAMS 0x00000000ab900000, 0x00000000ab900000| Untracked 
| 698|0x00000000aba00000, 0x00000000aba00000, 0x00000000abb00000|  0%| F|  |TAMS 0x00000000aba00000, 0x00000000aba00000| Untracked 
| 699|0x00000000abb00000, 0x00000000abb00000, 0x00000000abc00000|  0%| F|  |TAMS 0x00000000abb00000, 0x00000000abb00000| Untracked 
| 700|0x00000000abc00000, 0x00000000abc00000, 0x00000000abd00000|  0%| F|  |TAMS 0x00000000abc00000, 0x00000000abc00000| Untracked 
| 701|0x00000000abd00000, 0x00000000abd00000, 0x00000000abe00000|  0%| F|  |TAMS 0x00000000abd00000, 0x00000000abd00000| Untracked 
| 702|0x00000000abe00000, 0x00000000abe00000, 0x00000000abf00000|  0%| F|  |TAMS 0x00000000abe00000, 0x00000000abe00000| Untracked 
| 703|0x00000000abf00000, 0x00000000abf00000, 0x00000000ac000000|  0%| F|  |TAMS 0x00000000abf00000, 0x00000000abf00000| Untracked 
| 704|0x00000000ac000000, 0x00000000ac000000, 0x00000000ac100000|  0%| F|  |TAMS 0x00000000ac000000, 0x00000000ac000000| Untracked 
| 705|0x00000000ac100000, 0x00000000ac100000, 0x00000000ac200000|  0%| F|  |TAMS 0x00000000ac100000, 0x00000000ac100000| Untracked 
| 706|0x00000000ac200000, 0x00000000ac200000, 0x00000000ac300000|  0%| F|  |TAMS 0x00000000ac200000, 0x00000000ac200000| Untracked 
| 707|0x00000000ac300000, 0x00000000ac300000, 0x00000000ac400000|  0%| F|  |TAMS 0x00000000ac300000, 0x00000000ac300000| Untracked 
| 708|0x00000000ac400000, 0x00000000ac400000, 0x00000000ac500000|  0%| F|  |TAMS 0x00000000ac400000, 0x00000000ac400000| Untracked 
| 709|0x00000000ac500000, 0x00000000ac500000, 0x00000000ac600000|  0%| F|  |TAMS 0x00000000ac500000, 0x00000000ac500000| Untracked 
| 710|0x00000000ac600000, 0x00000000ac62dda0, 0x00000000ac700000| 17%| E|  |TAMS 0x00000000ac600000, 0x00000000ac600000| Complete 
| 711|0x00000000ac700000, 0x00000000ac800000, 0x00000000ac800000|100%| E|CS|TAMS 0x00000000ac700000, 0x00000000ac700000| Complete 
| 712|0x00000000ac800000, 0x00000000ac900000, 0x00000000ac900000|100%| E|CS|TAMS 0x00000000ac800000, 0x00000000ac800000| Complete 
| 713|0x00000000ac900000, 0x00000000aca00000, 0x00000000aca00000|100%| E|CS|TAMS 0x00000000ac900000, 0x00000000ac900000| Complete 
| 714|0x00000000aca00000, 0x00000000acb00000, 0x00000000acb00000|100%| E|CS|TAMS 0x00000000aca00000, 0x00000000aca00000| Complete 
| 715|0x00000000acb00000, 0x00000000acc00000, 0x00000000acc00000|100%| E|CS|TAMS 0x00000000acb00000, 0x00000000acb00000| Complete 
| 716|0x00000000acc00000, 0x00000000acd00000, 0x00000000acd00000|100%| E|CS|TAMS 0x00000000acc00000, 0x00000000acc00000| Complete 
| 717|0x00000000acd00000, 0x00000000ace00000, 0x00000000ace00000|100%| E|CS|TAMS 0x00000000acd00000, 0x00000000acd00000| Complete 
| 718|0x00000000ace00000, 0x00000000acf00000, 0x00000000acf00000|100%| E|CS|TAMS 0x00000000ace00000, 0x00000000ace00000| Complete 
| 719|0x00000000acf00000, 0x00000000ad000000, 0x00000000ad000000|100%| E|CS|TAMS 0x00000000acf00000, 0x00000000acf00000| Complete 
| 720|0x00000000ad000000, 0x00000000ad100000, 0x00000000ad100000|100%| E|CS|TAMS 0x00000000ad000000, 0x00000000ad000000| Complete 
| 721|0x00000000ad100000, 0x00000000ad200000, 0x00000000ad200000|100%| E|CS|TAMS 0x00000000ad100000, 0x00000000ad100000| Complete 
| 722|0x00000000ad200000, 0x00000000ad300000, 0x00000000ad300000|100%| E|CS|TAMS 0x00000000ad200000, 0x00000000ad200000| Complete 
| 723|0x00000000ad300000, 0x00000000ad400000, 0x00000000ad400000|100%| E|CS|TAMS 0x00000000ad300000, 0x00000000ad300000| Complete 
| 724|0x00000000ad400000, 0x00000000ad500000, 0x00000000ad500000|100%| E|CS|TAMS 0x00000000ad400000, 0x00000000ad400000| Complete 
| 725|0x00000000ad500000, 0x00000000ad600000, 0x00000000ad600000|100%| E|CS|TAMS 0x00000000ad500000, 0x00000000ad500000| Complete 
| 726|0x00000000ad600000, 0x00000000ad700000, 0x00000000ad700000|100%| E|CS|TAMS 0x00000000ad600000, 0x00000000ad600000| Complete 
| 727|0x00000000ad700000, 0x00000000ad800000, 0x00000000ad800000|100%| E|CS|TAMS 0x00000000ad700000, 0x00000000ad700000| Complete 
| 728|0x00000000ad800000, 0x00000000ad900000, 0x00000000ad900000|100%| E|CS|TAMS 0x00000000ad800000, 0x00000000ad800000| Complete 
| 729|0x00000000ad900000, 0x00000000ada00000, 0x00000000ada00000|100%| E|CS|TAMS 0x00000000ad900000, 0x00000000ad900000| Complete 
| 730|0x00000000ada00000, 0x00000000adb00000, 0x00000000adb00000|100%| E|CS|TAMS 0x00000000ada00000, 0x00000000ada00000| Complete 
| 731|0x00000000adb00000, 0x00000000adc00000, 0x00000000adc00000|100%| E|CS|TAMS 0x00000000adb00000, 0x00000000adb00000| Complete 
| 732|0x00000000adc00000, 0x00000000add00000, 0x00000000add00000|100%| E|CS|TAMS 0x00000000adc00000, 0x00000000adc00000| Complete 
| 733|0x00000000add00000, 0x00000000ade00000, 0x00000000ade00000|100%| E|CS|TAMS 0x00000000add00000, 0x00000000add00000| Complete 
| 734|0x00000000ade00000, 0x00000000adf00000, 0x00000000adf00000|100%| E|CS|TAMS 0x00000000ade00000, 0x00000000ade00000| Complete 
| 735|0x00000000adf00000, 0x00000000ae000000, 0x00000000ae000000|100%| E|CS|TAMS 0x00000000adf00000, 0x00000000adf00000| Complete 
| 736|0x00000000ae000000, 0x00000000ae100000, 0x00000000ae100000|100%| E|CS|TAMS 0x00000000ae000000, 0x00000000ae000000| Complete 
| 737|0x00000000ae100000, 0x00000000ae200000, 0x00000000ae200000|100%| E|CS|TAMS 0x00000000ae100000, 0x00000000ae100000| Complete 
| 738|0x00000000ae200000, 0x00000000ae300000, 0x00000000ae300000|100%| E|CS|TAMS 0x00000000ae200000, 0x00000000ae200000| Complete 
| 739|0x00000000ae300000, 0x00000000ae400000, 0x00000000ae400000|100%| E|  |TAMS 0x00000000ae300000, 0x00000000ae300000| Complete 
| 740|0x00000000ae400000, 0x00000000ae500000, 0x00000000ae500000|100%| E|CS|TAMS 0x00000000ae400000, 0x00000000ae400000| Complete 
| 741|0x00000000ae500000, 0x00000000ae600000, 0x00000000ae600000|100%| E|CS|TAMS 0x00000000ae500000, 0x00000000ae500000| Complete 
| 742|0x00000000ae600000, 0x00000000ae700000, 0x00000000ae700000|100%| E|CS|TAMS 0x00000000ae600000, 0x00000000ae600000| Complete 
| 743|0x00000000ae700000, 0x00000000ae800000, 0x00000000ae800000|100%| E|CS|TAMS 0x00000000ae700000, 0x00000000ae700000| Complete 
| 744|0x00000000ae800000, 0x00000000ae900000, 0x00000000ae900000|100%| E|CS|TAMS 0x00000000ae800000, 0x00000000ae800000| Complete 
| 745|0x00000000ae900000, 0x00000000aea00000, 0x00000000aea00000|100%| E|CS|TAMS 0x00000000ae900000, 0x00000000ae900000| Complete 
| 746|0x00000000aea00000, 0x00000000aeb00000, 0x00000000aeb00000|100%| E|CS|TAMS 0x00000000aea00000, 0x00000000aea00000| Complete 
| 747|0x00000000aeb00000, 0x00000000aec00000, 0x00000000aec00000|100%| E|CS|TAMS 0x00000000aeb00000, 0x00000000aeb00000| Complete 
| 748|0x00000000aec00000, 0x00000000aed00000, 0x00000000aed00000|100%| E|CS|TAMS 0x00000000aec00000, 0x00000000aec00000| Complete 
| 749|0x00000000aed00000, 0x00000000aee00000, 0x00000000aee00000|100%| E|CS|TAMS 0x00000000aed00000, 0x00000000aed00000| Complete 
| 750|0x00000000aee00000, 0x00000000aef00000, 0x00000000aef00000|100%| E|CS|TAMS 0x00000000aee00000, 0x00000000aee00000| Complete 
| 751|0x00000000aef00000, 0x00000000af000000, 0x00000000af000000|100%| E|CS|TAMS 0x00000000aef00000, 0x00000000aef00000| Complete 
| 752|0x00000000af000000, 0x00000000af100000, 0x00000000af100000|100%| E|CS|TAMS 0x00000000af000000, 0x00000000af000000| Complete 
| 753|0x00000000af100000, 0x00000000af200000, 0x00000000af200000|100%| E|CS|TAMS 0x00000000af100000, 0x00000000af100000| Complete 
| 754|0x00000000af200000, 0x00000000af300000, 0x00000000af300000|100%| E|CS|TAMS 0x00000000af200000, 0x00000000af200000| Complete 
| 755|0x00000000af300000, 0x00000000af400000, 0x00000000af400000|100%| E|CS|TAMS 0x00000000af300000, 0x00000000af300000| Complete 
| 756|0x00000000af400000, 0x00000000af500000, 0x00000000af500000|100%| E|CS|TAMS 0x00000000af400000, 0x00000000af400000| Complete 
| 757|0x00000000af500000, 0x00000000af600000, 0x00000000af600000|100%| E|CS|TAMS 0x00000000af500000, 0x00000000af500000| Complete 
| 758|0x00000000af600000, 0x00000000af700000, 0x00000000af700000|100%| E|CS|TAMS 0x00000000af600000, 0x00000000af600000| Complete 
| 759|0x00000000af700000, 0x00000000af800000, 0x00000000af800000|100%| E|CS|TAMS 0x00000000af700000, 0x00000000af700000| Complete 
| 760|0x00000000af800000, 0x00000000af900000, 0x00000000af900000|100%| E|CS|TAMS 0x00000000af800000, 0x00000000af800000| Complete 
| 761|0x00000000af900000, 0x00000000afa00000, 0x00000000afa00000|100%| E|CS|TAMS 0x00000000af900000, 0x00000000af900000| Complete 
| 762|0x00000000afa00000, 0x00000000afb00000, 0x00000000afb00000|100%| E|CS|TAMS 0x00000000afa00000, 0x00000000afa00000| Complete 
| 763|0x00000000afb00000, 0x00000000afc00000, 0x00000000afc00000|100%| E|CS|TAMS 0x00000000afb00000, 0x00000000afb00000| Complete 
| 764|0x00000000afc00000, 0x00000000afd00000, 0x00000000afd00000|100%| E|CS|TAMS 0x00000000afc00000, 0x00000000afc00000| Complete 
| 765|0x00000000afd00000, 0x00000000afe00000, 0x00000000afe00000|100%| E|CS|TAMS 0x00000000afd00000, 0x00000000afd00000| Complete 
| 766|0x00000000afe00000, 0x00000000aff00000, 0x00000000aff00000|100%| E|CS|TAMS 0x00000000afe00000, 0x00000000afe00000| Complete 
| 767|0x00000000aff00000, 0x00000000b0000000, 0x00000000b0000000|100%| E|CS|TAMS 0x00000000aff00000, 0x00000000aff00000| Complete 
| 768|0x00000000b0000000, 0x00000000b0100000, 0x00000000b0100000|100%| E|CS|TAMS 0x00000000b0000000, 0x00000000b0000000| Complete 
| 769|0x00000000b0100000, 0x00000000b0200000, 0x00000000b0200000|100%| E|CS|TAMS 0x00000000b0100000, 0x00000000b0100000| Complete 
| 770|0x00000000b0200000, 0x00000000b0300000, 0x00000000b0300000|100%| E|CS|TAMS 0x00000000b0200000, 0x00000000b0200000| Complete 
| 771|0x00000000b0300000, 0x00000000b0400000, 0x00000000b0400000|100%| E|CS|TAMS 0x00000000b0300000, 0x00000000b0300000| Complete 
| 772|0x00000000b0400000, 0x00000000b0500000, 0x00000000b0500000|100%| E|CS|TAMS 0x00000000b0400000, 0x00000000b0400000| Complete 
| 773|0x00000000b0500000, 0x00000000b0600000, 0x00000000b0600000|100%| E|CS|TAMS 0x00000000b0500000, 0x00000000b0500000| Complete 
| 774|0x00000000b0600000, 0x00000000b0700000, 0x00000000b0700000|100%| E|CS|TAMS 0x00000000b0600000, 0x00000000b0600000| Complete 
| 775|0x00000000b0700000, 0x00000000b0800000, 0x00000000b0800000|100%| E|CS|TAMS 0x00000000b0700000, 0x00000000b0700000| Complete 
| 776|0x00000000b0800000, 0x00000000b0900000, 0x00000000b0900000|100%| E|CS|TAMS 0x00000000b0800000, 0x00000000b0800000| Complete 
| 777|0x00000000b0900000, 0x00000000b0a00000, 0x00000000b0a00000|100%| E|CS|TAMS 0x00000000b0900000, 0x00000000b0900000| Complete 
| 778|0x00000000b0a00000, 0x00000000b0b00000, 0x00000000b0b00000|100%| E|CS|TAMS 0x00000000b0a00000, 0x00000000b0a00000| Complete 
| 779|0x00000000b0b00000, 0x00000000b0c00000, 0x00000000b0c00000|100%| E|CS|TAMS 0x00000000b0b00000, 0x00000000b0b00000| Complete 
| 780|0x00000000b0c00000, 0x00000000b0d00000, 0x00000000b0d00000|100%| E|CS|TAMS 0x00000000b0c00000, 0x00000000b0c00000| Complete 
| 781|0x00000000b0d00000, 0x00000000b0e00000, 0x00000000b0e00000|100%| E|CS|TAMS 0x00000000b0d00000, 0x00000000b0d00000| Complete 
| 782|0x00000000b0e00000, 0x00000000b0f00000, 0x00000000b0f00000|100%| E|CS|TAMS 0x00000000b0e00000, 0x00000000b0e00000| Complete 
| 783|0x00000000b0f00000, 0x00000000b1000000, 0x00000000b1000000|100%| E|CS|TAMS 0x00000000b0f00000, 0x00000000b0f00000| Complete 
| 784|0x00000000b1000000, 0x00000000b1100000, 0x00000000b1100000|100%| E|CS|TAMS 0x00000000b1000000, 0x00000000b1000000| Complete 
| 785|0x00000000b1100000, 0x00000000b1200000, 0x00000000b1200000|100%| E|CS|TAMS 0x00000000b1100000, 0x00000000b1100000| Complete 
| 786|0x00000000b1200000, 0x00000000b1300000, 0x00000000b1300000|100%| E|CS|TAMS 0x00000000b1200000, 0x00000000b1200000| Complete 
| 787|0x00000000b1300000, 0x00000000b1400000, 0x00000000b1400000|100%| E|CS|TAMS 0x00000000b1300000, 0x00000000b1300000| Complete 
| 788|0x00000000b1400000, 0x00000000b1500000, 0x00000000b1500000|100%| E|CS|TAMS 0x00000000b1400000, 0x00000000b1400000| Complete 
| 789|0x00000000b1500000, 0x00000000b1600000, 0x00000000b1600000|100%| E|CS|TAMS 0x00000000b1500000, 0x00000000b1500000| Complete 
| 790|0x00000000b1600000, 0x00000000b1700000, 0x00000000b1700000|100%| E|CS|TAMS 0x00000000b1600000, 0x00000000b1600000| Complete 
| 791|0x00000000b1700000, 0x00000000b1800000, 0x00000000b1800000|100%| E|CS|TAMS 0x00000000b1700000, 0x00000000b1700000| Complete 
| 792|0x00000000b1800000, 0x00000000b1900000, 0x00000000b1900000|100%| E|CS|TAMS 0x00000000b1800000, 0x00000000b1800000| Complete 
| 793|0x00000000b1900000, 0x00000000b1a00000, 0x00000000b1a00000|100%| E|CS|TAMS 0x00000000b1900000, 0x00000000b1900000| Complete 
| 794|0x00000000b1a00000, 0x00000000b1b00000, 0x00000000b1b00000|100%| E|CS|TAMS 0x00000000b1a00000, 0x00000000b1a00000| Complete 
| 795|0x00000000b1b00000, 0x00000000b1c00000, 0x00000000b1c00000|100%| E|CS|TAMS 0x00000000b1b00000, 0x00000000b1b00000| Complete 
| 796|0x00000000b1c00000, 0x00000000b1d00000, 0x00000000b1d00000|100%| E|CS|TAMS 0x00000000b1c00000, 0x00000000b1c00000| Complete 
| 797|0x00000000b1d00000, 0x00000000b1e00000, 0x00000000b1e00000|100%| E|CS|TAMS 0x00000000b1d00000, 0x00000000b1d00000| Complete 
| 798|0x00000000b1e00000, 0x00000000b1f00000, 0x00000000b1f00000|100%| E|CS|TAMS 0x00000000b1e00000, 0x00000000b1e00000| Complete 
| 799|0x00000000b1f00000, 0x00000000b2000000, 0x00000000b2000000|100%| E|CS|TAMS 0x00000000b1f00000, 0x00000000b1f00000| Complete 
| 800|0x00000000b2000000, 0x00000000b2100000, 0x00000000b2100000|100%| E|CS|TAMS 0x00000000b2000000, 0x00000000b2000000| Complete 
| 801|0x00000000b2100000, 0x00000000b2200000, 0x00000000b2200000|100%| E|CS|TAMS 0x00000000b2100000, 0x00000000b2100000| Complete 
| 802|0x00000000b2200000, 0x00000000b2300000, 0x00000000b2300000|100%| E|CS|TAMS 0x00000000b2200000, 0x00000000b2200000| Complete 
| 803|0x00000000b2300000, 0x00000000b2400000, 0x00000000b2400000|100%| E|CS|TAMS 0x00000000b2300000, 0x00000000b2300000| Complete 
| 804|0x00000000b2400000, 0x00000000b2500000, 0x00000000b2500000|100%| E|CS|TAMS 0x00000000b2400000, 0x00000000b2400000| Complete 
| 805|0x00000000b2500000, 0x00000000b2600000, 0x00000000b2600000|100%| E|CS|TAMS 0x00000000b2500000, 0x00000000b2500000| Complete 
| 806|0x00000000b2600000, 0x00000000b2700000, 0x00000000b2700000|100%| E|CS|TAMS 0x00000000b2600000, 0x00000000b2600000| Complete 
| 807|0x00000000b2700000, 0x00000000b2800000, 0x00000000b2800000|100%| E|CS|TAMS 0x00000000b2700000, 0x00000000b2700000| Complete 
| 808|0x00000000b2800000, 0x00000000b2900000, 0x00000000b2900000|100%| E|CS|TAMS 0x00000000b2800000, 0x00000000b2800000| Complete 
| 809|0x00000000b2900000, 0x00000000b2a00000, 0x00000000b2a00000|100%| E|CS|TAMS 0x00000000b2900000, 0x00000000b2900000| Complete 
| 810|0x00000000b2a00000, 0x00000000b2b00000, 0x00000000b2b00000|100%| E|CS|TAMS 0x00000000b2a00000, 0x00000000b2a00000| Complete 
| 811|0x00000000b2b00000, 0x00000000b2c00000, 0x00000000b2c00000|100%| E|CS|TAMS 0x00000000b2b00000, 0x00000000b2b00000| Complete 
| 812|0x00000000b2c00000, 0x00000000b2d00000, 0x00000000b2d00000|100%| E|CS|TAMS 0x00000000b2c00000, 0x00000000b2c00000| Complete 
| 813|0x00000000b2d00000, 0x00000000b2e00000, 0x00000000b2e00000|100%| E|CS|TAMS 0x00000000b2d00000, 0x00000000b2d00000| Complete 
| 814|0x00000000b2e00000, 0x00000000b2f00000, 0x00000000b2f00000|100%| E|CS|TAMS 0x00000000b2e00000, 0x00000000b2e00000| Complete 
| 815|0x00000000b2f00000, 0x00000000b3000000, 0x00000000b3000000|100%| E|CS|TAMS 0x00000000b2f00000, 0x00000000b2f00000| Complete 
| 816|0x00000000b3000000, 0x00000000b3100000, 0x00000000b3100000|100%| E|CS|TAMS 0x00000000b3000000, 0x00000000b3000000| Complete 
| 817|0x00000000b3100000, 0x00000000b3200000, 0x00000000b3200000|100%| E|CS|TAMS 0x00000000b3100000, 0x00000000b3100000| Complete 
| 818|0x00000000b3200000, 0x00000000b3300000, 0x00000000b3300000|100%| E|CS|TAMS 0x00000000b3200000, 0x00000000b3200000| Complete 
| 819|0x00000000b3300000, 0x00000000b3400000, 0x00000000b3400000|100%| E|CS|TAMS 0x00000000b3300000, 0x00000000b3300000| Complete 
| 820|0x00000000b3400000, 0x00000000b3500000, 0x00000000b3500000|100%| E|CS|TAMS 0x00000000b3400000, 0x00000000b3400000| Complete 
| 821|0x00000000b3500000, 0x00000000b3600000, 0x00000000b3600000|100%| E|CS|TAMS 0x00000000b3500000, 0x00000000b3500000| Complete 
| 822|0x00000000b3600000, 0x00000000b3700000, 0x00000000b3700000|100%| E|CS|TAMS 0x00000000b3600000, 0x00000000b3600000| Complete 
| 823|0x00000000b3700000, 0x00000000b3800000, 0x00000000b3800000|100%| E|CS|TAMS 0x00000000b3700000, 0x00000000b3700000| Complete 
| 824|0x00000000b3800000, 0x00000000b3900000, 0x00000000b3900000|100%| E|CS|TAMS 0x00000000b3800000, 0x00000000b3800000| Complete 
| 825|0x00000000b3900000, 0x00000000b3a00000, 0x00000000b3a00000|100%| E|CS|TAMS 0x00000000b3900000, 0x00000000b3900000| Complete 
| 826|0x00000000b3a00000, 0x00000000b3b00000, 0x00000000b3b00000|100%| E|CS|TAMS 0x00000000b3a00000, 0x00000000b3a00000| Complete 
| 827|0x00000000b3b00000, 0x00000000b3c00000, 0x00000000b3c00000|100%| E|CS|TAMS 0x00000000b3b00000, 0x00000000b3b00000| Complete 
| 828|0x00000000b3c00000, 0x00000000b3d00000, 0x00000000b3d00000|100%| E|CS|TAMS 0x00000000b3c00000, 0x00000000b3c00000| Complete 
| 829|0x00000000b3d00000, 0x00000000b3e00000, 0x00000000b3e00000|100%| E|CS|TAMS 0x00000000b3d00000, 0x00000000b3d00000| Complete 
| 830|0x00000000b3e00000, 0x00000000b3f00000, 0x00000000b3f00000|100%| E|CS|TAMS 0x00000000b3e00000, 0x00000000b3e00000| Complete 
| 831|0x00000000b3f00000, 0x00000000b4000000, 0x00000000b4000000|100%| E|CS|TAMS 0x00000000b3f00000, 0x00000000b3f00000| Complete 
| 832|0x00000000b4000000, 0x00000000b4100000, 0x00000000b4100000|100%| E|CS|TAMS 0x00000000b4000000, 0x00000000b4000000| Complete 
| 833|0x00000000b4100000, 0x00000000b4200000, 0x00000000b4200000|100%| E|CS|TAMS 0x00000000b4100000, 0x00000000b4100000| Complete 
| 834|0x00000000b4200000, 0x00000000b4300000, 0x00000000b4300000|100%| E|CS|TAMS 0x00000000b4200000, 0x00000000b4200000| Complete 
| 835|0x00000000b4300000, 0x00000000b4400000, 0x00000000b4400000|100%| E|CS|TAMS 0x00000000b4300000, 0x00000000b4300000| Complete 
| 836|0x00000000b4400000, 0x00000000b4500000, 0x00000000b4500000|100%| E|CS|TAMS 0x00000000b4400000, 0x00000000b4400000| Complete 
| 837|0x00000000b4500000, 0x00000000b4600000, 0x00000000b4600000|100%| E|CS|TAMS 0x00000000b4500000, 0x00000000b4500000| Complete 
| 838|0x00000000b4600000, 0x00000000b4700000, 0x00000000b4700000|100%| E|CS|TAMS 0x00000000b4600000, 0x00000000b4600000| Complete 
| 839|0x00000000b4700000, 0x00000000b4800000, 0x00000000b4800000|100%| E|CS|TAMS 0x00000000b4700000, 0x00000000b4700000| Complete 
| 840|0x00000000b4800000, 0x00000000b4900000, 0x00000000b4900000|100%| E|CS|TAMS 0x00000000b4800000, 0x00000000b4800000| Complete 
| 841|0x00000000b4900000, 0x00000000b4a00000, 0x00000000b4a00000|100%| E|CS|TAMS 0x00000000b4900000, 0x00000000b4900000| Complete 
| 842|0x00000000b4a00000, 0x00000000b4b00000, 0x00000000b4b00000|100%| E|CS|TAMS 0x00000000b4a00000, 0x00000000b4a00000| Complete 
| 843|0x00000000b4b00000, 0x00000000b4c00000, 0x00000000b4c00000|100%| E|CS|TAMS 0x00000000b4b00000, 0x00000000b4b00000| Complete 
| 844|0x00000000b4c00000, 0x00000000b4d00000, 0x00000000b4d00000|100%| E|CS|TAMS 0x00000000b4c00000, 0x00000000b4c00000| Complete 
| 845|0x00000000b4d00000, 0x00000000b4e00000, 0x00000000b4e00000|100%| E|CS|TAMS 0x00000000b4d00000, 0x00000000b4d00000| Complete 
| 846|0x00000000b4e00000, 0x00000000b4f00000, 0x00000000b4f00000|100%| E|CS|TAMS 0x00000000b4e00000, 0x00000000b4e00000| Complete 
| 847|0x00000000b4f00000, 0x00000000b5000000, 0x00000000b5000000|100%| E|CS|TAMS 0x00000000b4f00000, 0x00000000b4f00000| Complete 
| 848|0x00000000b5000000, 0x00000000b5100000, 0x00000000b5100000|100%| E|CS|TAMS 0x00000000b5000000, 0x00000000b5000000| Complete 
| 849|0x00000000b5100000, 0x00000000b5200000, 0x00000000b5200000|100%| E|CS|TAMS 0x00000000b5100000, 0x00000000b5100000| Complete 
| 850|0x00000000b5200000, 0x00000000b5300000, 0x00000000b5300000|100%| E|CS|TAMS 0x00000000b5200000, 0x00000000b5200000| Complete 
| 851|0x00000000b5300000, 0x00000000b5400000, 0x00000000b5400000|100%| E|CS|TAMS 0x00000000b5300000, 0x00000000b5300000| Complete 
| 852|0x00000000b5400000, 0x00000000b5500000, 0x00000000b5500000|100%| E|CS|TAMS 0x00000000b5400000, 0x00000000b5400000| Complete 
| 853|0x00000000b5500000, 0x00000000b5600000, 0x00000000b5600000|100%| E|CS|TAMS 0x00000000b5500000, 0x00000000b5500000| Complete 
| 854|0x00000000b5600000, 0x00000000b5700000, 0x00000000b5700000|100%| E|CS|TAMS 0x00000000b5600000, 0x00000000b5600000| Complete 
| 855|0x00000000b5700000, 0x00000000b5800000, 0x00000000b5800000|100%| E|CS|TAMS 0x00000000b5700000, 0x00000000b5700000| Complete 
| 856|0x00000000b5800000, 0x00000000b5900000, 0x00000000b5900000|100%| E|CS|TAMS 0x00000000b5800000, 0x00000000b5800000| Complete 
| 857|0x00000000b5900000, 0x00000000b5a00000, 0x00000000b5a00000|100%| E|CS|TAMS 0x00000000b5900000, 0x00000000b5900000| Complete 
| 858|0x00000000b5a00000, 0x00000000b5b00000, 0x00000000b5b00000|100%| E|CS|TAMS 0x00000000b5a00000, 0x00000000b5a00000| Complete 
| 859|0x00000000b5b00000, 0x00000000b5c00000, 0x00000000b5c00000|100%| E|CS|TAMS 0x00000000b5b00000, 0x00000000b5b00000| Complete 
| 860|0x00000000b5c00000, 0x00000000b5d00000, 0x00000000b5d00000|100%| E|CS|TAMS 0x00000000b5c00000, 0x00000000b5c00000| Complete 
| 861|0x00000000b5d00000, 0x00000000b5e00000, 0x00000000b5e00000|100%| E|CS|TAMS 0x00000000b5d00000, 0x00000000b5d00000| Complete 
| 862|0x00000000b5e00000, 0x00000000b5f00000, 0x00000000b5f00000|100%| E|CS|TAMS 0x00000000b5e00000, 0x00000000b5e00000| Complete 
| 863|0x00000000b5f00000, 0x00000000b6000000, 0x00000000b6000000|100%| E|CS|TAMS 0x00000000b5f00000, 0x00000000b5f00000| Complete 
| 864|0x00000000b6000000, 0x00000000b6100000, 0x00000000b6100000|100%| E|CS|TAMS 0x00000000b6000000, 0x00000000b6000000| Complete 
| 865|0x00000000b6100000, 0x00000000b6200000, 0x00000000b6200000|100%| E|CS|TAMS 0x00000000b6100000, 0x00000000b6100000| Complete 
| 866|0x00000000b6200000, 0x00000000b6300000, 0x00000000b6300000|100%| E|CS|TAMS 0x00000000b6200000, 0x00000000b6200000| Complete 
| 867|0x00000000b6300000, 0x00000000b6400000, 0x00000000b6400000|100%| E|CS|TAMS 0x00000000b6300000, 0x00000000b6300000| Complete 
| 868|0x00000000b6400000, 0x00000000b6500000, 0x00000000b6500000|100%| E|CS|TAMS 0x00000000b6400000, 0x00000000b6400000| Complete 
| 869|0x00000000b6500000, 0x00000000b6600000, 0x00000000b6600000|100%| E|CS|TAMS 0x00000000b6500000, 0x00000000b6500000| Complete 
| 870|0x00000000b6600000, 0x00000000b6700000, 0x00000000b6700000|100%| E|CS|TAMS 0x00000000b6600000, 0x00000000b6600000| Complete 
| 871|0x00000000b6700000, 0x00000000b6800000, 0x00000000b6800000|100%| E|CS|TAMS 0x00000000b6700000, 0x00000000b6700000| Complete 
| 872|0x00000000b6800000, 0x00000000b6900000, 0x00000000b6900000|100%| E|CS|TAMS 0x00000000b6800000, 0x00000000b6800000| Complete 
| 873|0x00000000b6900000, 0x00000000b6a00000, 0x00000000b6a00000|100%| E|CS|TAMS 0x00000000b6900000, 0x00000000b6900000| Complete 
| 874|0x00000000b6a00000, 0x00000000b6b00000, 0x00000000b6b00000|100%| E|CS|TAMS 0x00000000b6a00000, 0x00000000b6a00000| Complete 
| 875|0x00000000b6b00000, 0x00000000b6c00000, 0x00000000b6c00000|100%| E|CS|TAMS 0x00000000b6b00000, 0x00000000b6b00000| Complete 
| 876|0x00000000b6c00000, 0x00000000b6d00000, 0x00000000b6d00000|100%| E|CS|TAMS 0x00000000b6c00000, 0x00000000b6c00000| Complete 
| 877|0x00000000b6d00000, 0x00000000b6e00000, 0x00000000b6e00000|100%| E|CS|TAMS 0x00000000b6d00000, 0x00000000b6d00000| Complete 
| 878|0x00000000b6e00000, 0x00000000b6f00000, 0x00000000b6f00000|100%| E|CS|TAMS 0x00000000b6e00000, 0x00000000b6e00000| Complete 
| 879|0x00000000b6f00000, 0x00000000b7000000, 0x00000000b7000000|100%| E|CS|TAMS 0x00000000b6f00000, 0x00000000b6f00000| Complete 
| 880|0x00000000b7000000, 0x00000000b7100000, 0x00000000b7100000|100%| E|CS|TAMS 0x00000000b7000000, 0x00000000b7000000| Complete 
| 881|0x00000000b7100000, 0x00000000b7200000, 0x00000000b7200000|100%| E|CS|TAMS 0x00000000b7100000, 0x00000000b7100000| Complete 
| 882|0x00000000b7200000, 0x00000000b7300000, 0x00000000b7300000|100%| E|CS|TAMS 0x00000000b7200000, 0x00000000b7200000| Complete 
| 883|0x00000000b7300000, 0x00000000b7400000, 0x00000000b7400000|100%| E|CS|TAMS 0x00000000b7300000, 0x00000000b7300000| Complete 
| 884|0x00000000b7400000, 0x00000000b7500000, 0x00000000b7500000|100%| E|CS|TAMS 0x00000000b7400000, 0x00000000b7400000| Complete 
| 885|0x00000000b7500000, 0x00000000b7600000, 0x00000000b7600000|100%| E|CS|TAMS 0x00000000b7500000, 0x00000000b7500000| Complete 
| 886|0x00000000b7600000, 0x00000000b7700000, 0x00000000b7700000|100%| E|CS|TAMS 0x00000000b7600000, 0x00000000b7600000| Complete 
| 887|0x00000000b7700000, 0x00000000b7800000, 0x00000000b7800000|100%| E|CS|TAMS 0x00000000b7700000, 0x00000000b7700000| Complete 
| 888|0x00000000b7800000, 0x00000000b7900000, 0x00000000b7900000|100%| E|CS|TAMS 0x00000000b7800000, 0x00000000b7800000| Complete 
| 889|0x00000000b7900000, 0x00000000b7a00000, 0x00000000b7a00000|100%| E|CS|TAMS 0x00000000b7900000, 0x00000000b7900000| Complete 

Card table byte_map: [0x0000020da9870000,0x0000020da9c70000] _byte_map_base: 0x0000020da9470000

Marking Bits (Prev, Next): (CMBitMap*) 0x0000020d921143e0, (CMBitMap*) 0x0000020d921143a0
 Prev Bits: [0x0000020dac070000, 0x0000020dae070000)
 Next Bits: [0x0000020daa070000, 0x0000020dac070000)

Polling page: 0x0000020d91860000

Metaspace:

Usage:
  Non-class:    174.06 MB used.
      Class:     26.94 MB used.
       Both:    201.00 MB used.

Virtual space:
  Non-class space:      192.00 MB reserved,     175.81 MB ( 92%) committed,  3 nodes.
      Class space:      416.00 MB reserved,      28.56 MB (  7%) committed,  1 nodes.
             Both:      608.00 MB reserved,     204.38 MB ( 34%) committed. 

Chunk freelists:
   Non-Class:  15.48 MB
       Class:  3.48 MB
        Both:  18.97 MB

MaxMetaspaceSize: 512.00 MB
CompressedClassSpaceSize: 416.00 MB
Initial GC threshold: 21.00 MB
Current GC threshold: 340.31 MB
CDS: on
MetaspaceReclaimPolicy: balanced
 - commit_granule_bytes: 65536.
 - commit_granule_words: 8192.
 - virtual_space_node_default_size: 8388608.
 - enlarge_chunks_in_place: 1.
 - new_chunks_are_fully_committed: 0.
 - uncommit_free_chunks: 1.
 - use_allocation_guard: 0.
 - handle_deallocations: 1.


Internal statistics:

num_allocs_failed_limit: 21.
num_arena_births: 6878.
num_arena_deaths: 952.
num_vsnodes_births: 4.
num_vsnodes_deaths: 0.
num_space_committed: 3328.
num_space_uncommitted: 61.
num_chunks_returned_to_freelist: 1506.
num_chunks_taken_from_freelist: 17869.
num_chunk_merges: 484.
num_chunk_splits: 10466.
num_chunks_enlarged: 5509.
num_inconsistent_stats: 0.

CodeHeap 'non-profiled nmethods': size=119168Kb used=56075Kb max_used=56236Kb free=63092Kb
 bounds [0x0000020da1790000, 0x0000020da4e90000, 0x0000020da8bf0000]
CodeHeap 'profiled nmethods': size=119104Kb used=88052Kb max_used=90309Kb free=31051Kb
 bounds [0x0000020d99bf0000, 0x0000020d9f480000, 0x0000020da1040000]
CodeHeap 'non-nmethods': size=7488Kb used=3650Kb max_used=3719Kb free=3837Kb
 bounds [0x0000020da1040000, 0x0000020da13f0000, 0x0000020da1790000]
 total_blobs=45500 nmethods=44430 adapters=974
 compilation: enabled
              stopped_count=0, restarted_count=0
 full_count=0

Compilation events (20 events):
Event: 16631.483 Thread 0x0000020dd1a6f070 nmethod 60861 0x0000020da4d6fe10 code [0x0000020da4d6ff80, 0x0000020da4d70038]
Event: 16631.491 Thread 0x0000020dd1a6f070 60862       4       com.android.tools.r8.internal.Q30::a (183 bytes)
Event: 16631.511 Thread 0x0000020dd1a6f070 nmethod 60862 0x0000020da4d91210 code [0x0000020da4d91400, 0x0000020da4d91eb8]
Event: 16631.521 Thread 0x0000020de4fbf0c0 nmethod 60820 0x0000020da4dda790 code [0x0000020da4ddaa20, 0x0000020da4dde008]
Event: 16631.522 Thread 0x0000020deb94be00 60863       3       com.android.tools.r8.internal.aM::a (159 bytes)
Event: 16631.523 Thread 0x0000020deb94be00 nmethod 60863 0x0000020d9aa0ff90 code [0x0000020d9aa10160, 0x0000020d9aa10718]
Event: 16631.545 Thread 0x0000020dd1a6f070 60864       4       com.android.tools.r8.internal.IT::hasNext (18 bytes)
Event: 16631.546 Thread 0x0000020dd1a6f070 nmethod 60864 0x0000020da4d6fb10 code [0x0000020da4d6fc80, 0x0000020da4d6fd18]
Event: 16631.550 Thread 0x0000020de4fbf0c0 60865       4       com.android.tools.r8.internal.ET::next (60 bytes)
Event: 16631.552 Thread 0x0000020de4fbf0c0 nmethod 60865 0x0000020da4dda010 code [0x0000020da4dda180, 0x0000020da4dda3f8]
Event: 16631.603 Thread 0x0000020de4fbf0c0 60866       4       com.android.tools.r8.internal.aM::u (129 bytes)
Event: 16631.603 Thread 0x0000020dd1a6f070 60867       4       com.android.tools.r8.internal.aM::k (34 bytes)
Event: 16631.604 Thread 0x0000020de4fbf0c0 nmethod 60866 0x0000020da4d6f810 code [0x0000020da4d6f9a0, 0x0000020da4d6fa68]
Event: 16631.604 Thread 0x0000020dd1a6f070 nmethod 60867 0x0000020da4c6ca10 code [0x0000020da4c6cba0, 0x0000020da4c6cc88]
Event: 16631.604 Thread 0x0000020de4fbf0c0 60868       4       com.android.tools.r8.internal.aM::q (114 bytes)
Event: 16631.610 Thread 0x0000020deb94be00 60869       3       com.android.tools.r8.graph.J2::a (262 bytes)
Event: 16631.610 Thread 0x0000020deb94be00 nmethod 60869 0x0000020d9c985f10 code [0x0000020d9c986160, 0x0000020d9c986a88]
Event: 16631.637 Thread 0x0000020dd1a6f070 60870       4       com.android.tools.r8.internal.KT::a (368 bytes)
Event: 16631.795 Thread 0x0000020deb94be00 60878       3       com.android.tools.r8.internal.aK::k (42 bytes)
Event: 16631.795 Thread 0x0000020deb94be00 nmethod 60878 0x0000020d9adcb490 code [0x0000020d9adcb660, 0x0000020d9adcb9e8]

GC Heap History (20 events):
Event: 16606.550 GC heap before
{Heap before GC invocations=176 (full 1):
 garbage-first heap   total 911360K, used 382725K [0x0000000080000000, 0x0000000100000000)
  region size 1024K, 14 young (14336K), 13 survivors (13312K)
 Metaspace       used 204477K, committed 207936K, reserved 622592K
  class space    used 27379K, committed 29056K, reserved 425984K
}
Event: 16606.557 GC heap after
{Heap after GC invocations=177 (full 1):
 garbage-first heap   total 911360K, used 373961K [0x0000000080000000, 0x0000000100000000)
  region size 1024K, 10 young (10240K), 10 survivors (10240K)
 Metaspace       used 204477K, committed 207936K, reserved 622592K
  class space    used 27379K, committed 29056K, reserved 425984K
}
Event: 16610.744 GC heap before
{Heap before GC invocations=178 (full 1):
 garbage-first heap   total 911360K, used 701160K [0x0000000080000000, 0x0000000100000000)
  region size 1024K, 336 young (344064K), 10 survivors (10240K)
 Metaspace       used 205157K, committed 208576K, reserved 622592K
  class space    used 27419K, committed 29056K, reserved 425984K
}
Event: 16610.761 GC heap after
{Heap after GC invocations=179 (full 1):
 garbage-first heap   total 911360K, used 361013K [0x0000000080000000, 0x0000000100000000)
  region size 1024K, 13 young (13312K), 13 survivors (13312K)
 Metaspace       used 205157K, committed 208576K, reserved 622592K
  class space    used 27419K, committed 29056K, reserved 425984K
}
Event: 16611.043 GC heap before
{Heap before GC invocations=179 (full 1):
 garbage-first heap   total 911360K, used 393781K [0x0000000080000000, 0x0000000100000000)
  region size 1024K, 44 young (45056K), 13 survivors (13312K)
 Metaspace       used 205437K, committed 208896K, reserved 622592K
  class space    used 27439K, committed 29120K, reserved 425984K
}
Event: 16611.105 GC heap after
{Heap after GC invocations=180 (full 1):
 garbage-first heap   total 911360K, used 326721K [0x0000000080000000, 0x0000000100000000)
  region size 1024K, 6 young (6144K), 6 survivors (6144K)
 Metaspace       used 205437K, committed 208896K, reserved 622592K
  class space    used 27439K, committed 29120K, reserved 425984K
}
Event: 16614.947 GC heap before
{Heap before GC invocations=180 (full 1):
 garbage-first heap   total 911360K, used 711745K [0x0000000080000000, 0x0000000100000000)
  region size 1024K, 371 young (379904K), 6 survivors (6144K)
 Metaspace       used 206196K, committed 209728K, reserved 622592K
  class space    used 27510K, committed 29184K, reserved 425984K
}
Event: 16614.965 GC heap after
{Heap after GC invocations=181 (full 1):
 garbage-first heap   total 911360K, used 344324K [0x0000000080000000, 0x0000000100000000)
  region size 1024K, 22 young (22528K), 22 survivors (22528K)
 Metaspace       used 206196K, committed 209728K, reserved 622592K
  class space    used 27510K, committed 29184K, reserved 425984K
}
Event: 16615.839 GC heap before
{Heap before GC invocations=181 (full 1):
 garbage-first heap   total 911360K, used 713988K [0x0000000080000000, 0x0000000100000000)
  region size 1024K, 384 young (393216K), 22 survivors (22528K)
 Metaspace       used 206199K, committed 209728K, reserved 622592K
  class space    used 27511K, committed 29184K, reserved 425984K
}
Event: 16615.852 GC heap after
{Heap after GC invocations=182 (full 1):
 garbage-first heap   total 911360K, used 338905K [0x0000000080000000, 0x0000000100000000)
  region size 1024K, 20 young (20480K), 20 survivors (20480K)
 Metaspace       used 206199K, committed 209728K, reserved 622592K
  class space    used 27511K, committed 29184K, reserved 425984K
}
Event: 16617.230 GC heap before
{Heap before GC invocations=182 (full 1):
 garbage-first heap   total 911360K, used 664537K [0x0000000080000000, 0x0000000100000000)
  region size 1024K, 339 young (347136K), 20 survivors (20480K)
 Metaspace       used 206200K, committed 209728K, reserved 622592K
  class space    used 27511K, committed 29184K, reserved 425984K
}
Event: 16617.244 GC heap after
{Heap after GC invocations=183 (full 1):
 garbage-first heap   total 911360K, used 337985K [0x0000000080000000, 0x0000000100000000)
  region size 1024K, 19 young (19456K), 19 survivors (19456K)
 Metaspace       used 206200K, committed 209728K, reserved 622592K
  class space    used 27511K, committed 29184K, reserved 425984K
}
Event: 16627.505 GC heap before
{Heap before GC invocations=184 (full 1):
 garbage-first heap   total 911360K, used 746561K [0x0000000080000000, 0x0000000100000000)
  region size 1024K, 412 young (421888K), 19 survivors (19456K)
 Metaspace       used 205636K, committed 209216K, reserved 622592K
  class space    used 27474K, committed 29184K, reserved 425984K
}
Event: 16627.545 GC heap after
{Heap after GC invocations=185 (full 1):
 garbage-first heap   total 911360K, used 349775K [0x0000000080000000, 0x0000000100000000)
  region size 1024K, 27 young (27648K), 27 survivors (27648K)
 Metaspace       used 205636K, committed 209216K, reserved 622592K
  class space    used 27474K, committed 29184K, reserved 425984K
}
Event: 16627.579 GC heap before
{Heap before GC invocations=185 (full 1):
 garbage-first heap   total 911360K, used 367183K [0x0000000080000000, 0x0000000100000000)
  region size 1024K, 44 young (45056K), 27 survivors (27648K)
 Metaspace       used 205636K, committed 209216K, reserved 622592K
  class space    used 27474K, committed 29184K, reserved 425984K
}
Event: 16627.622 GC heap after
{Heap after GC invocations=186 (full 1):
 garbage-first heap   total 911360K, used 344267K [0x0000000080000000, 0x0000000100000000)
  region size 1024K, 5 young (5120K), 5 survivors (5120K)
 Metaspace       used 205636K, committed 209216K, reserved 622592K
  class space    used 27474K, committed 29184K, reserved 425984K
}
Event: 16628.711 GC heap before
{Heap before GC invocations=186 (full 1):
 garbage-first heap   total 911360K, used 748747K [0x0000000080000000, 0x0000000100000000)
  region size 1024K, 395 young (404480K), 5 survivors (5120K)
 Metaspace       used 205907K, committed 209472K, reserved 622592K
  class space    used 27494K, committed 29184K, reserved 425984K
}
Event: 16628.725 GC heap after
{Heap after GC invocations=187 (full 1):
 garbage-first heap   total 911360K, used 353584K [0x0000000080000000, 0x0000000100000000)
  region size 1024K, 12 young (12288K), 12 survivors (12288K)
 Metaspace       used 205907K, committed 209472K, reserved 622592K
  class space    used 27494K, committed 29184K, reserved 425984K
}
Event: 16629.925 GC heap before
{Heap before GC invocations=187 (full 1):
 garbage-first heap   total 911360K, used 629040K [0x0000000080000000, 0x0000000100000000)
  region size 1024K, 283 young (289792K), 12 survivors (12288K)
 Metaspace       used 206185K, committed 209664K, reserved 622592K
  class space    used 27518K, committed 29184K, reserved 425984K
}
Event: 16629.936 GC heap after
{Heap after GC invocations=188 (full 1):
 garbage-first heap   total 911360K, used 355322K [0x0000000080000000, 0x0000000100000000)
  region size 1024K, 16 young (16384K), 16 survivors (16384K)
 Metaspace       used 206185K, committed 209664K, reserved 622592K
  class space    used 27518K, committed 29184K, reserved 425984K
}

Dll operation events (16 events):
Event: 0.028 Loaded shared library C:\Program Files\Microsoft\jdk-17.0.15.6-hotspot\bin\java.dll
Event: 0.043 Loaded shared library C:\Program Files\Microsoft\jdk-17.0.15.6-hotspot\bin\jsvml.dll
Event: 0.095 Loaded shared library C:\Program Files\Microsoft\jdk-17.0.15.6-hotspot\bin\zip.dll
Event: 0.099 Loaded shared library C:\Program Files\Microsoft\jdk-17.0.15.6-hotspot\bin\instrument.dll
Event: 0.104 Loaded shared library C:\Program Files\Microsoft\jdk-17.0.15.6-hotspot\bin\net.dll
Event: 0.106 Loaded shared library C:\Program Files\Microsoft\jdk-17.0.15.6-hotspot\bin\nio.dll
Event: 0.109 Loaded shared library C:\Program Files\Microsoft\jdk-17.0.15.6-hotspot\bin\zip.dll
Event: 0.343 Loaded shared library C:\Program Files\Microsoft\jdk-17.0.15.6-hotspot\bin\jimage.dll
Event: 0.591 Loaded shared library C:\Program Files\Microsoft\jdk-17.0.15.6-hotspot\bin\verify.dll
Event: 0.641 Loaded shared library C:\Users\InfoTungston\.gradle\native\1def1411415f61bf3af743bc5b6707747c0891f09f0c88961ee8f79bc544acac\windows-amd64\native-platform.dll
Event: 0.673 Loaded shared library C:\Users\InfoTungston\.gradle\native\0.2.8\x86_64-windows-gnu\gradle-fileevents.dll
Event: 6.857 Loaded shared library C:\Program Files\Microsoft\jdk-17.0.15.6-hotspot\bin\management.dll
Event: 6.859 Loaded shared library C:\Program Files\Microsoft\jdk-17.0.15.6-hotspot\bin\management_ext.dll
Event: 7.095 Loaded shared library C:\Program Files\Microsoft\jdk-17.0.15.6-hotspot\bin\extnet.dll
Event: 7.368 Loaded shared library C:\Program Files\Microsoft\jdk-17.0.15.6-hotspot\bin\sunmscapi.dll
Event: 23.673 Loaded shared library C:\Program Files\Microsoft\jdk-17.0.15.6-hotspot\bin\rmi.dll

Deoptimization events (20 events):
Event: 16631.303 Thread 0x0000020dd35ef500 Uncommon trap: trap_request=0xffffff45 fr.pc=0x0000020da4c87e14 relative=0x00000000000002f4
Event: 16631.303 Thread 0x0000020dd35ef500 Uncommon trap: reason=unstable_if action=reinterpret pc=0x0000020da4c87e14 method=com.android.tools.r8.dex.C.f(I)Lcom/android/tools/r8/dex/E; @ 14 c2
Event: 16631.303 Thread 0x0000020dd35ef500 DEOPT PACKING pc=0x0000020da4c87e14 sp=0x00000097d3bfd490
Event: 16631.303 Thread 0x0000020dd35ef500 DEOPT UNPACKING pc=0x0000020da10969a3 sp=0x00000097d3bfd428 mode 2
Event: 16631.304 Thread 0x0000020dd35ef500 DEOPT PACKING pc=0x0000020d9dad8707 sp=0x00000097d3bfd4d0
Event: 16631.304 Thread 0x0000020dd35ef500 DEOPT UNPACKING pc=0x0000020da1097143 sp=0x00000097d3bfcd08 mode 0
Event: 16631.322 Thread 0x0000020dd35ef500 Uncommon trap: trap_request=0xffffff45 fr.pc=0x0000020da3878170 relative=0x0000000000001830
Event: 16631.322 Thread 0x0000020dd35ef500 Uncommon trap: reason=unstable_if action=reinterpret pc=0x0000020da3878170 method=com.android.tools.r8.dex.T.a([B)Z @ 11 c2
Event: 16631.322 Thread 0x0000020dd35ef500 DEOPT PACKING pc=0x0000020da3878170 sp=0x00000097d3bfd840
Event: 16631.322 Thread 0x0000020dd35ef500 DEOPT UNPACKING pc=0x0000020da10969a3 sp=0x00000097d3bfd7b0 mode 2
Event: 16631.346 Thread 0x0000020dd35ef500 Uncommon trap: trap_request=0xffffff45 fr.pc=0x0000020da28518bc relative=0x000000000000039c
Event: 16631.346 Thread 0x0000020dd35ef500 Uncommon trap: reason=unstable_if action=reinterpret pc=0x0000020da28518bc method=com.android.tools.r8.graph.G2.c(Ljava/lang/Object;)Z @ 23 c2
Event: 16631.346 Thread 0x0000020dd35ef500 DEOPT PACKING pc=0x0000020da28518bc sp=0x00000097d3bfd650
Event: 16631.346 Thread 0x0000020dd35ef500 DEOPT UNPACKING pc=0x0000020da10969a3 sp=0x00000097d3bfd5e0 mode 2
Event: 16631.929 Thread 0x0000020dd35ef500 Uncommon trap: trap_request=0xffffffde fr.pc=0x0000020da375ea68 relative=0x0000000000001328
Event: 16631.929 Thread 0x0000020dd35ef500 Uncommon trap: reason=class_check action=maybe_recompile pc=0x0000020da375ea68 method=com.android.tools.r8.internal.st0.submit(Ljava/util/concurrent/Callable;Ljava/util/concurrent/ExecutorService;)Ljava/util/concurrent/Future; @ 2 c2
Event: 16631.929 Thread 0x0000020dd35ef500 DEOPT PACKING pc=0x0000020da375ea68 sp=0x00000097d3bfd700
Event: 16631.929 Thread 0x0000020dd35ef500 DEOPT UNPACKING pc=0x0000020da10969a3 sp=0x00000097d3bfd670 mode 2
Event: 16632.564 Thread 0x0000020dd35ef500 Uncommon trap: trap_request=0xffffffde fr.pc=0x0000020da375ea68 relative=0x0000000000001328
Event: 16632.564 Thread 0x0000020dd35ef500 Uncommon trap: reason=class_check action=maybe_recompile pc=0x0000020da375ea68 method=com.android.tools.r8.internal.st0.submit(Ljava/util/concurrent/Callable;Ljava/util/concurrent/ExecutorService;)Ljava/util/concurrent/Future; @ 2 c2

Classes loaded (20 events):
Event: 1753.895 Loading class jdk/internal/math/FormattedFloatingDecimal$2
Event: 1753.895 Loading class jdk/internal/math/FormattedFloatingDecimal$2 done
Event: 6936.414 Loading class sun/rmi/transport/ObjectTable$1
Event: 6936.467 Loading class sun/rmi/transport/ObjectTable$1 done
Event: 16599.935 Loading class java/lang/StringUTF16$CodePointsSpliterator
Event: 16599.936 Loading class java/util/Spliterators$2Adapter
Event: 16599.940 Loading class java/lang/StringUTF16$CodePointsSpliterator done
Event: 16599.940 Loading class java/util/Spliterators$2Adapter done
Event: 16600.096 Loading class java/util/Tripwire
Event: 16600.096 Loading class java/util/Tripwire done
Event: 16600.691 Loading class com/sun/org/apache/xerces/internal/dom/DeferredCommentImpl
Event: 16600.694 Loading class com/sun/org/apache/xerces/internal/dom/DeferredCommentImpl done
Event: 16601.948 Loading class java/util/concurrent/Executors$DelegatedScheduledExecutorService
Event: 16601.948 Loading class java/util/concurrent/Executors$DelegatedExecutorService
Event: 16601.949 Loading class java/util/concurrent/Executors$DelegatedExecutorService done
Event: 16601.949 Loading class java/util/concurrent/Executors$DelegatedScheduledExecutorService done
Event: 16631.929 Loading class java/util/concurrent/ForkJoinTask$AdaptedCallable
Event: 16631.930 Loading class java/util/concurrent/ForkJoinTask$AdaptedCallable done
Event: 16631.931 Loading class java/util/concurrent/ForkJoinPool$DefaultForkJoinWorkerThreadFactory$1
Event: 16631.931 Loading class java/util/concurrent/ForkJoinPool$DefaultForkJoinWorkerThreadFactory$1 done

Classes unloaded (20 events):
Event: 16630.251 Thread 0x0000020db03e4fd0 Unloading class 0x0000020db4c54ff8 'jdk/internal/jimage/ImageHeader'
Event: 16630.251 Thread 0x0000020db03e4fd0 Unloading class 0x0000020db4c54dc8 'jdk/internal/jimage/BasicImageReader$2'
Event: 16630.251 Thread 0x0000020db03e4fd0 Unloading class 0x0000020db4c54b98 'jdk/internal/jimage/BasicImageReader$1'
Event: 16630.251 Thread 0x0000020db03e4fd0 Unloading class 0x0000020db4c54930 'jdk/internal/jimage/ImageReader$Resource'
Event: 16630.251 Thread 0x0000020db03e4fd0 Unloading class 0x0000020db4c546c8 'jdk/internal/jimage/ImageReader$LinkNode'
Event: 16630.251 Thread 0x0000020db03e4fd0 Unloading class 0x0000020db4c54460 'jdk/internal/jimage/ImageReader$Directory'
Event: 16630.251 Thread 0x0000020db03e4fd0 Unloading class 0x0000020db4c541f8 'jdk/internal/jimage/ImageReader$Node'
Event: 16630.251 Thread 0x0000020db03e4fd0 Unloading class 0x0000020db4c54000 'jdk/internal/jimage/ImageStrings'
Event: 16630.251 Thread 0x0000020db03e4fd0 Unloading class 0x0000020db4c53b50 'jdk/internal/jimage/ImageReader$SharedImageReader'
Event: 16630.251 Thread 0x0000020db03e4fd0 Unloading class 0x0000020db4c53890 'jdk/internal/jimage/BasicImageReader'
Event: 16630.251 Thread 0x0000020db03e4fd0 Unloading class 0x0000020db4c53670 'jdk/internal/jimage/ImageReader'
Event: 16630.251 Thread 0x0000020db03e4fd0 Unloading class 0x0000020db4c53448 'jdk/internal/jrtfs/SystemImage$2'
Event: 16630.251 Thread 0x0000020db03e4fd0 Unloading class 0x0000020db4c53230 'jdk/internal/jrtfs/SystemImage$$Lambda$8629+0x0000020db4c53230'
Event: 16630.251 Thread 0x0000020db03e4fd0 Unloading class 0x0000020db4c53000 'jdk/internal/jrtfs/ExplodedImage'
Event: 16630.251 Thread 0x0000020db03e4fd0 Unloading class 0x0000020db4c52dc8 'jdk/internal/jrtfs/SystemImage$1'
Event: 16630.251 Thread 0x0000020db03e4fd0 Unloading class 0x0000020db4c52bb0 'jdk/internal/jrtfs/SystemImage'
Event: 16630.251 Thread 0x0000020db03e4fd0 Unloading class 0x0000020db4c52950 'jdk/internal/jrtfs/JrtFileStore'
Event: 16630.251 Thread 0x0000020db03e4fd0 Unloading class 0x0000020db4c525d8 'jdk/internal/jrtfs/JrtPath'
Event: 16630.251 Thread 0x0000020db03e4fd0 Unloading class 0x0000020db4c522e0 'jdk/internal/jrtfs/JrtFileSystem'
Event: 16630.251 Thread 0x0000020db03e4fd0 Unloading class 0x0000020db4c52000 'jdk/internal/jrtfs/JrtFileSystemProvider'

Classes redefined (0 events):
No events

Internal exceptions (20 events):
Event: 16630.043 Thread 0x0000020ddfb3ae00 Exception <a 'sun/nio/fs/WindowsException'{0x00000000b6fd4778}> (0x00000000b6fd4778) 
thrown [s\src\hotspot\share\prims\jni.cpp, line 516]
Event: 16630.053 Thread 0x0000020ddfb3ae00 Exception <a 'sun/nio/fs/WindowsException'{0x00000000b6fd9c98}> (0x00000000b6fd9c98) 
thrown [s\src\hotspot\share\prims\jni.cpp, line 516]
Event: 16630.059 Thread 0x0000020ddfb3ae00 Exception <a 'sun/nio/fs/WindowsException'{0x00000000b6fe6858}> (0x00000000b6fe6858) 
thrown [s\src\hotspot\share\prims\jni.cpp, line 516]
Event: 16630.067 Thread 0x0000020ddfb3ae00 Exception <a 'sun/nio/fs/WindowsException'{0x00000000b6fef5c8}> (0x00000000b6fef5c8) 
thrown [s\src\hotspot\share\prims\jni.cpp, line 516]
Event: 16630.070 Thread 0x0000020ddfb3ae00 Exception <a 'sun/nio/fs/WindowsException'{0x00000000b6ff7b10}> (0x00000000b6ff7b10) 
thrown [s\src\hotspot\share\prims\jni.cpp, line 516]
Event: 16630.072 Thread 0x0000020ddfb3ae00 Exception <a 'sun/nio/fs/WindowsException'{0x00000000b6fff198}> (0x00000000b6fff198) 
thrown [s\src\hotspot\share\prims\jni.cpp, line 516]
Event: 16630.076 Thread 0x0000020ddfb3ae00 Exception <a 'sun/nio/fs/WindowsException'{0x00000000b6de60e0}> (0x00000000b6de60e0) 
thrown [s\src\hotspot\share\prims\jni.cpp, line 516]
Event: 16630.082 Thread 0x0000020ddfb3ae00 Exception <a 'sun/nio/fs/WindowsException'{0x00000000b6decad8}> (0x00000000b6decad8) 
thrown [s\src\hotspot\share\prims\jni.cpp, line 516]
Event: 16630.083 Thread 0x0000020ddfb3ae00 Exception <a 'sun/nio/fs/WindowsException'{0x00000000b6df3d10}> (0x00000000b6df3d10) 
thrown [s\src\hotspot\share\prims\jni.cpp, line 516]
Event: 16630.086 Thread 0x0000020ddfb3ae00 Exception <a 'sun/nio/fs/WindowsException'{0x00000000b6bcdfa0}> (0x00000000b6bcdfa0) 
thrown [s\src\hotspot\share\prims\jni.cpp, line 516]
Event: 16630.093 Thread 0x0000020ddfb3ae00 Exception <a 'sun/nio/fs/WindowsException'{0x00000000b6bd4668}> (0x00000000b6bd4668) 
thrown [s\src\hotspot\share\prims\jni.cpp, line 516]
Event: 16630.100 Thread 0x0000020ddfb3ae00 Exception <a 'sun/nio/fs/WindowsException'{0x00000000b6bdfae8}> (0x00000000b6bdfae8) 
thrown [s\src\hotspot\share\prims\jni.cpp, line 516]
Event: 16630.103 Thread 0x0000020ddfb3ae00 Exception <a 'sun/nio/fs/WindowsException'{0x00000000b6be68d8}> (0x00000000b6be68d8) 
thrown [s\src\hotspot\share\prims\jni.cpp, line 516]
Event: 16630.109 Thread 0x0000020ddfb3ae00 Exception <a 'sun/nio/fs/WindowsException'{0x00000000b6bf1aa8}> (0x00000000b6bf1aa8) 
thrown [s\src\hotspot\share\prims\jni.cpp, line 516]
Event: 16630.113 Thread 0x0000020ddfb3ae00 Exception <a 'sun/nio/fs/WindowsException'{0x00000000b6bf9ea8}> (0x00000000b6bf9ea8) 
thrown [s\src\hotspot\share\prims\jni.cpp, line 516]
Event: 16630.117 Thread 0x0000020ddfb3ae00 Exception <a 'sun/nio/fs/WindowsException'{0x00000000b685dc10}> (0x00000000b685dc10) 
thrown [s\src\hotspot\share\prims\jni.cpp, line 516]
Event: 16630.119 Thread 0x0000020ddfb3ae00 Exception <a 'sun/nio/fs/WindowsException'{0x00000000b68a5150}> (0x00000000b68a5150) 
thrown [s\src\hotspot\share\prims\jni.cpp, line 516]
Event: 16630.125 Thread 0x0000020ddfb3ae00 Exception <a 'sun/nio/fs/WindowsException'{0x00000000b68acba0}> (0x00000000b68acba0) 
thrown [s\src\hotspot\share\prims\jni.cpp, line 516]
Event: 16630.129 Thread 0x0000020ddfb3ae00 Exception <a 'sun/nio/fs/WindowsException'{0x00000000b68b92d0}> (0x00000000b68b92d0) 
thrown [s\src\hotspot\share\prims\jni.cpp, line 516]
Event: 16630.131 Thread 0x0000020ddfb3ae00 Exception <a 'sun/nio/fs/WindowsException'{0x00000000b68c48f0}> (0x00000000b68c48f0) 
thrown [s\src\hotspot\share\prims\jni.cpp, line 516]

VM Operations (20 events):
Event: 16627.579 Executing VM operation: G1CollectForAllocation
Event: 16627.622 Executing VM operation: G1CollectForAllocation done
Event: 16628.711 Executing VM operation: G1CollectForAllocation
Event: 16628.725 Executing VM operation: G1CollectForAllocation done
Event: 16628.935 Executing VM operation: HandshakeAllThreads
Event: 16628.937 Executing VM operation: HandshakeAllThreads done
Event: 16629.925 Executing VM operation: G1TryInitiateConcMark
Event: 16629.936 Executing VM operation: G1TryInitiateConcMark done
Event: 16630.242 Executing VM operation: G1PauseRemark
Event: 16630.319 Executing VM operation: G1PauseRemark done
Event: 16630.319 Executing VM operation: HandshakeAllThreads
Event: 16630.324 Executing VM operation: HandshakeAllThreads done
Event: 16630.473 Executing VM operation: G1PauseCleanup
Event: 16630.474 Executing VM operation: G1PauseCleanup done
Event: 16630.989 Executing VM operation: HandshakeAllThreads
Event: 16630.991 Executing VM operation: HandshakeAllThreads done
Event: 16630.991 Executing VM operation: HandshakeAllThreads
Event: 16630.992 Executing VM operation: HandshakeAllThreads done
Event: 16631.992 Executing VM operation: Cleanup
Event: 16632.564 Executing VM operation: Cleanup done

Memory protections (0 events):
No events

Nmethod flushes (20 events):
Event: 16631.174 Thread 0x0000020db0428400 flushing  nmethod 0x0000020d9f416e90
Event: 16631.174 Thread 0x0000020db0428400 flushing  nmethod 0x0000020d9f419310
Event: 16631.174 Thread 0x0000020db0428400 flushing  nmethod 0x0000020d9f419790
Event: 16631.174 Thread 0x0000020db0428400 flushing  nmethod 0x0000020d9f419b10
Event: 16631.174 Thread 0x0000020db0428400 flushing  nmethod 0x0000020d9f419f10
Event: 16631.174 Thread 0x0000020db0428400 flushing  nmethod 0x0000020d9f41a290
Event: 16631.174 Thread 0x0000020db0428400 flushing  nmethod 0x0000020d9f41b290
Event: 16631.174 Thread 0x0000020db0428400 flushing  nmethod 0x0000020d9f41b810
Event: 16631.174 Thread 0x0000020db0428400 flushing  nmethod 0x0000020d9f41c290
Event: 16631.174 Thread 0x0000020db0428400 flushing  nmethod 0x0000020d9f41ce10
Event: 16631.174 Thread 0x0000020db0428400 flushing  nmethod 0x0000020d9f41dc90
Event: 16631.174 Thread 0x0000020db0428400 flushing  nmethod 0x0000020d9f41f490
Event: 16631.174 Thread 0x0000020db0428400 flushing  nmethod 0x0000020d9f41f990
Event: 16631.174 Thread 0x0000020db0428400 flushing  nmethod 0x0000020d9f420090
Event: 16631.174 Thread 0x0000020db0428400 flushing  nmethod 0x0000020d9f420710
Event: 16631.174 Thread 0x0000020db0428400 flushing  nmethod 0x0000020d9f420f10
Event: 16631.174 Thread 0x0000020db0428400 flushing  nmethod 0x0000020d9f421290
Event: 16631.174 Thread 0x0000020db0428400 flushing  nmethod 0x0000020d9f421790
Event: 16631.174 Thread 0x0000020db0428400 flushing  nmethod 0x0000020d9f422590
Event: 16631.174 Thread 0x0000020db0428400 flushing  nmethod 0x0000020d9f422b90

Events (20 events):
Event: 16626.485 Thread 0x0000020de249ae40 Thread exited: 0x0000020de249ae40
Event: 16626.768 Thread 0x0000020de249a420 Thread exited: 0x0000020de249a420
Event: 16626.788 Thread 0x0000020db04111b0 Thread added: 0x0000020de3451a20
Event: 16626.877 Thread 0x0000020db0427af0 Thread added: 0x0000020de3451f70
Event: 16626.908 Thread 0x0000020db0427af0 Thread added: 0x0000020de344fa40
Event: 16627.555 Thread 0x0000020de3b0cfa0 Thread exited: 0x0000020de3b0cfa0
Event: 16627.640 Thread 0x0000020db0427af0 Thread added: 0x0000020deb94be00
Event: 16627.640 Thread 0x0000020db0427af0 Thread added: 0x0000020deb949380
Event: 16628.220 Thread 0x0000020de344fa40 Thread exited: 0x0000020de344fa40
Event: 16628.597 Thread 0x0000020de3451f70 Thread exited: 0x0000020de3451f70
Event: 16628.597 Thread 0x0000020de3451a20 Thread exited: 0x0000020de3451a20
Event: 16628.970 Thread 0x0000020deb94be00 Thread added: 0x0000020de579fe20
Event: 16629.005 Thread 0x0000020db0427af0 Thread added: 0x0000020de3452f60
Event: 16630.335 Thread 0x0000020ddec71850 Thread exited: 0x0000020ddec71850
Event: 16630.396 Thread 0x0000020de3452f60 Thread exited: 0x0000020de3452f60
Event: 16630.805 Thread 0x0000020de579fe20 Thread exited: 0x0000020de579fe20
Event: 16631.269 Thread 0x0000020db0427af0 Thread added: 0x0000020de4fbf0c0
Event: 16631.282 Thread 0x0000020deb949380 Thread added: 0x0000020dd1a6f070
Event: 16631.929 Thread 0x0000020deb949380 Thread exited: 0x0000020deb949380
Event: 16632.563 Thread 0x0000020dd35ef500 Thread added: 0x0000020de15b9ac0


Dynamic libraries:
0x00007ff63c3e0000 - 0x00007ff63c3ee000 	C:\Program Files\Microsoft\jdk-17.0.15.6-hotspot\bin\java.exe
0x00007ffd895a0000 - 0x00007ffd89807000 	C:\WINDOWS\SYSTEM32\ntdll.dll
0x00007ffd604b0000 - 0x00007ffd604d0000 	C:\Program Files\Avast Software\Avast\aswhook.dll
0x00007ffd87a10000 - 0x00007ffd87ad9000 	C:\WINDOWS\System32\KERNEL32.DLL
0x00007ffd86990000 - 0x00007ffd86d7f000 	C:\WINDOWS\System32\KERNELBASE.dll
0x00007ffd86f10000 - 0x00007ffd8705b000 	C:\WINDOWS\System32\ucrtbase.dll
0x00007ffd6da10000 - 0x00007ffd6da2d000 	C:\Program Files\Microsoft\jdk-17.0.15.6-hotspot\bin\VCRUNTIME140.dll
0x00007ffd7ba00000 - 0x00007ffd7ba17000 	C:\Program Files\Microsoft\jdk-17.0.15.6-hotspot\bin\jli.dll
0x00007ffd89290000 - 0x00007ffd89455000 	C:\WINDOWS\System32\USER32.dll
0x00007ffd6b350000 - 0x00007ffd6b5e3000 	C:\WINDOWS\WinSxS\amd64_microsoft.windows.common-controls_6595b64144ccf1df_6.0.26100.7309_none_3e05feeae336a044\COMCTL32.dll
0x00007ffd86d90000 - 0x00007ffd86db7000 	C:\WINDOWS\System32\win32u.dll
0x00007ffd87ae0000 - 0x00007ffd87b89000 	C:\WINDOWS\System32\msvcrt.dll
0x00007ffd879c0000 - 0x00007ffd879eb000 	C:\WINDOWS\System32\GDI32.dll
0x00007ffd86860000 - 0x00007ffd8698c000 	C:\WINDOWS\System32\gdi32full.dll
0x00007ffd87290000 - 0x00007ffd87333000 	C:\WINDOWS\System32\msvcp_win.dll
0x00007ffd88db0000 - 0x00007ffd88de1000 	C:\WINDOWS\System32\IMM32.DLL
0x00007ffd83400000 - 0x00007ffd8340c000 	C:\Program Files\Microsoft\jdk-17.0.15.6-hotspot\bin\vcruntime140_1.dll
0x00007ffd7ba20000 - 0x00007ffd7baad000 	C:\Program Files\Microsoft\jdk-17.0.15.6-hotspot\bin\msvcp140.dll
0x00007ffd47dd0000 - 0x00007ffd48a42000 	C:\Program Files\Microsoft\jdk-17.0.15.6-hotspot\bin\server\jvm.dll
0x00007ffd87730000 - 0x00007ffd877e4000 	C:\WINDOWS\System32\ADVAPI32.dll
0x00007ffd89460000 - 0x00007ffd89506000 	C:\WINDOWS\System32\sechost.dll
0x00007ffd874a0000 - 0x00007ffd875b8000 	C:\WINDOWS\System32\RPCRT4.dll
0x00007ffd88780000 - 0x00007ffd887f4000 	C:\WINDOWS\System32\WS2_32.dll
0x00007ffd86570000 - 0x00007ffd865ce000 	C:\WINDOWS\SYSTEM32\POWRPROF.dll
0x00007ffd7e640000 - 0x00007ffd7e675000 	C:\WINDOWS\SYSTEM32\WINMM.dll
0x00007ffd7f9e0000 - 0x00007ffd7f9eb000 	C:\WINDOWS\SYSTEM32\VERSION.dll
0x00007ffd86550000 - 0x00007ffd86564000 	C:\WINDOWS\SYSTEM32\UMPDC.dll
0x00007ffd85330000 - 0x00007ffd8534b000 	C:\WINDOWS\SYSTEM32\kernel.appcore.dll
0x00007ffd48ec0000 - 0x00007ffd48eca000 	C:\Program Files\Microsoft\jdk-17.0.15.6-hotspot\bin\jimage.dll
0x00007ffd7fb70000 - 0x00007ffd7fdb2000 	C:\WINDOWS\SYSTEM32\DBGHELP.DLL
0x00007ffd88ef0000 - 0x00007ffd89275000 	C:\WINDOWS\System32\combase.dll
0x00007ffd87650000 - 0x00007ffd87726000 	C:\WINDOWS\System32\OLEAUT32.dll
0x00007ffd7e8e0000 - 0x00007ffd7e91c000 	C:\WINDOWS\SYSTEM32\dbgcore.DLL
0x00007ffd871e0000 - 0x00007ffd87285000 	C:\WINDOWS\System32\bcryptPrimitives.dll
0x00007ffd6e810000 - 0x00007ffd6e81e000 	C:\Program Files\Microsoft\jdk-17.0.15.6-hotspot\bin\instrument.dll
0x00007ffd48e90000 - 0x00007ffd48eb5000 	C:\Program Files\Microsoft\jdk-17.0.15.6-hotspot\bin\java.dll
0x00007ffd48db0000 - 0x00007ffd48e86000 	C:\Program Files\Microsoft\jdk-17.0.15.6-hotspot\bin\jsvml.dll
0x00007ffd87b90000 - 0x00007ffd882e3000 	C:\WINDOWS\System32\SHELL32.dll
0x00007ffd866f0000 - 0x00007ffd8685a000 	C:\WINDOWS\System32\wintypes.dll
0x00007ffd83fa0000 - 0x00007ffd847fe000 	C:\WINDOWS\SYSTEM32\windows.storage.dll
0x00007ffd87860000 - 0x00007ffd87955000 	C:\WINDOWS\System32\SHCORE.dll
0x00007ffd877f0000 - 0x00007ffd87856000 	C:\WINDOWS\System32\shlwapi.dll
0x00007ffd86610000 - 0x00007ffd86639000 	C:\WINDOWS\SYSTEM32\profapi.dll
0x00007ffd48d50000 - 0x00007ffd48d68000 	C:\Program Files\Microsoft\jdk-17.0.15.6-hotspot\bin\zip.dll
0x00007ffd48d90000 - 0x00007ffd48daa000 	C:\Program Files\Microsoft\jdk-17.0.15.6-hotspot\bin\net.dll
0x00007ffd85350000 - 0x00007ffd85478000 	C:\WINDOWS\SYSTEM32\WINHTTP.dll
0x00007ffd859b0000 - 0x00007ffd85a1b000 	C:\WINDOWS\system32\mswsock.dll
0x00007ffd48d70000 - 0x00007ffd48d86000 	C:\Program Files\Microsoft\jdk-17.0.15.6-hotspot\bin\nio.dll
0x00007ffd6fd90000 - 0x00007ffd6fda0000 	C:\Program Files\Microsoft\jdk-17.0.15.6-hotspot\bin\verify.dll
0x00007ffd63140000 - 0x00007ffd63167000 	C:\Users\InfoTungston\.gradle\native\1def1411415f61bf3af743bc5b6707747c0891f09f0c88961ee8f79bc544acac\windows-amd64\native-platform.dll
0x00007ffd45da0000 - 0x00007ffd45e17000 	C:\Users\InfoTungston\.gradle\native\0.2.8\x86_64-windows-gnu\gradle-fileevents.dll
0x00007ffd48d10000 - 0x00007ffd48d1a000 	C:\Program Files\Microsoft\jdk-17.0.15.6-hotspot\bin\management.dll
0x00007ffd48d00000 - 0x00007ffd48d0b000 	C:\Program Files\Microsoft\jdk-17.0.15.6-hotspot\bin\management_ext.dll
0x00007ffd89280000 - 0x00007ffd89288000 	C:\WINDOWS\System32\PSAPI.DLL
0x00007ffd84a40000 - 0x00007ffd84a74000 	C:\WINDOWS\SYSTEM32\IPHLPAPI.DLL
0x00007ffd87640000 - 0x00007ffd8764a000 	C:\WINDOWS\System32\NSI.dll
0x00007ffd7fb40000 - 0x00007ffd7fb5e000 	C:\WINDOWS\SYSTEM32\dhcpcsvc6.DLL
0x00007ffd7fac0000 - 0x00007ffd7fae3000 	C:\WINDOWS\SYSTEM32\dhcpcsvc.DLL
0x00007ffd84b00000 - 0x00007ffd84c2c000 	C:\WINDOWS\SYSTEM32\DNSAPI.dll
0x00007ffd48c90000 - 0x00007ffd48c99000 	C:\Program Files\Microsoft\jdk-17.0.15.6-hotspot\bin\extnet.dll
0x00007ffd85e30000 - 0x00007ffd85e4b000 	C:\WINDOWS\SYSTEM32\CRYPTSP.dll
0x00007ffd85290000 - 0x00007ffd852ca000 	C:\WINDOWS\system32\rsaenh.dll
0x00007ffd85a60000 - 0x00007ffd85a8b000 	C:\WINDOWS\SYSTEM32\USERENV.dll
0x00007ffd865e0000 - 0x00007ffd8660a000 	C:\WINDOWS\SYSTEM32\bcrypt.dll
0x00007ffd85c00000 - 0x00007ffd85c0c000 	C:\WINDOWS\SYSTEM32\CRYPTBASE.dll
0x00007ffd48ca0000 - 0x00007ffd48cae000 	C:\Program Files\Microsoft\jdk-17.0.15.6-hotspot\bin\sunmscapi.dll
0x00007ffd87060000 - 0x00007ffd871d7000 	C:\WINDOWS\System32\CRYPT32.dll
0x00007ffd85df0000 - 0x00007ffd85e20000 	C:\WINDOWS\SYSTEM32\ncrypt.dll
0x00007ffd85d90000 - 0x00007ffd85dcf000 	C:\WINDOWS\SYSTEM32\NTASN1.dll
0x00007ffce55c0000 - 0x00007ffce55c8000 	C:\WINDOWS\system32\wshunix.dll
0x00007ffd7bb40000 - 0x00007ffd7bb4b000 	C:\Windows\System32\rasadhlp.dll
0x00007ffd7f6f0000 - 0x00007ffd7f776000 	C:\WINDOWS\System32\fwpuclnt.dll
0x00007ffd81680000 - 0x00007ffd81687000 	C:\Program Files\Microsoft\jdk-17.0.15.6-hotspot\bin\rmi.dll
0x00007ffd85580000 - 0x00007ffd855b6000 	C:\WINDOWS\SYSTEM32\ntmarta.dll

dbghelp: loaded successfully - version: 4.0.5 - missing functions: none
symbol engine: initialized successfully - sym options: 0x614 - pdb path: .;C:\Program Files\Microsoft\jdk-17.0.15.6-hotspot\bin;C:\WINDOWS\SYSTEM32;C:\Program Files\Avast Software\Avast;C:\WINDOWS\WinSxS\amd64_microsoft.windows.common-controls_6595b64144ccf1df_6.0.26100.7309_none_3e05feeae336a044;C:\Program Files\Microsoft\jdk-17.0.15.6-hotspot\bin\server;C:\Users\InfoTungston\.gradle\native\1def1411415f61bf3af743bc5b6707747c0891f09f0c88961ee8f79bc544acac\windows-amd64;C:\Users\InfoTungston\.gradle\native\0.2.8\x86_64-windows-gnu

VM Arguments:
jvm_args: --add-opens=java.base/java.lang=ALL-UNNAMED --add-opens=java.base/java.lang.invoke=ALL-UNNAMED --add-opens=java.base/java.util=ALL-UNNAMED --add-opens=java.prefs/java.util.prefs=ALL-UNNAMED --add-exports=jdk.compiler/com.sun.tools.javac.api=ALL-UNNAMED --add-exports=jdk.compiler/com.sun.tools.javac.util=ALL-UNNAMED --add-opens=java.base/java.util=ALL-UNNAMED --add-opens=java.prefs/java.util.prefs=ALL-UNNAMED --add-opens=java.base/java.nio.charset=ALL-UNNAMED --add-opens=java.base/java.net=ALL-UNNAMED --add-opens=java.base/java.util.concurrent=ALL-UNNAMED --add-opens=java.base/java.util.concurrent.atomic=ALL-UNNAMED --add-opens=java.xml/javax.xml.namespace=ALL-UNNAMED -XX:MaxMetaspaceSize=512m -Xmx2048m -Dfile.encoding=windows-1252 -Duser.country=IN -Duser.language=en -Duser.variant -javaagent:C:\Users\InfoTungston\.gradle\wrapper\dists\gradle-9.0.0-bin\d6wjpkvcgsg3oed0qlfss3wgl\gradle-9.0.0\lib\agents\gradle-instrumentation-agent-9.0.0.jar 
java_command: org.gradle.launcher.daemon.bootstrap.GradleDaemon 9.0.0
java_class_path (initial): C:\Users\InfoTungston\.gradle\wrapper\dists\gradle-9.0.0-bin\d6wjpkvcgsg3oed0qlfss3wgl\gradle-9.0.0\lib\gradle-daemon-main-9.0.0.jar
Launcher Type: SUN_STANDARD

[Global flags]
     intx CICompilerCount                          = 12                                        {product} {ergonomic}
   size_t CompressedClassSpaceSize                 = 436207616                                 {product} {ergonomic}
     uint ConcGCThreads                            = 3                                         {product} {ergonomic}
     uint G1ConcRefinementThreads                  = 13                                        {product} {ergonomic}
   size_t G1HeapRegionSize                         = 1048576                                   {product} {ergonomic}
    uintx GCDrainStackTargetSize                   = 64                                        {product} {ergonomic}
   size_t InitialHeapSize                          = 257949696                                 {product} {ergonomic}
   size_t MarkStackSize                            = 4194304                                   {product} {ergonomic}
   size_t MaxHeapSize                              = 2147483648                                {product} {command line}
   size_t MaxMetaspaceSize                         = 536870912                                 {product} {command line}
   size_t MaxNewSize                               = 1287651328                                {product} {ergonomic}
   size_t MinHeapDeltaBytes                        = 1048576                                   {product} {ergonomic}
   size_t MinHeapSize                              = 8388608                                   {product} {ergonomic}
    uintx NonNMethodCodeHeapSize                   = 7602480                                {pd product} {ergonomic}
    uintx NonProfiledCodeHeapSize                  = 122027880                              {pd product} {ergonomic}
    uintx ProfiledCodeHeapSize                     = 122027880                              {pd product} {ergonomic}
    uintx ReservedCodeCacheSize                    = 251658240                              {pd product} {ergonomic}
     bool SegmentedCodeCache                       = true                                      {product} {ergonomic}
   size_t SoftMaxHeapSize                          = 2147483648                             {manageable} {ergonomic}
     bool UseCompressedClassPointers               = true                           {product lp64_product} {ergonomic}
     bool UseCompressedOops                        = true                           {product lp64_product} {ergonomic}
     bool UseG1GC                                  = true                                      {product} {ergonomic}
     bool UseLargePagesIndividualAllocation        = false                                  {pd product} {ergonomic}

Logging:
Log output configuration:
 #0: stdout all=warning uptime,level,tags
 #1: stderr all=off uptime,level,tags

Environment Variables:
JAVA_HOME=C:\Program Files\Microsoft\jdk-17.0.15.6-hotspot\
PATH=C:\Users\InfoTungston\Downloads\HealthApp-Mobile\node_modules\.bin;C:\Users\InfoTungston\Downloads\HealthApp-Mobile\node_modules\.bin;C:\Users\InfoTungston\Downloads\node_modules\.bin;C:\Users\InfoTungston\node_modules\.bin;C:\Users\node_modules\.bin;C:\node_modules\.bin;C:\Program Files\nodejs\node_modules\npm\node_modules\@npmcli\run-script\lib\node-gyp-bin;c:\Users\InfoTungston\AppData\Roaming\Code\User\globalStorage\github.copilot-chat\debugCommand;c:\Users\InfoTungston\AppData\Roaming\Code\User\globalStorage\github.copilot-chat\copilotCli;C:\Program Files\Microsoft\jdk-17.0.15.6-hotspot\bin;C:\Program Files (x86)\Common Files\Intel\Shared Libraries\redist\intel64\compiler;C:\WINDOWS\system32;C:\WINDOWS;C:\WINDOWS\System32\Wbem;C:\WINDOWS\System32\WindowsPowerShell\v1.0\;C:\WINDOWS\System32\OpenSSH\;C:\Program Files (x86)\NVIDIA Corporation\PhysX\Common;C:\Program Files\NVIDIA Corporation\NVIDIA NvDLISR;C:\Program Files\Git\cmd;C:\ProgramData\chocolatey\bin;C:\Program Files\nodejs\;C:\Users\InfoTungston\AppData\Local\Programs\Python\Python313\Scripts\;C:\Users\InfoTungston\AppData\Local\Programs\Python\Python313\;C:\Users\InfoTungston\AppData\Local\Programs\Python\Launcher\;C:\Users\InfoTungston\AppData\Local\Microsoft\WindowsApps;C:\Users\InfoTungston\AppData\Local\Programs\Microsoft VS Code\bin;C:\Program Files\MongoDB\Server\8.0\bin\;C:\Users\InfoTungston\AppData\Roaming\npm;C:\Program Files\Microsoft\jdk-17.0.15.6-hotspot\bin;C:\Users\InfoTungston\AppData\Local\Android\Sdk\platform-tools;C:\Users\InfoTungston\AppData\Local\Android\Sdk\tools;C:\Users\InfoTungston\Downloads\mongodb-database-tools-windows-x86_64-100.12.2\mongodb-database-tools-windows-x86_64-100.12.2\bin;C:\Program Files\PostgreSQL\17\bin;C:\php;C:\Users\InfoTungston\AppData\Local\Android\Sdk\emulator;
USERNAME=InfoTungston
LANG=en_US.UTF-8
OS=Windows_NT
PROCESSOR_IDENTIFIER=AMD64 Family 25 Model 80 Stepping 0, AuthenticAMD
TMP=C:\Users\INFOTU~1\AppData\Local\Temp
TEMP=C:\Users\INFOTU~1\AppData\Local\Temp



Periodic native trim disabled


---------------  S Y S T E M  ---------------

OS:
 Windows 11 , 64 bit Build 26100 (10.0.26100.7309)
OS uptime: 0 days 5:11 hours
Hyper-V role detected

CPU: total 16 (initial active 16) (16 cores per cpu, 2 threads per core) family 25 model 80 stepping 0 microcode 0xa50000d, cx8, cmov, fxsr, ht, mmx, 3dnowpref, sse, sse2, sse3, ssse3, sse4a, sse4.1, sse4.2, popcnt, lzcnt, tsc, tscinvbit, avx, avx2, aes, erms, clmul, bmi1, bmi2, adx, sha, fma, vzeroupper, clflush, clflushopt, hv
Processor Information for the first 16 processors :
  Max Mhz: 3801, Current Mhz: 3801, Mhz Limit: 3801

Memory: 4k page, system-wide physical 15661M (946M free)
TotalPageFile size 62765M (AvailPageFile size 46M)
current process WorkingSet (physical memory assigned to process): 1385M, peak: 1396M
current process commit charge ("private bytes"): 1663M, peak: 1670M

vm_info: OpenJDK 64-Bit Server VM (17.0.15+6-LTS) for windows-amd64 JRE (17.0.15+6-LTS), built on Apr  9 2025 22:27:25 by "MicrosoftCorporation" with unknown MS VC++:1939

END.
