Command line invocation:
    /Applications/Xcode-26.app/Contents/Developer/usr/bin/xcodebuild -workspace HealthApp.xcworkspace -scheme HealthApp -configuration Debug -sdk iphoneos

Build settings from command line:
    SDKROOT = iphoneos26.4

ComputePackagePrebuildTargetDependencyGraph

Prepare packages

CreateBuildRequest

SendProjectDescription

CreateBuildOperation

ComputeTargetDependencyGraph
note: Building targets in dependency order
note: Target dependency graph (100 targets)
    Target 'HealthApp' in project 'HealthApp'
        ➜ Implicit dependency on target 'Pods-HealthApp' in project 'Pods' via file 'libPods-HealthApp.a' in build phase 'Link Binary'
        ➜ Implicit dependency on target 'BVLinearGradient' in project 'Pods' via options '-lBVLinearGradient' in build setting 'OTHER_LDFLAGS'
        ➜ Implicit dependency on target 'DoubleConversion' in project 'Pods' via options '-lDoubleConversion' in build setting 'OTHER_LDFLAGS'
        ➜ Implicit dependency on target 'RCT-Folly' in project 'Pods' via options '-lRCT-Folly' in build setting 'OTHER_LDFLAGS'
        ➜ Implicit dependency on target 'RCTDeprecation' in project 'Pods' via options '-lRCTDeprecation' in build setting 'OTHER_LDFLAGS'
        ➜ Implicit dependency on target 'RCTTypeSafety' in project 'Pods' via options '-lRCTTypeSafety' in build setting 'OTHER_LDFLAGS'
        ➜ Implicit dependency on target 'RNCAsyncStorage' in project 'Pods' via options '-lRNCAsyncStorage' in build setting 'OTHER_LDFLAGS'
        ➜ Implicit dependency on target 'RNCPicker' in project 'Pods' via options '-lRNCPicker' in build setting 'OTHER_LDFLAGS'
        ➜ Implicit dependency on target 'RNDateTimePicker' in project 'Pods' via options '-lRNDateTimePicker' in build setting 'OTHER_LDFLAGS'
        ➜ Implicit dependency on target 'RNGestureHandler' in project 'Pods' via options '-lRNGestureHandler' in build setting 'OTHER_LDFLAGS'
        ➜ Implicit dependency on target 'RNReanimated' in project 'Pods' via options '-lRNReanimated' in build setting 'OTHER_LDFLAGS'
        ➜ Implicit dependency on target 'RNSVG' in project 'Pods' via options '-lRNSVG' in build setting 'OTHER_LDFLAGS'
        ➜ Implicit dependency on target 'RNScreens' in project 'Pods' via options '-lRNScreens' in build setting 'OTHER_LDFLAGS'
        ➜ Implicit dependency on target 'RNVectorIcons' in project 'Pods' via options '-lRNVectorIcons' in build setting 'OTHER_LDFLAGS'
        ➜ Implicit dependency on target 'RNWorklets' in project 'Pods' via options '-lRNWorklets' in build setting 'OTHER_LDFLAGS'
        ➜ Implicit dependency on target 'React-Core' in project 'Pods' via options '-lReact-Core' in build setting 'OTHER_LDFLAGS'
        ➜ Implicit dependency on target 'React-CoreModules' in project 'Pods' via options '-lReact-CoreModules' in build setting 'OTHER_LDFLAGS'
        ➜ Implicit dependency on target 'React-Fabric' in project 'Pods' via options '-lReact-Fabric' in build setting 'OTHER_LDFLAGS'
        ➜ Implicit dependency on target 'React-FabricComponents' in project 'Pods' via options '-lReact-FabricComponents' in build setting 'OTHER_LDFLAGS'
        ➜ Implicit dependency on target 'React-FabricImage' in project 'Pods' via options '-lReact-FabricImage' in build setting 'OTHER_LDFLAGS'
        ➜ Implicit dependency on target 'React-ImageManager' in project 'Pods' via options '-lReact-ImageManager' in build setting 'OTHER_LDFLAGS'
        ➜ Implicit dependency on target 'React-Mapbuffer' in project 'Pods' via options '-lReact-Mapbuffer' in build setting 'OTHER_LDFLAGS'
        ➜ Implicit dependency on target 'React-NativeModulesApple' in project 'Pods' via options '-lReact-NativeModulesApple' in build setting 'OTHER_LDFLAGS'
        ➜ Implicit dependency on target 'React-RCTAnimation' in project 'Pods' via options '-lReact-RCTAnimation' in build setting 'OTHER_LDFLAGS'
        ➜ Implicit dependency on target 'React-RCTAppDelegate' in project 'Pods' via options '-lReact-RCTAppDelegate' in build setting 'OTHER_LDFLAGS'
        ➜ Implicit dependency on target 'React-RCTBlob' in project 'Pods' via options '-lReact-RCTBlob' in build setting 'OTHER_LDFLAGS'
        ➜ Implicit dependency on target 'React-RCTFBReactNativeSpec' in project 'Pods' via options '-lReact-RCTFBReactNativeSpec' in build setting 'OTHER_LDFLAGS'
        ➜ Implicit dependency on target 'React-RCTFabric' in project 'Pods' via options '-lReact-RCTFabric' in build setting 'OTHER_LDFLAGS'
        ➜ Implicit dependency on target 'React-RCTImage' in project 'Pods' via options '-lReact-RCTImage' in build setting 'OTHER_LDFLAGS'
        ➜ Implicit dependency on target 'React-RCTLinking' in project 'Pods' via options '-lReact-RCTLinking' in build setting 'OTHER_LDFLAGS'
        ➜ Implicit dependency on target 'React-RCTNetwork' in project 'Pods' via options '-lReact-RCTNetwork' in build setting 'OTHER_LDFLAGS'
        ➜ Implicit dependency on target 'React-RCTRuntime' in project 'Pods' via options '-lReact-RCTRuntime' in build setting 'OTHER_LDFLAGS'
        ➜ Implicit dependency on target 'React-RCTSettings' in project 'Pods' via options '-lReact-RCTSettings' in build setting 'OTHER_LDFLAGS'
        ➜ Implicit dependency on target 'React-RCTText' in project 'Pods' via options '-lReact-RCTText' in build setting 'OTHER_LDFLAGS'
        ➜ Implicit dependency on target 'React-RCTVibration' in project 'Pods' via options '-lReact-RCTVibration' in build setting 'OTHER_LDFLAGS'
        ➜ Implicit dependency on target 'React-RuntimeApple' in project 'Pods' via options '-lReact-RuntimeApple' in build setting 'OTHER_LDFLAGS'
        ➜ Implicit dependency on target 'React-RuntimeCore' in project 'Pods' via options '-lReact-RuntimeCore' in build setting 'OTHER_LDFLAGS'
        ➜ Implicit dependency on target 'React-RuntimeHermes' in project 'Pods' via options '-lReact-RuntimeHermes' in build setting 'OTHER_LDFLAGS'
        ➜ Implicit dependency on target 'React-cxxreact' in project 'Pods' via options '-lReact-cxxreact' in build setting 'OTHER_LDFLAGS'
        ➜ Implicit dependency on target 'React-debug' in project 'Pods' via options '-lReact-debug' in build setting 'OTHER_LDFLAGS'
        ➜ Implicit dependency on target 'React-defaultsnativemodule' in project 'Pods' via options '-lReact-defaultsnativemodule' in build setting 'OTHER_LDFLAGS'
        ➜ Implicit dependency on target 'React-domnativemodule' in project 'Pods' via options '-lReact-domnativemodule' in build setting 'OTHER_LDFLAGS'
        ➜ Implicit dependency on target 'React-featureflags' in project 'Pods' via options '-lReact-featureflags' in build setting 'OTHER_LDFLAGS'
        ➜ Implicit dependency on target 'React-featureflagsnativemodule' in project 'Pods' via options '-lReact-featureflagsnativemodule' in build setting 'OTHER_LDFLAGS'
        ➜ Implicit dependency on target 'React-graphics' in project 'Pods' via options '-lReact-graphics' in build setting 'OTHER_LDFLAGS'
        ➜ Implicit dependency on target 'React-hermes' in project 'Pods' via options '-lReact-hermes' in build setting 'OTHER_LDFLAGS'
        ➜ Implicit dependency on target 'React-idlecallbacksnativemodule' in project 'Pods' via options '-lReact-idlecallbacksnativemodule' in build setting 'OTHER_LDFLAGS'
        ➜ Implicit dependency on target 'React-jserrorhandler' in project 'Pods' via options '-lReact-jserrorhandler' in build setting 'OTHER_LDFLAGS'
        ➜ Implicit dependency on target 'React-jsi' in project 'Pods' via options '-lReact-jsi' in build setting 'OTHER_LDFLAGS'
        ➜ Implicit dependency on target 'React-jsiexecutor' in project 'Pods' via options '-lReact-jsiexecutor' in build setting 'OTHER_LDFLAGS'
        ➜ Implicit dependency on target 'React-jsinspector' in project 'Pods' via options '-lReact-jsinspector' in build setting 'OTHER_LDFLAGS'
        ➜ Implicit dependency on target 'React-jsinspectorcdp' in project 'Pods' via options '-lReact-jsinspectorcdp' in build setting 'OTHER_LDFLAGS'
        ➜ Implicit dependency on target 'React-jsinspectornetwork' in project 'Pods' via options '-lReact-jsinspectornetwork' in build setting 'OTHER_LDFLAGS'
        ➜ Implicit dependency on target 'React-jsinspectortracing' in project 'Pods' via options '-lReact-jsinspectortracing' in build setting 'OTHER_LDFLAGS'
        ➜ Implicit dependency on target 'React-jsitooling' in project 'Pods' via options '-lReact-jsitooling' in build setting 'OTHER_LDFLAGS'
        ➜ Implicit dependency on target 'React-logger' in project 'Pods' via options '-lReact-logger' in build setting 'OTHER_LDFLAGS'
        ➜ Implicit dependency on target 'React-microtasksnativemodule' in project 'Pods' via options '-lReact-microtasksnativemodule' in build setting 'OTHER_LDFLAGS'
        ➜ Implicit dependency on target 'React-oscompat' in project 'Pods' via options '-lReact-oscompat' in build setting 'OTHER_LDFLAGS'
        ➜ Implicit dependency on target 'React-perflogger' in project 'Pods' via options '-lReact-perflogger' in build setting 'OTHER_LDFLAGS'
        ➜ Implicit dependency on target 'React-performancecdpmetrics' in project 'Pods' via options '-lReact-performancecdpmetrics' in build setting 'OTHER_LDFLAGS'
        ➜ Implicit dependency on target 'React-performancetimeline' in project 'Pods' via options '-lReact-performancetimeline' in build setting 'OTHER_LDFLAGS'
        ➜ Implicit dependency on target 'React-rendererconsistency' in project 'Pods' via options '-lReact-rendererconsistency' in build setting 'OTHER_LDFLAGS'
        ➜ Implicit dependency on target 'React-renderercss' in project 'Pods' via options '-lReact-renderercss' in build setting 'OTHER_LDFLAGS'
        ➜ Implicit dependency on target 'React-rendererdebug' in project 'Pods' via options '-lReact-rendererdebug' in build setting 'OTHER_LDFLAGS'
        ➜ Implicit dependency on target 'React-runtimeexecutor' in project 'Pods' via options '-lReact-runtimeexecutor' in build setting 'OTHER_LDFLAGS'
        ➜ Implicit dependency on target 'React-runtimescheduler' in project 'Pods' via options '-lReact-runtimescheduler' in build setting 'OTHER_LDFLAGS'
        ➜ Implicit dependency on target 'React-utils' in project 'Pods' via options '-lReact-utils' in build setting 'OTHER_LDFLAGS'
        ➜ Implicit dependency on target 'React-webperformancenativemodule' in project 'Pods' via options '-lReact-webperformancenativemodule' in build setting 'OTHER_LDFLAGS'
        ➜ Implicit dependency on target 'ReactAppDependencyProvider' in project 'Pods' via options '-lReactAppDependencyProvider' in build setting 'OTHER_LDFLAGS'
        ➜ Implicit dependency on target 'ReactCodegen' in project 'Pods' via options '-lReactCodegen' in build setting 'OTHER_LDFLAGS'
        ➜ Implicit dependency on target 'ReactCommon' in project 'Pods' via options '-lReactCommon' in build setting 'OTHER_LDFLAGS'
        ➜ Implicit dependency on target 'SocketRocket' in project 'Pods' via options '-lSocketRocket' in build setting 'OTHER_LDFLAGS'
        ➜ Implicit dependency on target 'Yoga' in project 'Pods' via options '-lYoga' in build setting 'OTHER_LDFLAGS'
        ➜ Implicit dependency on target 'fmt' in project 'Pods' via options '-lfmt' in build setting 'OTHER_LDFLAGS'
        ➜ Implicit dependency on target 'glog' in project 'Pods' via options '-lglog' in build setting 'OTHER_LDFLAGS'
        ➜ Implicit dependency on target 'react-native-geolocation-service' in project 'Pods' via options '-lreact-native-geolocation-service' in build setting 'OTHER_LDFLAGS'
        ➜ Implicit dependency on target 'react-native-image-picker' in project 'Pods' via options '-lreact-native-image-picker' in build setting 'OTHER_LDFLAGS'
        ➜ Implicit dependency on target 'react-native-razorpay' in project 'Pods' via options '-lreact-native-razorpay' in build setting 'OTHER_LDFLAGS'
        ➜ Implicit dependency on target 'react-native-safe-area-context' in project 'Pods' via options '-lreact-native-safe-area-context' in build setting 'OTHER_LDFLAGS'
    Target 'Pods-HealthApp' in project 'Pods'
        ➜ Explicit dependency on target 'BVLinearGradient' in project 'Pods'
        ➜ Explicit dependency on target 'DoubleConversion' in project 'Pods'
        ➜ Explicit dependency on target 'FBLazyVector' in project 'Pods'
        ➜ Explicit dependency on target 'RCT-Folly' in project 'Pods'
        ➜ Explicit dependency on target 'RCTDeprecation' in project 'Pods'
        ➜ Explicit dependency on target 'RCTRequired' in project 'Pods'
        ➜ Explicit dependency on target 'RCTTypeSafety' in project 'Pods'
        ➜ Explicit dependency on target 'RNCAsyncStorage' in project 'Pods'
        ➜ Explicit dependency on target 'RNCPicker' in project 'Pods'
        ➜ Explicit dependency on target 'RNDateTimePicker' in project 'Pods'
        ➜ Explicit dependency on target 'RNGestureHandler' in project 'Pods'
        ➜ Explicit dependency on target 'RNReanimated' in project 'Pods'
        ➜ Explicit dependency on target 'RNSVG' in project 'Pods'
        ➜ Explicit dependency on target 'RNScreens' in project 'Pods'
        ➜ Explicit dependency on target 'RNVectorIcons' in project 'Pods'
        ➜ Explicit dependency on target 'RNWorklets' in project 'Pods'
        ➜ Explicit dependency on target 'React' in project 'Pods'
        ➜ Explicit dependency on target 'React-Core' in project 'Pods'
        ➜ Explicit dependency on target 'React-CoreModules' in project 'Pods'
        ➜ Explicit dependency on target 'React-Fabric' in project 'Pods'
        ➜ Explicit dependency on target 'React-FabricComponents' in project 'Pods'
        ➜ Explicit dependency on target 'React-FabricImage' in project 'Pods'
        ➜ Explicit dependency on target 'React-ImageManager' in project 'Pods'
        ➜ Explicit dependency on target 'React-Mapbuffer' in project 'Pods'
        ➜ Explicit dependency on target 'React-NativeModulesApple' in project 'Pods'
        ➜ Explicit dependency on target 'React-RCTActionSheet' in project 'Pods'
        ➜ Explicit dependency on target 'React-RCTAnimation' in project 'Pods'
        ➜ Explicit dependency on target 'React-RCTAppDelegate' in project 'Pods'
        ➜ Explicit dependency on target 'React-RCTBlob' in project 'Pods'
        ➜ Explicit dependency on target 'React-RCTFBReactNativeSpec' in project 'Pods'
        ➜ Explicit dependency on target 'React-RCTFabric' in project 'Pods'
        ➜ Explicit dependency on target 'React-RCTImage' in project 'Pods'
        ➜ Explicit dependency on target 'React-RCTLinking' in project 'Pods'
        ➜ Explicit dependency on target 'React-RCTNetwork' in project 'Pods'
        ➜ Explicit dependency on target 'React-RCTRuntime' in project 'Pods'
        ➜ Explicit dependency on target 'React-RCTSettings' in project 'Pods'
        ➜ Explicit dependency on target 'React-RCTText' in project 'Pods'
        ➜ Explicit dependency on target 'React-RCTVibration' in project 'Pods'
        ➜ Explicit dependency on target 'React-RuntimeApple' in project 'Pods'
        ➜ Explicit dependency on target 'React-RuntimeCore' in project 'Pods'
        ➜ Explicit dependency on target 'React-RuntimeHermes' in project 'Pods'
        ➜ Explicit dependency on target 'React-callinvoker' in project 'Pods'
        ➜ Explicit dependency on target 'React-cxxreact' in project 'Pods'
        ➜ Explicit dependency on target 'React-debug' in project 'Pods'
        ➜ Explicit dependency on target 'React-defaultsnativemodule' in project 'Pods'
        ➜ Explicit dependency on target 'React-domnativemodule' in project 'Pods'
        ➜ Explicit dependency on target 'React-featureflags' in project 'Pods'
        ➜ Explicit dependency on target 'React-featureflagsnativemodule' in project 'Pods'
        ➜ Explicit dependency on target 'React-graphics' in project 'Pods'
        ➜ Explicit dependency on target 'React-hermes' in project 'Pods'
        ➜ Explicit dependency on target 'React-idlecallbacksnativemodule' in project 'Pods'
        ➜ Explicit dependency on target 'React-jserrorhandler' in project 'Pods'
        ➜ Explicit dependency on target 'React-jsi' in project 'Pods'
        ➜ Explicit dependency on target 'React-jsiexecutor' in project 'Pods'
        ➜ Explicit dependency on target 'React-jsinspector' in project 'Pods'
        ➜ Explicit dependency on target 'React-jsinspectorcdp' in project 'Pods'
        ➜ Explicit dependency on target 'React-jsinspectornetwork' in project 'Pods'
        ➜ Explicit dependency on target 'React-jsinspectortracing' in project 'Pods'
        ➜ Explicit dependency on target 'React-jsitooling' in project 'Pods'
        ➜ Explicit dependency on target 'React-jsitracing' in project 'Pods'
        ➜ Explicit dependency on target 'React-logger' in project 'Pods'
        ➜ Explicit dependency on target 'React-microtasksnativemodule' in project 'Pods'
        ➜ Explicit dependency on target 'React-oscompat' in project 'Pods'
        ➜ Explicit dependency on target 'React-perflogger' in project 'Pods'
        ➜ Explicit dependency on target 'React-performancecdpmetrics' in project 'Pods'
        ➜ Explicit dependency on target 'React-performancetimeline' in project 'Pods'
        ➜ Explicit dependency on target 'React-rendererconsistency' in project 'Pods'
        ➜ Explicit dependency on target 'React-renderercss' in project 'Pods'
        ➜ Explicit dependency on target 'React-rendererdebug' in project 'Pods'
        ➜ Explicit dependency on target 'React-runtimeexecutor' in project 'Pods'
        ➜ Explicit dependency on target 'React-runtimescheduler' in project 'Pods'
        ➜ Explicit dependency on target 'React-timing' in project 'Pods'
        ➜ Explicit dependency on target 'React-utils' in project 'Pods'
        ➜ Explicit dependency on target 'React-webperformancenativemodule' in project 'Pods'
        ➜ Explicit dependency on target 'ReactAppDependencyProvider' in project 'Pods'
        ➜ Explicit dependency on target 'ReactCodegen' in project 'Pods'
        ➜ Explicit dependency on target 'ReactCommon' in project 'Pods'
        ➜ Explicit dependency on target 'SocketRocket' in project 'Pods'
        ➜ Explicit dependency on target 'Yoga' in project 'Pods'
        ➜ Explicit dependency on target 'boost' in project 'Pods'
        ➜ Explicit dependency on target 'fast_float' in project 'Pods'
        ➜ Explicit dependency on target 'fmt' in project 'Pods'
        ➜ Explicit dependency on target 'glog' in project 'Pods'
        ➜ Explicit dependency on target 'hermes-engine' in project 'Pods'
        ➜ Explicit dependency on target 'razorpay-core-pod' in project 'Pods'
        ➜ Explicit dependency on target 'razorpay-pod' in project 'Pods'
        ➜ Explicit dependency on target 'react-native-geolocation-service' in project 'Pods'
        ➜ Explicit dependency on target 'react-native-image-picker' in project 'Pods'
        ➜ Explicit dependency on target 'react-native-razorpay' in project 'Pods'
        ➜ Explicit dependency on target 'react-native-safe-area-context' in project 'Pods'
    Target 'react-native-safe-area-context' in project 'Pods'
        ➜ Explicit dependency on target 'DoubleConversion' in project 'Pods'
        ➜ Explicit dependency on target 'RCT-Folly' in project 'Pods'
        ➜ Explicit dependency on target 'RCTRequired' in project 'Pods'
        ➜ Explicit dependency on target 'RCTTypeSafety' in project 'Pods'
        ➜ Explicit dependency on target 'React-Core' in project 'Pods'
        ➜ Explicit dependency on target 'React-Fabric' in project 'Pods'
        ➜ Explicit dependency on target 'React-ImageManager' in project 'Pods'
        ➜ Explicit dependency on target 'React-NativeModulesApple' in project 'Pods'
        ➜ Explicit dependency on target 'React-RCTFabric' in project 'Pods'
        ➜ Explicit dependency on target 'React-debug' in project 'Pods'
        ➜ Explicit dependency on target 'React-featureflags' in project 'Pods'
        ➜ Explicit dependency on target 'React-graphics' in project 'Pods'
        ➜ Explicit dependency on target 'React-jsi' in project 'Pods'
        ➜ Explicit dependency on target 'React-renderercss' in project 'Pods'
        ➜ Explicit dependency on target 'React-rendererdebug' in project 'Pods'
        ➜ Explicit dependency on target 'React-utils' in project 'Pods'
        ➜ Explicit dependency on target 'ReactCodegen' in project 'Pods'
        ➜ Explicit dependency on target 'ReactCommon' in project 'Pods'
        ➜ Explicit dependency on target 'SocketRocket' in project 'Pods'
        ➜ Explicit dependency on target 'Yoga' in project 'Pods'
        ➜ Explicit dependency on target 'boost' in project 'Pods'
        ➜ Explicit dependency on target 'fast_float' in project 'Pods'
        ➜ Explicit dependency on target 'fmt' in project 'Pods'
        ➜ Explicit dependency on target 'glog' in project 'Pods'
        ➜ Explicit dependency on target 'hermes-engine' in project 'Pods'
    Target 'react-native-razorpay' in project 'Pods'
        ➜ Explicit dependency on target 'React' in project 'Pods'
        ➜ Explicit dependency on target 'razorpay-pod' in project 'Pods'
    Target 'react-native-image-picker' in project 'Pods'
        ➜ Explicit dependency on target 'DoubleConversion' in project 'Pods'
        ➜ Explicit dependency on target 'RCT-Folly' in project 'Pods'
        ➜ Explicit dependency on target 'RCTRequired' in project 'Pods'
        ➜ Explicit dependency on target 'RCTTypeSafety' in project 'Pods'
        ➜ Explicit dependency on target 'React-Core' in project 'Pods'
        ➜ Explicit dependency on target 'React-Fabric' in project 'Pods'
        ➜ Explicit dependency on target 'React-ImageManager' in project 'Pods'
        ➜ Explicit dependency on target 'React-NativeModulesApple' in project 'Pods'
        ➜ Explicit dependency on target 'React-RCTFabric' in project 'Pods'
        ➜ Explicit dependency on target 'React-debug' in project 'Pods'
        ➜ Explicit dependency on target 'React-featureflags' in project 'Pods'
        ➜ Explicit dependency on target 'React-graphics' in project 'Pods'
        ➜ Explicit dependency on target 'React-jsi' in project 'Pods'
        ➜ Explicit dependency on target 'React-renderercss' in project 'Pods'
        ➜ Explicit dependency on target 'React-rendererdebug' in project 'Pods'
        ➜ Explicit dependency on target 'React-utils' in project 'Pods'
        ➜ Explicit dependency on target 'ReactCodegen' in project 'Pods'
        ➜ Explicit dependency on target 'ReactCommon' in project 'Pods'
        ➜ Explicit dependency on target 'SocketRocket' in project 'Pods'
        ➜ Explicit dependency on target 'Yoga' in project 'Pods'
        ➜ Explicit dependency on target 'boost' in project 'Pods'
        ➜ Explicit dependency on target 'fast_float' in project 'Pods'
        ➜ Explicit dependency on target 'fmt' in project 'Pods'
        ➜ Explicit dependency on target 'glog' in project 'Pods'
        ➜ Explicit dependency on target 'hermes-engine' in project 'Pods'
        ➜ Explicit dependency on target 'react-native-image-picker-RNImagePickerPrivacyInfo' in project 'Pods'
    Target 'react-native-image-picker-RNImagePickerPrivacyInfo' in project 'Pods' (no dependencies)
    Target 'react-native-geolocation-service' in project 'Pods'
        ➜ Explicit dependency on target 'React' in project 'Pods'
    Target 'razorpay-pod' in project 'Pods'
        ➜ Explicit dependency on target 'razorpay-core-pod' in project 'Pods'
    Target 'razorpay-core-pod' in project 'Pods' (no dependencies)
    Target 'ReactAppDependencyProvider' in project 'Pods'
        ➜ Explicit dependency on target 'ReactCodegen' in project 'Pods'
    Target 'React' in project 'Pods'
        ➜ Explicit dependency on target 'React-Core' in project 'Pods'
        ➜ Explicit dependency on target 'React-RCTActionSheet' in project 'Pods'
        ➜ Explicit dependency on target 'React-RCTAnimation' in project 'Pods'
        ➜ Explicit dependency on target 'React-RCTBlob' in project 'Pods'
        ➜ Explicit dependency on target 'React-RCTImage' in project 'Pods'
        ➜ Explicit dependency on target 'React-RCTLinking' in project 'Pods'
        ➜ Explicit dependency on target 'React-RCTNetwork' in project 'Pods'
        ➜ Explicit dependency on target 'React-RCTSettings' in project 'Pods'
        ➜ Explicit dependency on target 'React-RCTText' in project 'Pods'
        ➜ Explicit dependency on target 'React-RCTVibration' in project 'Pods'
    Target 'React-RCTVibration' in project 'Pods'
        ➜ Explicit dependency on target 'DoubleConversion' in project 'Pods'
        ➜ Explicit dependency on target 'RCT-Folly' in project 'Pods'
        ➜ Explicit dependency on target 'React-Core' in project 'Pods'
        ➜ Explicit dependency on target 'React-NativeModulesApple' in project 'Pods'
        ➜ Explicit dependency on target 'React-RCTFBReactNativeSpec' in project 'Pods'
        ➜ Explicit dependency on target 'React-jsi' in project 'Pods'
        ➜ Explicit dependency on target 'ReactCommon' in project 'Pods'
        ➜ Explicit dependency on target 'SocketRocket' in project 'Pods'
        ➜ Explicit dependency on target 'boost' in project 'Pods'
        ➜ Explicit dependency on target 'fast_float' in project 'Pods'
        ➜ Explicit dependency on target 'fmt' in project 'Pods'
        ➜ Explicit dependency on target 'glog' in project 'Pods'
    Target 'React-RCTSettings' in project 'Pods'
        ➜ Explicit dependency on target 'DoubleConversion' in project 'Pods'
        ➜ Explicit dependency on target 'RCT-Folly' in project 'Pods'
        ➜ Explicit dependency on target 'RCTTypeSafety' in project 'Pods'
        ➜ Explicit dependency on target 'React-Core' in project 'Pods'
        ➜ Explicit dependency on target 'React-NativeModulesApple' in project 'Pods'
        ➜ Explicit dependency on target 'React-RCTFBReactNativeSpec' in project 'Pods'
        ➜ Explicit dependency on target 'React-jsi' in project 'Pods'
        ➜ Explicit dependency on target 'ReactCommon' in project 'Pods'
        ➜ Explicit dependency on target 'SocketRocket' in project 'Pods'
        ➜ Explicit dependency on target 'boost' in project 'Pods'
        ➜ Explicit dependency on target 'fast_float' in project 'Pods'
        ➜ Explicit dependency on target 'fmt' in project 'Pods'
        ➜ Explicit dependency on target 'glog' in project 'Pods'
    Target 'React-RCTLinking' in project 'Pods'
        ➜ Explicit dependency on target 'React-Core' in project 'Pods'
        ➜ Explicit dependency on target 'React-NativeModulesApple' in project 'Pods'
        ➜ Explicit dependency on target 'React-RCTFBReactNativeSpec' in project 'Pods'
        ➜ Explicit dependency on target 'React-jsi' in project 'Pods'
        ➜ Explicit dependency on target 'ReactCommon' in project 'Pods'
    Target 'React-RCTActionSheet' in project 'Pods'
        ➜ Explicit dependency on target 'React-Core' in project 'Pods'
    Target 'RNVectorIcons' in project 'Pods'
        ➜ Explicit dependency on target 'React-Core' in project 'Pods'
    Target 'RNScreens' in project 'Pods'
        ➜ Explicit dependency on target 'DoubleConversion' in project 'Pods'
        ➜ Explicit dependency on target 'RCT-Folly' in project 'Pods'
        ➜ Explicit dependency on target 'RCTRequired' in project 'Pods'
        ➜ Explicit dependency on target 'RCTTypeSafety' in project 'Pods'
        ➜ Explicit dependency on target 'React-Core' in project 'Pods'
        ➜ Explicit dependency on target 'React-Fabric' in project 'Pods'
        ➜ Explicit dependency on target 'React-ImageManager' in project 'Pods'
        ➜ Explicit dependency on target 'React-NativeModulesApple' in project 'Pods'
        ➜ Explicit dependency on target 'React-RCTFabric' in project 'Pods'
        ➜ Explicit dependency on target 'React-RCTImage' in project 'Pods'
        ➜ Explicit dependency on target 'React-debug' in project 'Pods'
        ➜ Explicit dependency on target 'React-featureflags' in project 'Pods'
        ➜ Explicit dependency on target 'React-graphics' in project 'Pods'
        ➜ Explicit dependency on target 'React-jsi' in project 'Pods'
        ➜ Explicit dependency on target 'React-renderercss' in project 'Pods'
        ➜ Explicit dependency on target 'React-rendererdebug' in project 'Pods'
        ➜ Explicit dependency on target 'React-utils' in project 'Pods'
        ➜ Explicit dependency on target 'ReactCodegen' in project 'Pods'
        ➜ Explicit dependency on target 'ReactCommon' in project 'Pods'
        ➜ Explicit dependency on target 'SocketRocket' in project 'Pods'
        ➜ Explicit dependency on target 'Yoga' in project 'Pods'
        ➜ Explicit dependency on target 'boost' in project 'Pods'
        ➜ Explicit dependency on target 'fast_float' in project 'Pods'
        ➜ Explicit dependency on target 'fmt' in project 'Pods'
        ➜ Explicit dependency on target 'glog' in project 'Pods'
        ➜ Explicit dependency on target 'hermes-engine' in project 'Pods'
    Target 'RNSVG' in project 'Pods'
        ➜ Explicit dependency on target 'DoubleConversion' in project 'Pods'
        ➜ Explicit dependency on target 'RCT-Folly' in project 'Pods'
        ➜ Explicit dependency on target 'RCTRequired' in project 'Pods'
        ➜ Explicit dependency on target 'RCTTypeSafety' in project 'Pods'
        ➜ Explicit dependency on target 'RNSVG-RNSVGFilters' in project 'Pods'
        ➜ Explicit dependency on target 'React-Core' in project 'Pods'
        ➜ Explicit dependency on target 'React-Fabric' in project 'Pods'
        ➜ Explicit dependency on target 'React-ImageManager' in project 'Pods'
        ➜ Explicit dependency on target 'React-NativeModulesApple' in project 'Pods'
        ➜ Explicit dependency on target 'React-RCTFabric' in project 'Pods'
        ➜ Explicit dependency on target 'React-debug' in project 'Pods'
        ➜ Explicit dependency on target 'React-featureflags' in project 'Pods'
        ➜ Explicit dependency on target 'React-graphics' in project 'Pods'
        ➜ Explicit dependency on target 'React-jsi' in project 'Pods'
        ➜ Explicit dependency on target 'React-renderercss' in project 'Pods'
        ➜ Explicit dependency on target 'React-rendererdebug' in project 'Pods'
        ➜ Explicit dependency on target 'React-utils' in project 'Pods'
        ➜ Explicit dependency on target 'ReactCodegen' in project 'Pods'
        ➜ Explicit dependency on target 'ReactCommon' in project 'Pods'
        ➜ Explicit dependency on target 'SocketRocket' in project 'Pods'
        ➜ Explicit dependency on target 'Yoga' in project 'Pods'
        ➜ Explicit dependency on target 'boost' in project 'Pods'
        ➜ Explicit dependency on target 'fast_float' in project 'Pods'
        ➜ Explicit dependency on target 'fmt' in project 'Pods'
        ➜ Explicit dependency on target 'glog' in project 'Pods'
        ➜ Explicit dependency on target 'hermes-engine' in project 'Pods'
    Target 'RNSVG-RNSVGFilters' in project 'Pods' (no dependencies)
    Target 'RNReanimated' in project 'Pods'
        ➜ Explicit dependency on target 'DoubleConversion' in project 'Pods'
        ➜ Explicit dependency on target 'RCT-Folly' in project 'Pods'
        ➜ Explicit dependency on target 'RCTRequired' in project 'Pods'
        ➜ Explicit dependency on target 'RCTTypeSafety' in project 'Pods'
        ➜ Explicit dependency on target 'RNWorklets' in project 'Pods'
        ➜ Explicit dependency on target 'React-Core' in project 'Pods'
        ➜ Explicit dependency on target 'React-Fabric' in project 'Pods'
        ➜ Explicit dependency on target 'React-ImageManager' in project 'Pods'
        ➜ Explicit dependency on target 'React-NativeModulesApple' in project 'Pods'
        ➜ Explicit dependency on target 'React-RCTFabric' in project 'Pods'
        ➜ Explicit dependency on target 'React-debug' in project 'Pods'
        ➜ Explicit dependency on target 'React-featureflags' in project 'Pods'
        ➜ Explicit dependency on target 'React-graphics' in project 'Pods'
        ➜ Explicit dependency on target 'React-hermes' in project 'Pods'
        ➜ Explicit dependency on target 'React-jsi' in project 'Pods'
        ➜ Explicit dependency on target 'React-renderercss' in project 'Pods'
        ➜ Explicit dependency on target 'React-rendererdebug' in project 'Pods'
        ➜ Explicit dependency on target 'React-utils' in project 'Pods'
        ➜ Explicit dependency on target 'ReactCodegen' in project 'Pods'
        ➜ Explicit dependency on target 'ReactCommon' in project 'Pods'
        ➜ Explicit dependency on target 'SocketRocket' in project 'Pods'
        ➜ Explicit dependency on target 'Yoga' in project 'Pods'
        ➜ Explicit dependency on target 'boost' in project 'Pods'
        ➜ Explicit dependency on target 'fast_float' in project 'Pods'
        ➜ Explicit dependency on target 'fmt' in project 'Pods'
        ➜ Explicit dependency on target 'glog' in project 'Pods'
        ➜ Explicit dependency on target 'hermes-engine' in project 'Pods'
    Target 'RNWorklets' in project 'Pods'
        ➜ Explicit dependency on target 'DoubleConversion' in project 'Pods'
        ➜ Explicit dependency on target 'RCT-Folly' in project 'Pods'
        ➜ Explicit dependency on target 'RCTRequired' in project 'Pods'
        ➜ Explicit dependency on target 'RCTTypeSafety' in project 'Pods'
        ➜ Explicit dependency on target 'React-Core' in project 'Pods'
        ➜ Explicit dependency on target 'React-Fabric' in project 'Pods'
        ➜ Explicit dependency on target 'React-ImageManager' in project 'Pods'
        ➜ Explicit dependency on target 'React-NativeModulesApple' in project 'Pods'
        ➜ Explicit dependency on target 'React-RCTFabric' in project 'Pods'
        ➜ Explicit dependency on target 'React-debug' in project 'Pods'
        ➜ Explicit dependency on target 'React-featureflags' in project 'Pods'
        ➜ Explicit dependency on target 'React-graphics' in project 'Pods'
        ➜ Explicit dependency on target 'React-hermes' in project 'Pods'
        ➜ Explicit dependency on target 'React-jsi' in project 'Pods'
        ➜ Explicit dependency on target 'React-renderercss' in project 'Pods'
        ➜ Explicit dependency on target 'React-rendererdebug' in project 'Pods'
        ➜ Explicit dependency on target 'React-utils' in project 'Pods'
        ➜ Explicit dependency on target 'ReactCodegen' in project 'Pods'
        ➜ Explicit dependency on target 'ReactCommon' in project 'Pods'
        ➜ Explicit dependency on target 'SocketRocket' in project 'Pods'
        ➜ Explicit dependency on target 'Yoga' in project 'Pods'
        ➜ Explicit dependency on target 'boost' in project 'Pods'
        ➜ Explicit dependency on target 'fast_float' in project 'Pods'
        ➜ Explicit dependency on target 'fmt' in project 'Pods'
        ➜ Explicit dependency on target 'glog' in project 'Pods'
        ➜ Explicit dependency on target 'hermes-engine' in project 'Pods'
    Target 'RNGestureHandler' in project 'Pods'
        ➜ Explicit dependency on target 'DoubleConversion' in project 'Pods'
        ➜ Explicit dependency on target 'RCT-Folly' in project 'Pods'
        ➜ Explicit dependency on target 'RCTRequired' in project 'Pods'
        ➜ Explicit dependency on target 'RCTTypeSafety' in project 'Pods'
        ➜ Explicit dependency on target 'React-Core' in project 'Pods'
        ➜ Explicit dependency on target 'React-Fabric' in project 'Pods'
        ➜ Explicit dependency on target 'React-ImageManager' in project 'Pods'
        ➜ Explicit dependency on target 'React-NativeModulesApple' in project 'Pods'
        ➜ Explicit dependency on target 'React-RCTFabric' in project 'Pods'
        ➜ Explicit dependency on target 'React-debug' in project 'Pods'
        ➜ Explicit dependency on target 'React-featureflags' in project 'Pods'
        ➜ Explicit dependency on target 'React-graphics' in project 'Pods'
        ➜ Explicit dependency on target 'React-jsi' in project 'Pods'
        ➜ Explicit dependency on target 'React-renderercss' in project 'Pods'
        ➜ Explicit dependency on target 'React-rendererdebug' in project 'Pods'
        ➜ Explicit dependency on target 'React-utils' in project 'Pods'
        ➜ Explicit dependency on target 'ReactCodegen' in project 'Pods'
        ➜ Explicit dependency on target 'ReactCommon' in project 'Pods'
        ➜ Explicit dependency on target 'SocketRocket' in project 'Pods'
        ➜ Explicit dependency on target 'Yoga' in project 'Pods'
        ➜ Explicit dependency on target 'boost' in project 'Pods'
        ➜ Explicit dependency on target 'fast_float' in project 'Pods'
        ➜ Explicit dependency on target 'fmt' in project 'Pods'
        ➜ Explicit dependency on target 'glog' in project 'Pods'
        ➜ Explicit dependency on target 'hermes-engine' in project 'Pods'
    Target 'RNDateTimePicker' in project 'Pods'
        ➜ Explicit dependency on target 'DoubleConversion' in project 'Pods'
        ➜ Explicit dependency on target 'RCT-Folly' in project 'Pods'
        ➜ Explicit dependency on target 'RCTRequired' in project 'Pods'
        ➜ Explicit dependency on target 'RCTTypeSafety' in project 'Pods'
        ➜ Explicit dependency on target 'React-Core' in project 'Pods'
        ➜ Explicit dependency on target 'React-Fabric' in project 'Pods'
        ➜ Explicit dependency on target 'React-ImageManager' in project 'Pods'
        ➜ Explicit dependency on target 'React-NativeModulesApple' in project 'Pods'
        ➜ Explicit dependency on target 'React-RCTFabric' in project 'Pods'
        ➜ Explicit dependency on target 'React-debug' in project 'Pods'
        ➜ Explicit dependency on target 'React-featureflags' in project 'Pods'
        ➜ Explicit dependency on target 'React-graphics' in project 'Pods'
        ➜ Explicit dependency on target 'React-jsi' in project 'Pods'
        ➜ Explicit dependency on target 'React-renderercss' in project 'Pods'
        ➜ Explicit dependency on target 'React-rendererdebug' in project 'Pods'
        ➜ Explicit dependency on target 'React-utils' in project 'Pods'
        ➜ Explicit dependency on target 'ReactCodegen' in project 'Pods'
        ➜ Explicit dependency on target 'ReactCommon' in project 'Pods'
        ➜ Explicit dependency on target 'SocketRocket' in project 'Pods'
        ➜ Explicit dependency on target 'Yoga' in project 'Pods'
        ➜ Explicit dependency on target 'boost' in project 'Pods'
        ➜ Explicit dependency on target 'fast_float' in project 'Pods'
        ➜ Explicit dependency on target 'fmt' in project 'Pods'
        ➜ Explicit dependency on target 'glog' in project 'Pods'
        ➜ Explicit dependency on target 'hermes-engine' in project 'Pods'
    Target 'RNCPicker' in project 'Pods'
        ➜ Explicit dependency on target 'DoubleConversion' in project 'Pods'
        ➜ Explicit dependency on target 'RCT-Folly' in project 'Pods'
        ➜ Explicit dependency on target 'RCTRequired' in project 'Pods'
        ➜ Explicit dependency on target 'RCTTypeSafety' in project 'Pods'
        ➜ Explicit dependency on target 'React-Core' in project 'Pods'
        ➜ Explicit dependency on target 'React-Fabric' in project 'Pods'
        ➜ Explicit dependency on target 'React-ImageManager' in project 'Pods'
        ➜ Explicit dependency on target 'React-NativeModulesApple' in project 'Pods'
        ➜ Explicit dependency on target 'React-RCTFabric' in project 'Pods'
        ➜ Explicit dependency on target 'React-debug' in project 'Pods'
        ➜ Explicit dependency on target 'React-featureflags' in project 'Pods'
        ➜ Explicit dependency on target 'React-graphics' in project 'Pods'
        ➜ Explicit dependency on target 'React-jsi' in project 'Pods'
        ➜ Explicit dependency on target 'React-renderercss' in project 'Pods'
        ➜ Explicit dependency on target 'React-rendererdebug' in project 'Pods'
        ➜ Explicit dependency on target 'React-utils' in project 'Pods'
        ➜ Explicit dependency on target 'ReactCodegen' in project 'Pods'
        ➜ Explicit dependency on target 'ReactCommon' in project 'Pods'
        ➜ Explicit dependency on target 'SocketRocket' in project 'Pods'
        ➜ Explicit dependency on target 'Yoga' in project 'Pods'
        ➜ Explicit dependency on target 'boost' in project 'Pods'
        ➜ Explicit dependency on target 'fast_float' in project 'Pods'
        ➜ Explicit dependency on target 'fmt' in project 'Pods'
        ➜ Explicit dependency on target 'glog' in project 'Pods'
        ➜ Explicit dependency on target 'hermes-engine' in project 'Pods'
    Target 'RNCAsyncStorage' in project 'Pods'
        ➜ Explicit dependency on target 'DoubleConversion' in project 'Pods'
        ➜ Explicit dependency on target 'RCT-Folly' in project 'Pods'
        ➜ Explicit dependency on target 'RCTRequired' in project 'Pods'
        ➜ Explicit dependency on target 'RCTTypeSafety' in project 'Pods'
        ➜ Explicit dependency on target 'RNCAsyncStorage-RNCAsyncStorage_resources' in project 'Pods'
        ➜ Explicit dependency on target 'React-Core' in project 'Pods'
        ➜ Explicit dependency on target 'React-Fabric' in project 'Pods'
        ➜ Explicit dependency on target 'React-ImageManager' in project 'Pods'
        ➜ Explicit dependency on target 'React-NativeModulesApple' in project 'Pods'
        ➜ Explicit dependency on target 'React-RCTFabric' in project 'Pods'
        ➜ Explicit dependency on target 'React-debug' in project 'Pods'
        ➜ Explicit dependency on target 'React-featureflags' in project 'Pods'
        ➜ Explicit dependency on target 'React-graphics' in project 'Pods'
        ➜ Explicit dependency on target 'React-jsi' in project 'Pods'
        ➜ Explicit dependency on target 'React-renderercss' in project 'Pods'
        ➜ Explicit dependency on target 'React-rendererdebug' in project 'Pods'
        ➜ Explicit dependency on target 'React-utils' in project 'Pods'
        ➜ Explicit dependency on target 'ReactCodegen' in project 'Pods'
        ➜ Explicit dependency on target 'ReactCommon' in project 'Pods'
        ➜ Explicit dependency on target 'SocketRocket' in project 'Pods'
        ➜ Explicit dependency on target 'Yoga' in project 'Pods'
        ➜ Explicit dependency on target 'boost' in project 'Pods'
        ➜ Explicit dependency on target 'fast_float' in project 'Pods'
        ➜ Explicit dependency on target 'fmt' in project 'Pods'
        ➜ Explicit dependency on target 'glog' in project 'Pods'
        ➜ Explicit dependency on target 'hermes-engine' in project 'Pods'
    Target 'ReactCodegen' in project 'Pods'
        ➜ Explicit dependency on target 'DoubleConversion' in project 'Pods'
        ➜ Explicit dependency on target 'RCT-Folly' in project 'Pods'
        ➜ Explicit dependency on target 'RCTRequired' in project 'Pods'
        ➜ Explicit dependency on target 'RCTTypeSafety' in project 'Pods'
        ➜ Explicit dependency on target 'React-Core' in project 'Pods'
        ➜ Explicit dependency on target 'React-Fabric' in project 'Pods'
        ➜ Explicit dependency on target 'React-FabricImage' in project 'Pods'
        ➜ Explicit dependency on target 'React-NativeModulesApple' in project 'Pods'
        ➜ Explicit dependency on target 'React-RCTAppDelegate' in project 'Pods'
        ➜ Explicit dependency on target 'React-debug' in project 'Pods'
        ➜ Explicit dependency on target 'React-featureflags' in project 'Pods'
        ➜ Explicit dependency on target 'React-graphics' in project 'Pods'
        ➜ Explicit dependency on target 'React-jsi' in project 'Pods'
        ➜ Explicit dependency on target 'React-jsiexecutor' in project 'Pods'
        ➜ Explicit dependency on target 'React-rendererdebug' in project 'Pods'
        ➜ Explicit dependency on target 'React-utils' in project 'Pods'
        ➜ Explicit dependency on target 'ReactCommon' in project 'Pods'
        ➜ Explicit dependency on target 'SocketRocket' in project 'Pods'
        ➜ Explicit dependency on target 'boost' in project 'Pods'
        ➜ Explicit dependency on target 'fast_float' in project 'Pods'
        ➜ Explicit dependency on target 'fmt' in project 'Pods'
        ➜ Explicit dependency on target 'glog' in project 'Pods'
        ➜ Explicit dependency on target 'hermes-engine' in project 'Pods'
    Target 'React-RCTAppDelegate' in project 'Pods'
        ➜ Explicit dependency on target 'DoubleConversion' in project 'Pods'
        ➜ Explicit dependency on target 'RCT-Folly' in project 'Pods'
        ➜ Explicit dependency on target 'RCTRequired' in project 'Pods'
        ➜ Explicit dependency on target 'RCTTypeSafety' in project 'Pods'
        ➜ Explicit dependency on target 'React-Core' in project 'Pods'
        ➜ Explicit dependency on target 'React-CoreModules' in project 'Pods'
        ➜ Explicit dependency on target 'React-Fabric' in project 'Pods'
        ➜ Explicit dependency on target 'React-NativeModulesApple' in project 'Pods'
        ➜ Explicit dependency on target 'React-RCTFBReactNativeSpec' in project 'Pods'
        ➜ Explicit dependency on target 'React-RCTFabric' in project 'Pods'
        ➜ Explicit dependency on target 'React-RCTImage' in project 'Pods'
        ➜ Explicit dependency on target 'React-RCTNetwork' in project 'Pods'
        ➜ Explicit dependency on target 'React-RCTRuntime' in project 'Pods'
        ➜ Explicit dependency on target 'React-RuntimeApple' in project 'Pods'
        ➜ Explicit dependency on target 'React-RuntimeCore' in project 'Pods'
        ➜ Explicit dependency on target 'React-debug' in project 'Pods'
        ➜ Explicit dependency on target 'React-defaultsnativemodule' in project 'Pods'
        ➜ Explicit dependency on target 'React-featureflags' in project 'Pods'
        ➜ Explicit dependency on target 'React-graphics' in project 'Pods'
        ➜ Explicit dependency on target 'React-hermes' in project 'Pods'
        ➜ Explicit dependency on target 'React-jsitooling' in project 'Pods'
        ➜ Explicit dependency on target 'React-rendererdebug' in project 'Pods'
        ➜ Explicit dependency on target 'React-runtimeexecutor' in project 'Pods'
        ➜ Explicit dependency on target 'React-runtimescheduler' in project 'Pods'
        ➜ Explicit dependency on target 'React-utils' in project 'Pods'
        ➜ Explicit dependency on target 'ReactCommon' in project 'Pods'
        ➜ Explicit dependency on target 'SocketRocket' in project 'Pods'
        ➜ Explicit dependency on target 'boost' in project 'Pods'
        ➜ Explicit dependency on target 'fast_float' in project 'Pods'
        ➜ Explicit dependency on target 'fmt' in project 'Pods'
        ➜ Explicit dependency on target 'glog' in project 'Pods'
        ➜ Explicit dependency on target 'hermes-engine' in project 'Pods'
    Target 'React-defaultsnativemodule' in project 'Pods'
        ➜ Explicit dependency on target 'DoubleConversion' in project 'Pods'
        ➜ Explicit dependency on target 'RCT-Folly' in project 'Pods'
        ➜ Explicit dependency on target 'React-RCTFBReactNativeSpec' in project 'Pods'
        ➜ Explicit dependency on target 'React-domnativemodule' in project 'Pods'
        ➜ Explicit dependency on target 'React-featureflagsnativemodule' in project 'Pods'
        ➜ Explicit dependency on target 'React-idlecallbacksnativemodule' in project 'Pods'
        ➜ Explicit dependency on target 'React-jsi' in project 'Pods'
        ➜ Explicit dependency on target 'React-jsiexecutor' in project 'Pods'
        ➜ Explicit dependency on target 'React-microtasksnativemodule' in project 'Pods'
        ➜ Explicit dependency on target 'React-webperformancenativemodule' in project 'Pods'
        ➜ Explicit dependency on target 'SocketRocket' in project 'Pods'
        ➜ Explicit dependency on target 'boost' in project 'Pods'
        ➜ Explicit dependency on target 'fast_float' in project 'Pods'
        ➜ Explicit dependency on target 'fmt' in project 'Pods'
        ➜ Explicit dependency on target 'glog' in project 'Pods'
        ➜ Explicit dependency on target 'hermes-engine' in project 'Pods'
    Target 'React-webperformancenativemodule' in project 'Pods'
        ➜ Explicit dependency on target 'DoubleConversion' in project 'Pods'
        ➜ Explicit dependency on target 'RCT-Folly' in project 'Pods'
        ➜ Explicit dependency on target 'React-RCTFBReactNativeSpec' in project 'Pods'
        ➜ Explicit dependency on target 'React-jsi' in project 'Pods'
        ➜ Explicit dependency on target 'React-jsiexecutor' in project 'Pods'
        ➜ Explicit dependency on target 'React-performancetimeline' in project 'Pods'
        ➜ Explicit dependency on target 'React-runtimeexecutor' in project 'Pods'
        ➜ Explicit dependency on target 'ReactCommon' in project 'Pods'
        ➜ Explicit dependency on target 'SocketRocket' in project 'Pods'
        ➜ Explicit dependency on target 'boost' in project 'Pods'
        ➜ Explicit dependency on target 'fast_float' in project 'Pods'
        ➜ Explicit dependency on target 'fmt' in project 'Pods'
        ➜ Explicit dependency on target 'glog' in project 'Pods'
        ➜ Explicit dependency on target 'hermes-engine' in project 'Pods'
    Target 'React-microtasksnativemodule' in project 'Pods'
        ➜ Explicit dependency on target 'DoubleConversion' in project 'Pods'
        ➜ Explicit dependency on target 'RCT-Folly' in project 'Pods'
        ➜ Explicit dependency on target 'React-RCTFBReactNativeSpec' in project 'Pods'
        ➜ Explicit dependency on target 'React-jsi' in project 'Pods'
        ➜ Explicit dependency on target 'React-jsiexecutor' in project 'Pods'
        ➜ Explicit dependency on target 'ReactCommon' in project 'Pods'
        ➜ Explicit dependency on target 'SocketRocket' in project 'Pods'
        ➜ Explicit dependency on target 'boost' in project 'Pods'
        ➜ Explicit dependency on target 'fast_float' in project 'Pods'
        ➜ Explicit dependency on target 'fmt' in project 'Pods'
        ➜ Explicit dependency on target 'glog' in project 'Pods'
        ➜ Explicit dependency on target 'hermes-engine' in project 'Pods'
    Target 'React-idlecallbacksnativemodule' in project 'Pods'
        ➜ Explicit dependency on target 'DoubleConversion' in project 'Pods'
        ➜ Explicit dependency on target 'RCT-Folly' in project 'Pods'
        ➜ Explicit dependency on target 'React-RCTFBReactNativeSpec' in project 'Pods'
        ➜ Explicit dependency on target 'React-jsi' in project 'Pods'
        ➜ Explicit dependency on target 'React-jsiexecutor' in project 'Pods'
        ➜ Explicit dependency on target 'React-runtimeexecutor' in project 'Pods'
        ➜ Explicit dependency on target 'React-runtimescheduler' in project 'Pods'
        ➜ Explicit dependency on target 'ReactCommon' in project 'Pods'
        ➜ Explicit dependency on target 'SocketRocket' in project 'Pods'
        ➜ Explicit dependency on target 'boost' in project 'Pods'
        ➜ Explicit dependency on target 'fast_float' in project 'Pods'
        ➜ Explicit dependency on target 'fmt' in project 'Pods'
        ➜ Explicit dependency on target 'glog' in project 'Pods'
        ➜ Explicit dependency on target 'hermes-engine' in project 'Pods'
    Target 'React-featureflagsnativemodule' in project 'Pods'
        ➜ Explicit dependency on target 'DoubleConversion' in project 'Pods'
        ➜ Explicit dependency on target 'RCT-Folly' in project 'Pods'
        ➜ Explicit dependency on target 'React-RCTFBReactNativeSpec' in project 'Pods'
        ➜ Explicit dependency on target 'React-featureflags' in project 'Pods'
        ➜ Explicit dependency on target 'React-jsi' in project 'Pods'
        ➜ Explicit dependency on target 'React-jsiexecutor' in project 'Pods'
        ➜ Explicit dependency on target 'ReactCommon' in project 'Pods'
        ➜ Explicit dependency on target 'SocketRocket' in project 'Pods'
        ➜ Explicit dependency on target 'boost' in project 'Pods'
        ➜ Explicit dependency on target 'fast_float' in project 'Pods'
        ➜ Explicit dependency on target 'fmt' in project 'Pods'
        ➜ Explicit dependency on target 'glog' in project 'Pods'
        ➜ Explicit dependency on target 'hermes-engine' in project 'Pods'
    Target 'React-domnativemodule' in project 'Pods'
        ➜ Explicit dependency on target 'DoubleConversion' in project 'Pods'
        ➜ Explicit dependency on target 'RCT-Folly' in project 'Pods'
        ➜ Explicit dependency on target 'React-Fabric' in project 'Pods'
        ➜ Explicit dependency on target 'React-FabricComponents' in project 'Pods'
        ➜ Explicit dependency on target 'React-RCTFBReactNativeSpec' in project 'Pods'
        ➜ Explicit dependency on target 'React-graphics' in project 'Pods'
        ➜ Explicit dependency on target 'React-jsi' in project 'Pods'
        ➜ Explicit dependency on target 'React-jsiexecutor' in project 'Pods'
        ➜ Explicit dependency on target 'React-runtimeexecutor' in project 'Pods'
        ➜ Explicit dependency on target 'ReactCommon' in project 'Pods'
        ➜ Explicit dependency on target 'SocketRocket' in project 'Pods'
        ➜ Explicit dependency on target 'Yoga' in project 'Pods'
        ➜ Explicit dependency on target 'boost' in project 'Pods'
        ➜ Explicit dependency on target 'fast_float' in project 'Pods'
        ➜ Explicit dependency on target 'fmt' in project 'Pods'
        ➜ Explicit dependency on target 'glog' in project 'Pods'
        ➜ Explicit dependency on target 'hermes-engine' in project 'Pods'
    Target 'React-RCTRuntime' in project 'Pods'
        ➜ Explicit dependency on target 'DoubleConversion' in project 'Pods'
        ➜ Explicit dependency on target 'RCT-Folly' in project 'Pods'
        ➜ Explicit dependency on target 'React-Core' in project 'Pods'
        ➜ Explicit dependency on target 'React-RuntimeApple' in project 'Pods'
        ➜ Explicit dependency on target 'React-RuntimeCore' in project 'Pods'
        ➜ Explicit dependency on target 'React-RuntimeHermes' in project 'Pods'
        ➜ Explicit dependency on target 'React-debug' in project 'Pods'
        ➜ Explicit dependency on target 'React-jsi' in project 'Pods'
        ➜ Explicit dependency on target 'React-jsinspector' in project 'Pods'
        ➜ Explicit dependency on target 'React-jsinspectorcdp' in project 'Pods'
        ➜ Explicit dependency on target 'React-jsinspectortracing' in project 'Pods'
        ➜ Explicit dependency on target 'React-jsitooling' in project 'Pods'
        ➜ Explicit dependency on target 'React-runtimeexecutor' in project 'Pods'
        ➜ Explicit dependency on target 'SocketRocket' in project 'Pods'
        ➜ Explicit dependency on target 'boost' in project 'Pods'
        ➜ Explicit dependency on target 'fast_float' in project 'Pods'
        ➜ Explicit dependency on target 'fmt' in project 'Pods'
        ➜ Explicit dependency on target 'glog' in project 'Pods'
        ➜ Explicit dependency on target 'hermes-engine' in project 'Pods'
    Target 'React-RuntimeApple' in project 'Pods'
        ➜ Explicit dependency on target 'DoubleConversion' in project 'Pods'
        ➜ Explicit dependency on target 'RCT-Folly' in project 'Pods'
        ➜ Explicit dependency on target 'React-Core' in project 'Pods'
        ➜ Explicit dependency on target 'React-CoreModules' in project 'Pods'
        ➜ Explicit dependency on target 'React-Mapbuffer' in project 'Pods'
        ➜ Explicit dependency on target 'React-NativeModulesApple' in project 'Pods'
        ➜ Explicit dependency on target 'React-RCTFBReactNativeSpec' in project 'Pods'
        ➜ Explicit dependency on target 'React-RCTFabric' in project 'Pods'
        ➜ Explicit dependency on target 'React-RuntimeCore' in project 'Pods'
        ➜ Explicit dependency on target 'React-RuntimeHermes' in project 'Pods'
        ➜ Explicit dependency on target 'React-callinvoker' in project 'Pods'
        ➜ Explicit dependency on target 'React-cxxreact' in project 'Pods'
        ➜ Explicit dependency on target 'React-featureflags' in project 'Pods'
        ➜ Explicit dependency on target 'React-jserrorhandler' in project 'Pods'
        ➜ Explicit dependency on target 'React-jsi' in project 'Pods'
        ➜ Explicit dependency on target 'React-jsiexecutor' in project 'Pods'
        ➜ Explicit dependency on target 'React-jsinspector' in project 'Pods'
        ➜ Explicit dependency on target 'React-jsitooling' in project 'Pods'
        ➜ Explicit dependency on target 'React-runtimeexecutor' in project 'Pods'
        ➜ Explicit dependency on target 'React-runtimescheduler' in project 'Pods'
        ➜ Explicit dependency on target 'React-utils' in project 'Pods'
        ➜ Explicit dependency on target 'SocketRocket' in project 'Pods'
        ➜ Explicit dependency on target 'boost' in project 'Pods'
        ➜ Explicit dependency on target 'fast_float' in project 'Pods'
        ➜ Explicit dependency on target 'fmt' in project 'Pods'
        ➜ Explicit dependency on target 'glog' in project 'Pods'
        ➜ Explicit dependency on target 'hermes-engine' in project 'Pods'
    Target 'React-RuntimeHermes' in project 'Pods'
        ➜ Explicit dependency on target 'DoubleConversion' in project 'Pods'
        ➜ Explicit dependency on target 'RCT-Folly' in project 'Pods'
        ➜ Explicit dependency on target 'React-RuntimeCore' in project 'Pods'
        ➜ Explicit dependency on target 'React-featureflags' in project 'Pods'
        ➜ Explicit dependency on target 'React-hermes' in project 'Pods'
        ➜ Explicit dependency on target 'React-jsi' in project 'Pods'
        ➜ Explicit dependency on target 'React-jsinspector' in project 'Pods'
        ➜ Explicit dependency on target 'React-jsinspectorcdp' in project 'Pods'
        ➜ Explicit dependency on target 'React-jsinspectortracing' in project 'Pods'
        ➜ Explicit dependency on target 'React-jsitooling' in project 'Pods'
        ➜ Explicit dependency on target 'React-jsitracing' in project 'Pods'
        ➜ Explicit dependency on target 'React-runtimeexecutor' in project 'Pods'
        ➜ Explicit dependency on target 'React-utils' in project 'Pods'
        ➜ Explicit dependency on target 'SocketRocket' in project 'Pods'
        ➜ Explicit dependency on target 'boost' in project 'Pods'
        ➜ Explicit dependency on target 'fast_float' in project 'Pods'
        ➜ Explicit dependency on target 'fmt' in project 'Pods'
        ➜ Explicit dependency on target 'glog' in project 'Pods'
        ➜ Explicit dependency on target 'hermes-engine' in project 'Pods'
    Target 'React-jsitracing' in project 'Pods'
        ➜ Explicit dependency on target 'React-jsi' in project 'Pods'
    Target 'React-RuntimeCore' in project 'Pods'
        ➜ Explicit dependency on target 'DoubleConversion' in project 'Pods'
        ➜ Explicit dependency on target 'RCT-Folly' in project 'Pods'
        ➜ Explicit dependency on target 'React-Fabric' in project 'Pods'
        ➜ Explicit dependency on target 'React-cxxreact' in project 'Pods'
        ➜ Explicit dependency on target 'React-featureflags' in project 'Pods'
        ➜ Explicit dependency on target 'React-jserrorhandler' in project 'Pods'
        ➜ Explicit dependency on target 'React-jsi' in project 'Pods'
        ➜ Explicit dependency on target 'React-jsiexecutor' in project 'Pods'
        ➜ Explicit dependency on target 'React-jsinspector' in project 'Pods'
        ➜ Explicit dependency on target 'React-jsitooling' in project 'Pods'
        ➜ Explicit dependency on target 'React-performancetimeline' in project 'Pods'
        ➜ Explicit dependency on target 'React-runtimeexecutor' in project 'Pods'
        ➜ Explicit dependency on target 'React-runtimescheduler' in project 'Pods'
        ➜ Explicit dependency on target 'React-utils' in project 'Pods'
        ➜ Explicit dependency on target 'SocketRocket' in project 'Pods'
        ➜ Explicit dependency on target 'boost' in project 'Pods'
        ➜ Explicit dependency on target 'fast_float' in project 'Pods'
        ➜ Explicit dependency on target 'fmt' in project 'Pods'
        ➜ Explicit dependency on target 'glog' in project 'Pods'
        ➜ Explicit dependency on target 'hermes-engine' in project 'Pods'
    Target 'React-jserrorhandler' in project 'Pods'
        ➜ Explicit dependency on target 'DoubleConversion' in project 'Pods'
        ➜ Explicit dependency on target 'RCT-Folly' in project 'Pods'
        ➜ Explicit dependency on target 'React-cxxreact' in project 'Pods'
        ➜ Explicit dependency on target 'React-debug' in project 'Pods'
        ➜ Explicit dependency on target 'React-featureflags' in project 'Pods'
        ➜ Explicit dependency on target 'React-jsi' in project 'Pods'
        ➜ Explicit dependency on target 'ReactCommon' in project 'Pods'
        ➜ Explicit dependency on target 'SocketRocket' in project 'Pods'
        ➜ Explicit dependency on target 'boost' in project 'Pods'
        ➜ Explicit dependency on target 'fast_float' in project 'Pods'
        ➜ Explicit dependency on target 'fmt' in project 'Pods'
        ➜ Explicit dependency on target 'glog' in project 'Pods'
        ➜ Explicit dependency on target 'hermes-engine' in project 'Pods'
    Target 'React-Mapbuffer' in project 'Pods'
        ➜ Explicit dependency on target 'DoubleConversion' in project 'Pods'
        ➜ Explicit dependency on target 'RCT-Folly' in project 'Pods'
        ➜ Explicit dependency on target 'React-debug' in project 'Pods'
        ➜ Explicit dependency on target 'SocketRocket' in project 'Pods'
        ➜ Explicit dependency on target 'boost' in project 'Pods'
        ➜ Explicit dependency on target 'fast_float' in project 'Pods'
        ➜ Explicit dependency on target 'fmt' in project 'Pods'
        ➜ Explicit dependency on target 'glog' in project 'Pods'
    Target 'React-CoreModules' in project 'Pods'
        ➜ Explicit dependency on target 'DoubleConversion' in project 'Pods'
        ➜ Explicit dependency on target 'RCT-Folly' in project 'Pods'
        ➜ Explicit dependency on target 'RCTTypeSafety' in project 'Pods'
        ➜ Explicit dependency on target 'React-Core' in project 'Pods'
        ➜ Explicit dependency on target 'React-NativeModulesApple' in project 'Pods'
        ➜ Explicit dependency on target 'React-RCTBlob' in project 'Pods'
        ➜ Explicit dependency on target 'React-RCTFBReactNativeSpec' in project 'Pods'
        ➜ Explicit dependency on target 'React-RCTImage' in project 'Pods'
        ➜ Explicit dependency on target 'React-debug' in project 'Pods'
        ➜ Explicit dependency on target 'React-jsi' in project 'Pods'
        ➜ Explicit dependency on target 'React-jsinspector' in project 'Pods'
        ➜ Explicit dependency on target 'React-jsinspectorcdp' in project 'Pods'
        ➜ Explicit dependency on target 'React-jsinspectortracing' in project 'Pods'
        ➜ Explicit dependency on target 'React-runtimeexecutor' in project 'Pods'
        ➜ Explicit dependency on target 'ReactCommon' in project 'Pods'
        ➜ Explicit dependency on target 'SocketRocket' in project 'Pods'
        ➜ Explicit dependency on target 'boost' in project 'Pods'
        ➜ Explicit dependency on target 'fast_float' in project 'Pods'
        ➜ Explicit dependency on target 'fmt' in project 'Pods'
        ➜ Explicit dependency on target 'glog' in project 'Pods'
    Target 'React-RCTBlob' in project 'Pods'
        ➜ Explicit dependency on target 'DoubleConversion' in project 'Pods'
        ➜ Explicit dependency on target 'RCT-Folly' in project 'Pods'
        ➜ Explicit dependency on target 'React-Core' in project 'Pods'
        ➜ Explicit dependency on target 'React-NativeModulesApple' in project 'Pods'
        ➜ Explicit dependency on target 'React-RCTFBReactNativeSpec' in project 'Pods'
        ➜ Explicit dependency on target 'React-RCTNetwork' in project 'Pods'
        ➜ Explicit dependency on target 'React-jsi' in project 'Pods'
        ➜ Explicit dependency on target 'React-jsinspector' in project 'Pods'
        ➜ Explicit dependency on target 'React-jsinspectorcdp' in project 'Pods'
        ➜ Explicit dependency on target 'ReactCommon' in project 'Pods'
        ➜ Explicit dependency on target 'SocketRocket' in project 'Pods'
        ➜ Explicit dependency on target 'boost' in project 'Pods'
        ➜ Explicit dependency on target 'fast_float' in project 'Pods'
        ➜ Explicit dependency on target 'fmt' in project 'Pods'
        ➜ Explicit dependency on target 'glog' in project 'Pods'
        ➜ Explicit dependency on target 'hermes-engine' in project 'Pods'
    Target 'React-RCTFabric' in project 'Pods'
        ➜ Explicit dependency on target 'DoubleConversion' in project 'Pods'
        ➜ Explicit dependency on target 'RCT-Folly' in project 'Pods'
        ➜ Explicit dependency on target 'React-Core' in project 'Pods'
        ➜ Explicit dependency on target 'React-Fabric' in project 'Pods'
        ➜ Explicit dependency on target 'React-FabricComponents' in project 'Pods'
        ➜ Explicit dependency on target 'React-FabricImage' in project 'Pods'
        ➜ Explicit dependency on target 'React-ImageManager' in project 'Pods'
        ➜ Explicit dependency on target 'React-RCTAnimation' in project 'Pods'
        ➜ Explicit dependency on target 'React-RCTFBReactNativeSpec' in project 'Pods'
        ➜ Explicit dependency on target 'React-RCTImage' in project 'Pods'
        ➜ Explicit dependency on target 'React-RCTText' in project 'Pods'
        ➜ Explicit dependency on target 'React-debug' in project 'Pods'
        ➜ Explicit dependency on target 'React-featureflags' in project 'Pods'
        ➜ Explicit dependency on target 'React-graphics' in project 'Pods'
        ➜ Explicit dependency on target 'React-jsi' in project 'Pods'
        ➜ Explicit dependency on target 'React-jsinspector' in project 'Pods'
        ➜ Explicit dependency on target 'React-jsinspectorcdp' in project 'Pods'
        ➜ Explicit dependency on target 'React-jsinspectornetwork' in project 'Pods'
        ➜ Explicit dependency on target 'React-jsinspectortracing' in project 'Pods'
        ➜ Explicit dependency on target 'React-performancecdpmetrics' in project 'Pods'
        ➜ Explicit dependency on target 'React-performancetimeline' in project 'Pods'
        ➜ Explicit dependency on target 'React-rendererconsistency' in project 'Pods'
        ➜ Explicit dependency on target 'React-renderercss' in project 'Pods'
        ➜ Explicit dependency on target 'React-rendererdebug' in project 'Pods'
        ➜ Explicit dependency on target 'React-runtimeexecutor' in project 'Pods'
        ➜ Explicit dependency on target 'React-runtimescheduler' in project 'Pods'
        ➜ Explicit dependency on target 'React-utils' in project 'Pods'
        ➜ Explicit dependency on target 'SocketRocket' in project 'Pods'
        ➜ Explicit dependency on target 'Yoga' in project 'Pods'
        ➜ Explicit dependency on target 'boost' in project 'Pods'
        ➜ Explicit dependency on target 'fast_float' in project 'Pods'
        ➜ Explicit dependency on target 'fmt' in project 'Pods'
        ➜ Explicit dependency on target 'glog' in project 'Pods'
        ➜ Explicit dependency on target 'hermes-engine' in project 'Pods'
    Target 'React-RCTText' in project 'Pods'
        ➜ Explicit dependency on target 'React-Core' in project 'Pods'
        ➜ Explicit dependency on target 'Yoga' in project 'Pods'
    Target 'React-RCTImage' in project 'Pods'
        ➜ Explicit dependency on target 'DoubleConversion' in project 'Pods'
        ➜ Explicit dependency on target 'RCT-Folly' in project 'Pods'
        ➜ Explicit dependency on target 'RCTTypeSafety' in project 'Pods'
        ➜ Explicit dependency on target 'React-Core' in project 'Pods'
        ➜ Explicit dependency on target 'React-NativeModulesApple' in project 'Pods'
        ➜ Explicit dependency on target 'React-RCTFBReactNativeSpec' in project 'Pods'
        ➜ Explicit dependency on target 'React-RCTNetwork' in project 'Pods'
        ➜ Explicit dependency on target 'React-jsi' in project 'Pods'
        ➜ Explicit dependency on target 'ReactCommon' in project 'Pods'
        ➜ Explicit dependency on target 'SocketRocket' in project 'Pods'
        ➜ Explicit dependency on target 'boost' in project 'Pods'
        ➜ Explicit dependency on target 'fast_float' in project 'Pods'
        ➜ Explicit dependency on target 'fmt' in project 'Pods'
        ➜ Explicit dependency on target 'glog' in project 'Pods'
    Target 'React-RCTNetwork' in project 'Pods'
        ➜ Explicit dependency on target 'DoubleConversion' in project 'Pods'
        ➜ Explicit dependency on target 'RCT-Folly' in project 'Pods'
        ➜ Explicit dependency on target 'RCTTypeSafety' in project 'Pods'
        ➜ Explicit dependency on target 'React-Core' in project 'Pods'
        ➜ Explicit dependency on target 'React-NativeModulesApple' in project 'Pods'
        ➜ Explicit dependency on target 'React-RCTFBReactNativeSpec' in project 'Pods'
        ➜ Explicit dependency on target 'React-debug' in project 'Pods'
        ➜ Explicit dependency on target 'React-featureflags' in project 'Pods'
        ➜ Explicit dependency on target 'React-jsi' in project 'Pods'
        ➜ Explicit dependency on target 'React-jsinspectorcdp' in project 'Pods'
        ➜ Explicit dependency on target 'React-jsinspectornetwork' in project 'Pods'
        ➜ Explicit dependency on target 'ReactCommon' in project 'Pods'
        ➜ Explicit dependency on target 'SocketRocket' in project 'Pods'
        ➜ Explicit dependency on target 'boost' in project 'Pods'
        ➜ Explicit dependency on target 'fast_float' in project 'Pods'
        ➜ Explicit dependency on target 'fmt' in project 'Pods'
        ➜ Explicit dependency on target 'glog' in project 'Pods'
    Target 'React-RCTAnimation' in project 'Pods'
        ➜ Explicit dependency on target 'DoubleConversion' in project 'Pods'
        ➜ Explicit dependency on target 'RCT-Folly' in project 'Pods'
        ➜ Explicit dependency on target 'RCTTypeSafety' in project 'Pods'
        ➜ Explicit dependency on target 'React-Core' in project 'Pods'
        ➜ Explicit dependency on target 'React-NativeModulesApple' in project 'Pods'
        ➜ Explicit dependency on target 'React-RCTFBReactNativeSpec' in project 'Pods'
        ➜ Explicit dependency on target 'React-featureflags' in project 'Pods'
        ➜ Explicit dependency on target 'React-jsi' in project 'Pods'
        ➜ Explicit dependency on target 'ReactCommon' in project 'Pods'
        ➜ Explicit dependency on target 'SocketRocket' in project 'Pods'
        ➜ Explicit dependency on target 'boost' in project 'Pods'
        ➜ Explicit dependency on target 'fast_float' in project 'Pods'
        ➜ Explicit dependency on target 'fmt' in project 'Pods'
        ➜ Explicit dependency on target 'glog' in project 'Pods'
    Target 'React-FabricImage' in project 'Pods'
        ➜ Explicit dependency on target 'DoubleConversion' in project 'Pods'
        ➜ Explicit dependency on target 'RCT-Folly' in project 'Pods'
        ➜ Explicit dependency on target 'RCTRequired' in project 'Pods'
        ➜ Explicit dependency on target 'RCTTypeSafety' in project 'Pods'
        ➜ Explicit dependency on target 'React-Fabric' in project 'Pods'
        ➜ Explicit dependency on target 'React-ImageManager' in project 'Pods'
        ➜ Explicit dependency on target 'React-featureflags' in project 'Pods'
        ➜ Explicit dependency on target 'React-graphics' in project 'Pods'
        ➜ Explicit dependency on target 'React-jsi' in project 'Pods'
        ➜ Explicit dependency on target 'React-jsiexecutor' in project 'Pods'
        ➜ Explicit dependency on target 'React-logger' in project 'Pods'
        ➜ Explicit dependency on target 'React-rendererdebug' in project 'Pods'
        ➜ Explicit dependency on target 'React-utils' in project 'Pods'
        ➜ Explicit dependency on target 'ReactCommon' in project 'Pods'
        ➜ Explicit dependency on target 'SocketRocket' in project 'Pods'
        ➜ Explicit dependency on target 'Yoga' in project 'Pods'
        ➜ Explicit dependency on target 'boost' in project 'Pods'
        ➜ Explicit dependency on target 'fast_float' in project 'Pods'
        ➜ Explicit dependency on target 'fmt' in project 'Pods'
        ➜ Explicit dependency on target 'glog' in project 'Pods'
        ➜ Explicit dependency on target 'hermes-engine' in project 'Pods'
    Target 'React-FabricComponents' in project 'Pods'
        ➜ Explicit dependency on target 'DoubleConversion' in project 'Pods'
        ➜ Explicit dependency on target 'RCT-Folly' in project 'Pods'
        ➜ Explicit dependency on target 'RCTRequired' in project 'Pods'
        ➜ Explicit dependency on target 'RCTTypeSafety' in project 'Pods'
        ➜ Explicit dependency on target 'React-Core' in project 'Pods'
        ➜ Explicit dependency on target 'React-Fabric' in project 'Pods'
        ➜ Explicit dependency on target 'React-RCTFBReactNativeSpec' in project 'Pods'
        ➜ Explicit dependency on target 'React-cxxreact' in project 'Pods'
        ➜ Explicit dependency on target 'React-debug' in project 'Pods'
        ➜ Explicit dependency on target 'React-featureflags' in project 'Pods'
        ➜ Explicit dependency on target 'React-graphics' in project 'Pods'
        ➜ Explicit dependency on target 'React-jsi' in project 'Pods'
        ➜ Explicit dependency on target 'React-jsiexecutor' in project 'Pods'
        ➜ Explicit dependency on target 'React-logger' in project 'Pods'
        ➜ Explicit dependency on target 'React-rendererdebug' in project 'Pods'
        ➜ Explicit dependency on target 'React-runtimescheduler' in project 'Pods'
        ➜ Explicit dependency on target 'React-utils' in project 'Pods'
        ➜ Explicit dependency on target 'ReactCommon' in project 'Pods'
        ➜ Explicit dependency on target 'SocketRocket' in project 'Pods'
        ➜ Explicit dependency on target 'Yoga' in project 'Pods'
        ➜ Explicit dependency on target 'boost' in project 'Pods'
        ➜ Explicit dependency on target 'fast_float' in project 'Pods'
        ➜ Explicit dependency on target 'fmt' in project 'Pods'
        ➜ Explicit dependency on target 'glog' in project 'Pods'
        ➜ Explicit dependency on target 'hermes-engine' in project 'Pods'
    Target 'React-RCTFBReactNativeSpec' in project 'Pods'
        ➜ Explicit dependency on target 'DoubleConversion' in project 'Pods'
        ➜ Explicit dependency on target 'RCT-Folly' in project 'Pods'
        ➜ Explicit dependency on target 'RCTRequired' in project 'Pods'
        ➜ Explicit dependency on target 'RCTTypeSafety' in project 'Pods'
        ➜ Explicit dependency on target 'React-Core' in project 'Pods'
        ➜ Explicit dependency on target 'React-Fabric' in project 'Pods'
        ➜ Explicit dependency on target 'React-NativeModulesApple' in project 'Pods'
        ➜ Explicit dependency on target 'React-debug' in project 'Pods'
        ➜ Explicit dependency on target 'React-featureflags' in project 'Pods'
        ➜ Explicit dependency on target 'React-graphics' in project 'Pods'
        ➜ Explicit dependency on target 'React-jsi' in project 'Pods'
        ➜ Explicit dependency on target 'React-rendererdebug' in project 'Pods'
        ➜ Explicit dependency on target 'React-utils' in project 'Pods'
        ➜ Explicit dependency on target 'ReactCommon' in project 'Pods'
        ➜ Explicit dependency on target 'SocketRocket' in project 'Pods'
        ➜ Explicit dependency on target 'Yoga' in project 'Pods'
        ➜ Explicit dependency on target 'boost' in project 'Pods'
        ➜ Explicit dependency on target 'fast_float' in project 'Pods'
        ➜ Explicit dependency on target 'fmt' in project 'Pods'
        ➜ Explicit dependency on target 'glog' in project 'Pods'
        ➜ Explicit dependency on target 'hermes-engine' in project 'Pods'
    Target 'React-NativeModulesApple' in project 'Pods'
        ➜ Explicit dependency on target 'DoubleConversion' in project 'Pods'
        ➜ Explicit dependency on target 'RCT-Folly' in project 'Pods'
        ➜ Explicit dependency on target 'React-Core' in project 'Pods'
        ➜ Explicit dependency on target 'React-callinvoker' in project 'Pods'
        ➜ Explicit dependency on target 'React-cxxreact' in project 'Pods'
        ➜ Explicit dependency on target 'React-debug' in project 'Pods'
        ➜ Explicit dependency on target 'React-featureflags' in project 'Pods'
        ➜ Explicit dependency on target 'React-jsi' in project 'Pods'
        ➜ Explicit dependency on target 'React-jsinspector' in project 'Pods'
        ➜ Explicit dependency on target 'React-jsinspectorcdp' in project 'Pods'
        ➜ Explicit dependency on target 'React-runtimeexecutor' in project 'Pods'
        ➜ Explicit dependency on target 'ReactCommon' in project 'Pods'
        ➜ Explicit dependency on target 'SocketRocket' in project 'Pods'
        ➜ Explicit dependency on target 'boost' in project 'Pods'
        ➜ Explicit dependency on target 'fast_float' in project 'Pods'
        ➜ Explicit dependency on target 'fmt' in project 'Pods'
        ➜ Explicit dependency on target 'glog' in project 'Pods'
        ➜ Explicit dependency on target 'hermes-engine' in project 'Pods'
    Target 'React-ImageManager' in project 'Pods'
        ➜ Explicit dependency on target 'DoubleConversion' in project 'Pods'
        ➜ Explicit dependency on target 'RCT-Folly' in project 'Pods'
        ➜ Explicit dependency on target 'React-Core' in project 'Pods'
        ➜ Explicit dependency on target 'React-Fabric' in project 'Pods'
        ➜ Explicit dependency on target 'React-debug' in project 'Pods'
        ➜ Explicit dependency on target 'React-graphics' in project 'Pods'
        ➜ Explicit dependency on target 'React-rendererdebug' in project 'Pods'
        ➜ Explicit dependency on target 'React-utils' in project 'Pods'
        ➜ Explicit dependency on target 'SocketRocket' in project 'Pods'
        ➜ Explicit dependency on target 'boost' in project 'Pods'
        ➜ Explicit dependency on target 'fast_float' in project 'Pods'
        ➜ Explicit dependency on target 'fmt' in project 'Pods'
        ➜ Explicit dependency on target 'glog' in project 'Pods'
    Target 'React-Fabric' in project 'Pods'
        ➜ Explicit dependency on target 'DoubleConversion' in project 'Pods'
        ➜ Explicit dependency on target 'RCT-Folly' in project 'Pods'
        ➜ Explicit dependency on target 'RCTRequired' in project 'Pods'
        ➜ Explicit dependency on target 'RCTTypeSafety' in project 'Pods'
        ➜ Explicit dependency on target 'React-Core' in project 'Pods'
        ➜ Explicit dependency on target 'React-cxxreact' in project 'Pods'
        ➜ Explicit dependency on target 'React-debug' in project 'Pods'
        ➜ Explicit dependency on target 'React-featureflags' in project 'Pods'
        ➜ Explicit dependency on target 'React-graphics' in project 'Pods'
        ➜ Explicit dependency on target 'React-jsi' in project 'Pods'
        ➜ Explicit dependency on target 'React-jsiexecutor' in project 'Pods'
        ➜ Explicit dependency on target 'React-logger' in project 'Pods'
        ➜ Explicit dependency on target 'React-performancecdpmetrics' in project 'Pods'
        ➜ Explicit dependency on target 'React-performancetimeline' in project 'Pods'
        ➜ Explicit dependency on target 'React-rendererconsistency' in project 'Pods'
        ➜ Explicit dependency on target 'React-renderercss' in project 'Pods'
        ➜ Explicit dependency on target 'React-rendererdebug' in project 'Pods'
        ➜ Explicit dependency on target 'React-runtimeexecutor' in project 'Pods'
        ➜ Explicit dependency on target 'React-runtimescheduler' in project 'Pods'
        ➜ Explicit dependency on target 'React-utils' in project 'Pods'
        ➜ Explicit dependency on target 'ReactCommon' in project 'Pods'
        ➜ Explicit dependency on target 'SocketRocket' in project 'Pods'
        ➜ Explicit dependency on target 'Yoga' in project 'Pods'
        ➜ Explicit dependency on target 'boost' in project 'Pods'
        ➜ Explicit dependency on target 'fast_float' in project 'Pods'
        ➜ Explicit dependency on target 'fmt' in project 'Pods'
        ➜ Explicit dependency on target 'glog' in project 'Pods'
        ➜ Explicit dependency on target 'hermes-engine' in project 'Pods'
    Target 'ReactCommon' in project 'Pods'
        ➜ Explicit dependency on target 'DoubleConversion' in project 'Pods'
        ➜ Explicit dependency on target 'RCT-Folly' in project 'Pods'
        ➜ Explicit dependency on target 'React-callinvoker' in project 'Pods'
        ➜ Explicit dependency on target 'React-cxxreact' in project 'Pods'
        ➜ Explicit dependency on target 'React-debug' in project 'Pods'
        ➜ Explicit dependency on target 'React-featureflags' in project 'Pods'
        ➜ Explicit dependency on target 'React-jsi' in project 'Pods'
        ➜ Explicit dependency on target 'React-logger' in project 'Pods'
        ➜ Explicit dependency on target 'React-perflogger' in project 'Pods'
        ➜ Explicit dependency on target 'React-utils' in project 'Pods'
        ➜ Explicit dependency on target 'SocketRocket' in project 'Pods'
        ➜ Explicit dependency on target 'boost' in project 'Pods'
        ➜ Explicit dependency on target 'fast_float' in project 'Pods'
        ➜ Explicit dependency on target 'fmt' in project 'Pods'
        ➜ Explicit dependency on target 'glog' in project 'Pods'
        ➜ Explicit dependency on target 'hermes-engine' in project 'Pods'
    Target 'React-renderercss' in project 'Pods'
        ➜ Explicit dependency on target 'React-debug' in project 'Pods'
        ➜ Explicit dependency on target 'React-utils' in project 'Pods'
    Target 'React-performancecdpmetrics' in project 'Pods'
        ➜ Explicit dependency on target 'DoubleConversion' in project 'Pods'
        ➜ Explicit dependency on target 'RCT-Folly' in project 'Pods'
        ➜ Explicit dependency on target 'React-jsi' in project 'Pods'
        ➜ Explicit dependency on target 'React-performancetimeline' in project 'Pods'
        ➜ Explicit dependency on target 'React-runtimeexecutor' in project 'Pods'
        ➜ Explicit dependency on target 'React-timing' in project 'Pods'
        ➜ Explicit dependency on target 'SocketRocket' in project 'Pods'
        ➜ Explicit dependency on target 'boost' in project 'Pods'
        ➜ Explicit dependency on target 'fast_float' in project 'Pods'
        ➜ Explicit dependency on target 'fmt' in project 'Pods'
        ➜ Explicit dependency on target 'glog' in project 'Pods'
        ➜ Explicit dependency on target 'hermes-engine' in project 'Pods'
    Target 'React-graphics' in project 'Pods'
        ➜ Explicit dependency on target 'DoubleConversion' in project 'Pods'
        ➜ Explicit dependency on target 'RCT-Folly' in project 'Pods'
        ➜ Explicit dependency on target 'React-jsi' in project 'Pods'
        ➜ Explicit dependency on target 'React-jsiexecutor' in project 'Pods'
        ➜ Explicit dependency on target 'React-utils' in project 'Pods'
        ➜ Explicit dependency on target 'SocketRocket' in project 'Pods'
        ➜ Explicit dependency on target 'boost' in project 'Pods'
        ➜ Explicit dependency on target 'fast_float' in project 'Pods'
        ➜ Explicit dependency on target 'fmt' in project 'Pods'
        ➜ Explicit dependency on target 'glog' in project 'Pods'
        ➜ Explicit dependency on target 'hermes-engine' in project 'Pods'
    Target 'RNCAsyncStorage-RNCAsyncStorage_resources' in project 'Pods' (no dependencies)
    Target 'RCTTypeSafety' in project 'Pods'
        ➜ Explicit dependency on target 'FBLazyVector' in project 'Pods'
        ➜ Explicit dependency on target 'RCTRequired' in project 'Pods'
        ➜ Explicit dependency on target 'React-Core' in project 'Pods'
    Target 'RCTRequired' in project 'Pods' (no dependencies)
    Target 'FBLazyVector' in project 'Pods' (no dependencies)
    Target 'BVLinearGradient' in project 'Pods'
        ➜ Explicit dependency on target 'React-Core' in project 'Pods'
    Target 'React-Core' in project 'Pods'
        ➜ Explicit dependency on target 'DoubleConversion' in project 'Pods'
        ➜ Explicit dependency on target 'RCT-Folly' in project 'Pods'
        ➜ Explicit dependency on target 'RCTDeprecation' in project 'Pods'
        ➜ Explicit dependency on target 'React-Core-React-Core_privacy' in project 'Pods'
        ➜ Explicit dependency on target 'React-cxxreact' in project 'Pods'
        ➜ Explicit dependency on target 'React-featureflags' in project 'Pods'
        ➜ Explicit dependency on target 'React-hermes' in project 'Pods'
        ➜ Explicit dependency on target 'React-jsi' in project 'Pods'
        ➜ Explicit dependency on target 'React-jsiexecutor' in project 'Pods'
        ➜ Explicit dependency on target 'React-jsinspector' in project 'Pods'
        ➜ Explicit dependency on target 'React-jsinspectorcdp' in project 'Pods'
        ➜ Explicit dependency on target 'React-jsitooling' in project 'Pods'
        ➜ Explicit dependency on target 'React-perflogger' in project 'Pods'
        ➜ Explicit dependency on target 'React-runtimeexecutor' in project 'Pods'
        ➜ Explicit dependency on target 'React-runtimescheduler' in project 'Pods'
        ➜ Explicit dependency on target 'React-utils' in project 'Pods'
        ➜ Explicit dependency on target 'SocketRocket' in project 'Pods'
        ➜ Explicit dependency on target 'Yoga' in project 'Pods'
        ➜ Explicit dependency on target 'boost' in project 'Pods'
        ➜ Explicit dependency on target 'fast_float' in project 'Pods'
        ➜ Explicit dependency on target 'fmt' in project 'Pods'
        ➜ Explicit dependency on target 'glog' in project 'Pods'
        ➜ Explicit dependency on target 'hermes-engine' in project 'Pods'
    Target 'Yoga' in project 'Pods' (no dependencies)
    Target 'React-runtimescheduler' in project 'Pods'
        ➜ Explicit dependency on target 'DoubleConversion' in project 'Pods'
        ➜ Explicit dependency on target 'RCT-Folly' in project 'Pods'
        ➜ Explicit dependency on target 'React-callinvoker' in project 'Pods'
        ➜ Explicit dependency on target 'React-cxxreact' in project 'Pods'
        ➜ Explicit dependency on target 'React-debug' in project 'Pods'
        ➜ Explicit dependency on target 'React-featureflags' in project 'Pods'
        ➜ Explicit dependency on target 'React-jsi' in project 'Pods'
        ➜ Explicit dependency on target 'React-jsinspectortracing' in project 'Pods'
        ➜ Explicit dependency on target 'React-performancetimeline' in project 'Pods'
        ➜ Explicit dependency on target 'React-rendererconsistency' in project 'Pods'
        ➜ Explicit dependency on target 'React-rendererdebug' in project 'Pods'
        ➜ Explicit dependency on target 'React-runtimeexecutor' in project 'Pods'
        ➜ Explicit dependency on target 'React-timing' in project 'Pods'
        ➜ Explicit dependency on target 'React-utils' in project 'Pods'
        ➜ Explicit dependency on target 'SocketRocket' in project 'Pods'
        ➜ Explicit dependency on target 'boost' in project 'Pods'
        ➜ Explicit dependency on target 'fast_float' in project 'Pods'
        ➜ Explicit dependency on target 'fmt' in project 'Pods'
        ➜ Explicit dependency on target 'glog' in project 'Pods'
        ➜ Explicit dependency on target 'hermes-engine' in project 'Pods'
    Target 'React-rendererdebug' in project 'Pods'
        ➜ Explicit dependency on target 'DoubleConversion' in project 'Pods'
        ➜ Explicit dependency on target 'RCT-Folly' in project 'Pods'
        ➜ Explicit dependency on target 'React-debug' in project 'Pods'
        ➜ Explicit dependency on target 'SocketRocket' in project 'Pods'
        ➜ Explicit dependency on target 'boost' in project 'Pods'
        ➜ Explicit dependency on target 'fast_float' in project 'Pods'
        ➜ Explicit dependency on target 'fmt' in project 'Pods'
        ➜ Explicit dependency on target 'glog' in project 'Pods'
    Target 'React-rendererconsistency' in project 'Pods' (no dependencies)
    Target 'React-jsitooling' in project 'Pods'
        ➜ Explicit dependency on target 'DoubleConversion' in project 'Pods'
        ➜ Explicit dependency on target 'RCT-Folly' in project 'Pods'
        ➜ Explicit dependency on target 'React-cxxreact' in project 'Pods'
        ➜ Explicit dependency on target 'React-debug' in project 'Pods'
        ➜ Explicit dependency on target 'React-jsi' in project 'Pods'
        ➜ Explicit dependency on target 'React-jsinspector' in project 'Pods'
        ➜ Explicit dependency on target 'React-jsinspectorcdp' in project 'Pods'
        ➜ Explicit dependency on target 'React-jsinspectortracing' in project 'Pods'
        ➜ Explicit dependency on target 'React-runtimeexecutor' in project 'Pods'
        ➜ Explicit dependency on target 'SocketRocket' in project 'Pods'
        ➜ Explicit dependency on target 'boost' in project 'Pods'
        ➜ Explicit dependency on target 'fast_float' in project 'Pods'
        ➜ Explicit dependency on target 'fmt' in project 'Pods'
        ➜ Explicit dependency on target 'glog' in project 'Pods'
    Target 'React-hermes' in project 'Pods'
        ➜ Explicit dependency on target 'DoubleConversion' in project 'Pods'
        ➜ Explicit dependency on target 'RCT-Folly' in project 'Pods'
        ➜ Explicit dependency on target 'React-cxxreact' in project 'Pods'
        ➜ Explicit dependency on target 'React-jsi' in project 'Pods'
        ➜ Explicit dependency on target 'React-jsiexecutor' in project 'Pods'
        ➜ Explicit dependency on target 'React-jsinspector' in project 'Pods'
        ➜ Explicit dependency on target 'React-jsinspectorcdp' in project 'Pods'
        ➜ Explicit dependency on target 'React-jsinspectortracing' in project 'Pods'
        ➜ Explicit dependency on target 'React-oscompat' in project 'Pods'
        ➜ Explicit dependency on target 'React-perflogger' in project 'Pods'
        ➜ Explicit dependency on target 'React-runtimeexecutor' in project 'Pods'
        ➜ Explicit dependency on target 'SocketRocket' in project 'Pods'
        ➜ Explicit dependency on target 'boost' in project 'Pods'
        ➜ Explicit dependency on target 'fast_float' in project 'Pods'
        ➜ Explicit dependency on target 'fmt' in project 'Pods'
        ➜ Explicit dependency on target 'glog' in project 'Pods'
        ➜ Explicit dependency on target 'hermes-engine' in project 'Pods'
    Target 'React-jsiexecutor' in project 'Pods'
        ➜ Explicit dependency on target 'DoubleConversion' in project 'Pods'
        ➜ Explicit dependency on target 'RCT-Folly' in project 'Pods'
        ➜ Explicit dependency on target 'React-cxxreact' in project 'Pods'
        ➜ Explicit dependency on target 'React-debug' in project 'Pods'
        ➜ Explicit dependency on target 'React-jsi' in project 'Pods'
        ➜ Explicit dependency on target 'React-jsinspector' in project 'Pods'
        ➜ Explicit dependency on target 'React-jsinspectorcdp' in project 'Pods'
        ➜ Explicit dependency on target 'React-jsinspectortracing' in project 'Pods'
        ➜ Explicit dependency on target 'React-perflogger' in project 'Pods'
        ➜ Explicit dependency on target 'React-runtimeexecutor' in project 'Pods'
        ➜ Explicit dependency on target 'SocketRocket' in project 'Pods'
        ➜ Explicit dependency on target 'boost' in project 'Pods'
        ➜ Explicit dependency on target 'fast_float' in project 'Pods'
        ➜ Explicit dependency on target 'fmt' in project 'Pods'
        ➜ Explicit dependency on target 'glog' in project 'Pods'
        ➜ Explicit dependency on target 'hermes-engine' in project 'Pods'
    Target 'React-cxxreact' in project 'Pods'
        ➜ Explicit dependency on target 'DoubleConversion' in project 'Pods'
        ➜ Explicit dependency on target 'RCT-Folly' in project 'Pods'
        ➜ Explicit dependency on target 'React-callinvoker' in project 'Pods'
        ➜ Explicit dependency on target 'React-cxxreact-React-cxxreact_privacy' in project 'Pods'
        ➜ Explicit dependency on target 'React-debug' in project 'Pods'
        ➜ Explicit dependency on target 'React-jsi' in project 'Pods'
        ➜ Explicit dependency on target 'React-jsinspector' in project 'Pods'
        ➜ Explicit dependency on target 'React-jsinspectorcdp' in project 'Pods'
        ➜ Explicit dependency on target 'React-jsinspectortracing' in project 'Pods'
        ➜ Explicit dependency on target 'React-logger' in project 'Pods'
        ➜ Explicit dependency on target 'React-perflogger' in project 'Pods'
        ➜ Explicit dependency on target 'React-runtimeexecutor' in project 'Pods'
        ➜ Explicit dependency on target 'React-timing' in project 'Pods'
        ➜ Explicit dependency on target 'SocketRocket' in project 'Pods'
        ➜ Explicit dependency on target 'boost' in project 'Pods'
        ➜ Explicit dependency on target 'fast_float' in project 'Pods'
        ➜ Explicit dependency on target 'fmt' in project 'Pods'
        ➜ Explicit dependency on target 'glog' in project 'Pods'
        ➜ Explicit dependency on target 'hermes-engine' in project 'Pods'
    Target 'React-logger' in project 'Pods'
        ➜ Explicit dependency on target 'DoubleConversion' in project 'Pods'
        ➜ Explicit dependency on target 'RCT-Folly' in project 'Pods'
        ➜ Explicit dependency on target 'SocketRocket' in project 'Pods'
        ➜ Explicit dependency on target 'boost' in project 'Pods'
        ➜ Explicit dependency on target 'fast_float' in project 'Pods'
        ➜ Explicit dependency on target 'fmt' in project 'Pods'
        ➜ Explicit dependency on target 'glog' in project 'Pods'
    Target 'React-jsinspector' in project 'Pods'
        ➜ Explicit dependency on target 'DoubleConversion' in project 'Pods'
        ➜ Explicit dependency on target 'RCT-Folly' in project 'Pods'
        ➜ Explicit dependency on target 'React-featureflags' in project 'Pods'
        ➜ Explicit dependency on target 'React-jsi' in project 'Pods'
        ➜ Explicit dependency on target 'React-jsinspectorcdp' in project 'Pods'
        ➜ Explicit dependency on target 'React-jsinspectornetwork' in project 'Pods'
        ➜ Explicit dependency on target 'React-jsinspectortracing' in project 'Pods'
        ➜ Explicit dependency on target 'React-oscompat' in project 'Pods'
        ➜ Explicit dependency on target 'React-perflogger' in project 'Pods'
        ➜ Explicit dependency on target 'React-runtimeexecutor' in project 'Pods'
        ➜ Explicit dependency on target 'SocketRocket' in project 'Pods'
        ➜ Explicit dependency on target 'boost' in project 'Pods'
        ➜ Explicit dependency on target 'fast_float' in project 'Pods'
        ➜ Explicit dependency on target 'fmt' in project 'Pods'
        ➜ Explicit dependency on target 'glog' in project 'Pods'
        ➜ Explicit dependency on target 'hermes-engine' in project 'Pods'
    Target 'React-runtimeexecutor' in project 'Pods'
        ➜ Explicit dependency on target 'DoubleConversion' in project 'Pods'
        ➜ Explicit dependency on target 'RCT-Folly' in project 'Pods'
        ➜ Explicit dependency on target 'React-debug' in project 'Pods'
        ➜ Explicit dependency on target 'React-featureflags' in project 'Pods'
        ➜ Explicit dependency on target 'React-jsi' in project 'Pods'
        ➜ Explicit dependency on target 'React-utils' in project 'Pods'
        ➜ Explicit dependency on target 'SocketRocket' in project 'Pods'
        ➜ Explicit dependency on target 'boost' in project 'Pods'
        ➜ Explicit dependency on target 'fast_float' in project 'Pods'
        ➜ Explicit dependency on target 'fmt' in project 'Pods'
        ➜ Explicit dependency on target 'glog' in project 'Pods'
    Target 'React-utils' in project 'Pods'
        ➜ Explicit dependency on target 'DoubleConversion' in project 'Pods'
        ➜ Explicit dependency on target 'RCT-Folly' in project 'Pods'
        ➜ Explicit dependency on target 'React-debug' in project 'Pods'
        ➜ Explicit dependency on target 'React-jsi' in project 'Pods'
        ➜ Explicit dependency on target 'SocketRocket' in project 'Pods'
        ➜ Explicit dependency on target 'boost' in project 'Pods'
        ➜ Explicit dependency on target 'fast_float' in project 'Pods'
        ➜ Explicit dependency on target 'fmt' in project 'Pods'
        ➜ Explicit dependency on target 'glog' in project 'Pods'
        ➜ Explicit dependency on target 'hermes-engine' in project 'Pods'
    Target 'React-jsinspectornetwork' in project 'Pods'
        ➜ Explicit dependency on target 'DoubleConversion' in project 'Pods'
        ➜ Explicit dependency on target 'RCT-Folly' in project 'Pods'
        ➜ Explicit dependency on target 'React-featureflags' in project 'Pods'
        ➜ Explicit dependency on target 'React-jsinspectorcdp' in project 'Pods'
        ➜ Explicit dependency on target 'React-performancetimeline' in project 'Pods'
        ➜ Explicit dependency on target 'React-timing' in project 'Pods'
        ➜ Explicit dependency on target 'SocketRocket' in project 'Pods'
        ➜ Explicit dependency on target 'boost' in project 'Pods'
        ➜ Explicit dependency on target 'fast_float' in project 'Pods'
        ➜ Explicit dependency on target 'fmt' in project 'Pods'
        ➜ Explicit dependency on target 'glog' in project 'Pods'
    Target 'React-performancetimeline' in project 'Pods'
        ➜ Explicit dependency on target 'DoubleConversion' in project 'Pods'
        ➜ Explicit dependency on target 'RCT-Folly' in project 'Pods'
        ➜ Explicit dependency on target 'React-featureflags' in project 'Pods'
        ➜ Explicit dependency on target 'React-jsinspectortracing' in project 'Pods'
        ➜ Explicit dependency on target 'React-perflogger' in project 'Pods'
        ➜ Explicit dependency on target 'React-timing' in project 'Pods'
        ➜ Explicit dependency on target 'SocketRocket' in project 'Pods'
        ➜ Explicit dependency on target 'boost' in project 'Pods'
        ➜ Explicit dependency on target 'fast_float' in project 'Pods'
        ➜ Explicit dependency on target 'fmt' in project 'Pods'
        ➜ Explicit dependency on target 'glog' in project 'Pods'
    Target 'React-perflogger' in project 'Pods'
        ➜ Explicit dependency on target 'DoubleConversion' in project 'Pods'
        ➜ Explicit dependency on target 'RCT-Folly' in project 'Pods'
        ➜ Explicit dependency on target 'SocketRocket' in project 'Pods'
        ➜ Explicit dependency on target 'boost' in project 'Pods'
        ➜ Explicit dependency on target 'fast_float' in project 'Pods'
        ➜ Explicit dependency on target 'fmt' in project 'Pods'
        ➜ Explicit dependency on target 'glog' in project 'Pods'
    Target 'React-jsinspectortracing' in project 'Pods'
        ➜ Explicit dependency on target 'DoubleConversion' in project 'Pods'
        ➜ Explicit dependency on target 'RCT-Folly' in project 'Pods'
        ➜ Explicit dependency on target 'React-oscompat' in project 'Pods'
        ➜ Explicit dependency on target 'React-timing' in project 'Pods'
        ➜ Explicit dependency on target 'SocketRocket' in project 'Pods'
        ➜ Explicit dependency on target 'boost' in project 'Pods'
        ➜ Explicit dependency on target 'fast_float' in project 'Pods'
        ➜ Explicit dependency on target 'fmt' in project 'Pods'
        ➜ Explicit dependency on target 'glog' in project 'Pods'
    Target 'React-timing' in project 'Pods'
        ➜ Explicit dependency on target 'React-debug' in project 'Pods'
    Target 'React-oscompat' in project 'Pods' (no dependencies)
    Target 'React-jsinspectorcdp' in project 'Pods'
        ➜ Explicit dependency on target 'DoubleConversion' in project 'Pods'
        ➜ Explicit dependency on target 'RCT-Folly' in project 'Pods'
        ➜ Explicit dependency on target 'SocketRocket' in project 'Pods'
        ➜ Explicit dependency on target 'boost' in project 'Pods'
        ➜ Explicit dependency on target 'fast_float' in project 'Pods'
        ➜ Explicit dependency on target 'fmt' in project 'Pods'
        ➜ Explicit dependency on target 'glog' in project 'Pods'
    Target 'React-featureflags' in project 'Pods'
        ➜ Explicit dependency on target 'DoubleConversion' in project 'Pods'
        ➜ Explicit dependency on target 'RCT-Folly' in project 'Pods'
        ➜ Explicit dependency on target 'SocketRocket' in project 'Pods'
        ➜ Explicit dependency on target 'boost' in project 'Pods'
        ➜ Explicit dependency on target 'fast_float' in project 'Pods'
        ➜ Explicit dependency on target 'fmt' in project 'Pods'
        ➜ Explicit dependency on target 'glog' in project 'Pods'
    Target 'React-jsi' in project 'Pods'
        ➜ Explicit dependency on target 'DoubleConversion' in project 'Pods'
        ➜ Explicit dependency on target 'RCT-Folly' in project 'Pods'
        ➜ Explicit dependency on target 'SocketRocket' in project 'Pods'
        ➜ Explicit dependency on target 'boost' in project 'Pods'
        ➜ Explicit dependency on target 'fast_float' in project 'Pods'
        ➜ Explicit dependency on target 'fmt' in project 'Pods'
        ➜ Explicit dependency on target 'glog' in project 'Pods'
        ➜ Explicit dependency on target 'hermes-engine' in project 'Pods'
    Target 'hermes-engine' in project 'Pods' (no dependencies)
    Target 'SocketRocket' in project 'Pods' (no dependencies)
    Target 'React-debug' in project 'Pods' (no dependencies)
    Target 'React-cxxreact-React-cxxreact_privacy' in project 'Pods' (no dependencies)
    Target 'React-callinvoker' in project 'Pods' (no dependencies)
    Target 'React-Core-React-Core_privacy' in project 'Pods' (no dependencies)
    Target 'RCTDeprecation' in project 'Pods' (no dependencies)
    Target 'RCT-Folly' in project 'Pods'
        ➜ Explicit dependency on target 'DoubleConversion' in project 'Pods'
        ➜ Explicit dependency on target 'RCT-Folly-RCT-Folly_privacy' in project 'Pods'
        ➜ Explicit dependency on target 'boost' in project 'Pods'
        ➜ Explicit dependency on target 'fast_float' in project 'Pods'
        ➜ Explicit dependency on target 'fmt' in project 'Pods'
        ➜ Explicit dependency on target 'glog' in project 'Pods'
    Target 'glog' in project 'Pods'
        ➜ Explicit dependency on target 'glog-glog_privacy' in project 'Pods'
    Target 'glog-glog_privacy' in project 'Pods' (no dependencies)
    Target 'fmt' in project 'Pods' (no dependencies)
    Target 'fast_float' in project 'Pods' (no dependencies)
    Target 'boost' in project 'Pods'
        ➜ Explicit dependency on target 'boost-boost_privacy' in project 'Pods'
    Target 'boost-boost_privacy' in project 'Pods' (no dependencies)
    Target 'RCT-Folly-RCT-Folly_privacy' in project 'Pods' (no dependencies)
    Target 'DoubleConversion' in project 'Pods' (no dependencies)

GatherProvisioningInputs

CreateBuildDescription

ExecuteExternalTool /Applications/Xcode-26.app/Contents/Developer/Toolchains/XcodeDefault.xctoolchain/usr/bin/clang -v -E -dM -arch arm64 -isysroot /Applications/Xcode-26.app/Contents/Developer/Platforms/iPhoneOS.platform/Developer/SDKs/iPhoneOS26.4.sdk -x c++ -c /dev/null

ExecuteExternalTool /Applications/Xcode-26.app/Contents/Developer/Toolchains/XcodeDefault.xctoolchain/usr/bin/clang -v -E -dM -arch arm64 -isysroot /Applications/Xcode-26.app/Contents/Developer/Platforms/iPhoneOS.platform/Developer/SDKs/iPhoneOS26.4.sdk -x objective-c -c /dev/null

ExecuteExternalTool /Applications/Xcode-26.app/Contents/Developer/Toolchains/XcodeDefault.xctoolchain/usr/bin/clang -v -E -dM -isysroot /Applications/Xcode-26.app/Contents/Developer/Platforms/iPhoneOS.platform/Developer/SDKs/iPhoneOS26.4.sdk -x c -c /dev/null

ExecuteExternalTool /Applications/Xcode-26.app/Contents/Developer/Toolchains/XcodeDefault.xctoolchain/usr/bin/clang -v -E -dM -arch arm64 -isysroot /Applications/Xcode-26.app/Contents/Developer/Platforms/iPhoneOS.platform/Developer/SDKs/iPhoneOS26.4.sdk -x objective-c++ -c /dev/null

ExecuteExternalTool /Applications/Xcode-26.app/Contents/Developer/Toolchains/XcodeDefault.xctoolchain/usr/bin/clang -v -E -dM -arch arm64 -isysroot /Applications/Xcode-26.app/Contents/Developer/Platforms/iPhoneOS.platform/Developer/SDKs/iPhoneOS26.4.sdk -x c -c /dev/null

ExecuteExternalTool /Applications/Xcode-26.app/Contents/Developer/Toolchains/XcodeDefault.xctoolchain/usr/bin/libtool -V

ExecuteExternalTool /Applications/Xcode-26.app/Contents/Developer/usr/bin/ibtool --version --output-format xml1

ExecuteExternalTool /Applications/Xcode-26.app/Contents/Developer/Toolchains/XcodeDefault.xctoolchain/usr/bin/swiftc --version

ExecuteExternalTool /Applications/Xcode-26.app/Contents/Developer/usr/bin/actool --print-asset-tag-combinations --output-format xml1 /Users/tungstonlabs/Desktop/HealthApp-Mobile/ios/HealthApp/Images.xcassets

ExecuteExternalTool /Applications/Xcode-26.app/Contents/Developer/usr/bin/actool --version --output-format xml1

ExecuteExternalTool /Applications/Xcode-26.app/Contents/Developer/Toolchains/XcodeDefault.xctoolchain/usr/bin/clang -v -E -dM -arch arm64 -isysroot /Applications/Xcode-26.app/Contents/Developer/Platforms/iPhoneOS.platform/Developer/SDKs/iPhoneOS26.4.sdk -x assembler-with-cpp -c /dev/null

ExecuteExternalTool /Applications/Xcode-26.app/Contents/Developer/Toolchains/XcodeDefault.xctoolchain/usr/bin/ld -version_details

Build description signature: ac8503ae99c90b18e63a905c156c87df
Build description path: /Users/tungstonlabs/Library/Developer/Xcode/DerivedData/HealthApp-fjgvhltvryzvlufiayyipuiynnzt/Build/Intermediates.noindex/XCBuildData/ac8503ae99c90b18e63a905c156c87df.xcbuilddata
ClangStatCache /Applications/Xcode-26.app/Contents/Developer/Toolchains/XcodeDefault.xctoolchain/usr/bin/clang-stat-cache /Applications/Xcode-26.app/Contents/Developer/Platforms/iPhoneOS.platform/Developer/SDKs/iPhoneOS26.4.sdk /Users/tungstonlabs/Library/Developer/Xcode/DerivedData/SDKStatCaches.noindex/iphoneos26.4-23E252-a54fe942f21fdc709edd8fd1a4d02c01.sdkstatcache
    cd /Users/tungstonlabs/Desktop/HealthApp-Mobile/ios
    /Applications/Xcode-26.app/Contents/Developer/Toolchains/XcodeDefault.xctoolchain/usr/bin/clang-stat-cache /Applications/Xcode-26.app/Contents/Developer/Platforms/iPhoneOS.platform/Developer/SDKs/iPhoneOS26.4.sdk -o /Users/tungstonlabs/Library/Developer/Xcode/DerivedData/SDKStatCaches.noindex/iphoneos26.4-23E252-a54fe942f21fdc709edd8fd1a4d02c01.sdkstatcache

CreateBuildDirectory /Users/tungstonlabs/Library/Developer/Xcode/DerivedData/HealthApp-fjgvhltvryzvlufiayyipuiynnzt/Build/Products/Debug-iphoneos/RCT-Folly
    cd /Users/tungstonlabs/Desktop/HealthApp-Mobile/ios
    builtin-create-build-directory /Users/tungstonlabs/Library/Developer/Xcode/DerivedData/HealthApp-fjgvhltvryzvlufiayyipuiynnzt/Build/Products/Debug-iphoneos/RCT-Folly

CreateBuildDirectory /Users/tungstonlabs/Library/Developer/Xcode/DerivedData/HealthApp-fjgvhltvryzvlufiayyipuiynnzt/Build/Products/Debug-iphoneos/RCTDeprecation
    cd /Users/tungstonlabs/Desktop/HealthApp-Mobile/ios
    builtin-create-build-directory /Users/tungstonlabs/Library/Developer/Xcode/DerivedData/HealthApp-fjgvhltvryzvlufiayyipuiynnzt/Build/Products/Debug-iphoneos/RCTDeprecation

CreateBuildDirectory /Users/tungstonlabs/Library/Developer/Xcode/DerivedData/HealthApp-fjgvhltvryzvlufiayyipuiynnzt/Build/Products/Debug-iphoneos/DoubleConversion
    cd /Users/tungstonlabs/Desktop/HealthApp-Mobile/ios
    builtin-create-build-directory /Users/tungstonlabs/Library/Developer/Xcode/DerivedData/HealthApp-fjgvhltvryzvlufiayyipuiynnzt/Build/Products/Debug-iphoneos/DoubleConversion

CreateBuildDirectory /Users/tungstonlabs/Library/Developer/Xcode/DerivedData/HealthApp-fjgvhltvryzvlufiayyipuiynnzt/Build/Products/Debug-iphoneos/BVLinearGradient
    cd /Users/tungstonlabs/Desktop/HealthApp-Mobile/ios
    builtin-create-build-directory /Users/tungstonlabs/Library/Developer/Xcode/DerivedData/HealthApp-fjgvhltvryzvlufiayyipuiynnzt/Build/Products/Debug-iphoneos/BVLinearGradient

CreateBuildDirectory /Users/tungstonlabs/Library/Developer/Xcode/DerivedData/HealthApp-fjgvhltvryzvlufiayyipuiynnzt/Build/Products/Debug-iphoneos/FBLazyVector
    cd /Users/tungstonlabs/Desktop/HealthApp-Mobile/ios
    builtin-create-build-directory /Users/tungstonlabs/Library/Developer/Xcode/DerivedData/HealthApp-fjgvhltvryzvlufiayyipuiynnzt/Build/Products/Debug-iphoneos/FBLazyVector

PhaseScriptExecution [CP-User]\ [Hermes]\ Replace\ Hermes\ for\ the\ right\ configuration,\ if\ needed /Users/tungstonlabs/Library/Developer/Xcode/DerivedData/HealthApp-fjgvhltvryzvlufiayyipuiynnzt/Build/Intermediates.noindex/Pods.build/Debug-iphoneos/hermes-engine.build/Script-46EB2E00024C60.sh (in target 'hermes-engine' from project 'Pods')
    cd /Users/tungstonlabs/Desktop/HealthApp-Mobile/ios/Pods
    export ACTION\=build
    export AD_HOC_CODE_SIGNING_ALLOWED\=NO
    export ALLOW_BUILD_REQUEST_OVERRIDES\=NO
    export ALLOW_TARGET_PLATFORM_SPECIALIZATION\=NO
    export ALTERNATE_GROUP\=staff
    export ALTERNATE_MODE\=u+w,go-w,a+rX
    export ALTERNATE_OWNER\=tungstonlabs
    export ALTERNATIVE_DISTRIBUTION_WEB\=NO
    export ALWAYS_EMBED_SWIFT_STANDARD_LIBRARIES\=NO
    export ALWAYS_SEARCH_USER_PATHS\=NO
    export ALWAYS_USE_SEPARATE_HEADERMAPS\=NO
    export ANDROID_DEPLOYMENT_TARGET\=21.0
    export APPLICATION_EXTENSION_API_ONLY\=NO
    export APPLY_RULES_IN_COPY_FILES\=NO
    export APPLY_RULES_IN_COPY_HEADERS\=NO
    export APP_SHORTCUTS_ENABLE_FLEXIBLE_MATCHING\=YES
    export ARCHS\=arm64
    export ARCHS_BASE\=arm64
    export ARCHS_STANDARD\=arm64
    export ARCHS_STANDARD_32_64_BIT\=armv7\ arm64
    export ARCHS_STANDARD_32_BIT\=armv7
    export ARCHS_STANDARD_64_BIT\=arm64
    export ARCHS_STANDARD_INCLUDING_64_BIT\=arm64
    export ARCHS_UNIVERSAL_IPHONE_OS\=armv7\ arm64
    export ASSETCATALOG_COMPILER_APPICON_NAME\=AppIcon
    export ASSETCATALOG_COMPILER_GLOBAL_ACCENT_COLOR_NAME\=AccentColor
    export AUTOMATICALLY_MERGE_DEPENDENCIES\=NO
    export AUTOMATION_APPLE_EVENTS\=NO
    export AVAILABLE_PLATFORMS\=android\ appletvos\ appletvsimulator\ driverkit\ freebsd\ iphoneos\ iphonesimulator\ linux\ macosx\ none\ openbsd\ qnx\ watchos\ watchsimulator\ webassembly\ xros\ xrsimulator
    export BUILD_ACTIVE_RESOURCES_ONLY\=NO
    export BUILD_COMPONENTS\=headers\ build
    export BUILD_DIR\=/Users/tungstonlabs/Library/Developer/Xcode/DerivedData/HealthApp-fjgvhltvryzvlufiayyipuiynnzt/Build/Products
    export BUILD_LIBRARY_FOR_DISTRIBUTION\=NO
    export BUILD_ONLY_KNOWN_LOCALIZATIONS\=NO
    export BUILD_ROOT\=/Users/tungstonlabs/Library/Developer/Xcode/DerivedData/HealthApp-fjgvhltvryzvlufiayyipuiynnzt/Build/Products
    export BUILD_STYLE\=
    export BUILD_VARIANTS\=normal
    export BUILT_PRODUCTS_DIR\=/Users/tungstonlabs/Library/Developer/Xcode/DerivedData/HealthApp-fjgvhltvryzvlufiayyipuiynnzt/Build/Products/Debug-iphoneos/hermes-engine
    export BUNDLE_CONTENTS_FOLDER_PATH_deep\=Contents/
    export BUNDLE_EXECUTABLE_FOLDER_NAME_deep\=MacOS
    export BUNDLE_EXTENSIONS_FOLDER_PATH\=Extensions
    export BUNDLE_FORMAT\=shallow
    export BUNDLE_FRAMEWORKS_FOLDER_PATH\=Frameworks
    export BUNDLE_PLUGINS_FOLDER_PATH\=PlugIns
    export BUNDLE_PRIVATE_HEADERS_FOLDER_PATH\=PrivateHeaders
    export BUNDLE_PUBLIC_HEADERS_FOLDER_PATH\=Headers
    export CACHE_ROOT\=/var/folders/yr/3yy3ls113ng69vkhsql_2pq40000gn/C/com.apple.DeveloperTools/26.4.1-17E202/Xcode
    export CCHROOT\=/var/folders/yr/3yy3ls113ng69vkhsql_2pq40000gn/C/com.apple.DeveloperTools/26.4.1-17E202/Xcode
    export CHMOD\=/bin/chmod
    export CHOWN\=chown
    export CLANG_ANALYZER_LOCALIZABILITY_NONLOCALIZED\=YES
    export CLANG_ANALYZER_NONNULL\=YES
    export CLANG_ANALYZER_NUMBER_OBJECT_CONVERSION\=YES_AGGRESSIVE
    export CLANG_CACHE_FINE_GRAINED_OUTPUTS\=YES
    export CLANG_CXX_LANGUAGE_STANDARD\=c++20
    export CLANG_CXX_LIBRARY\=compiler-default
    export CLANG_ENABLE_EXPLICIT_MODULES\=YES
    export CLANG_ENABLE_MODULES\=YES
    export CLANG_ENABLE_OBJC_ARC\=YES
    export CLANG_ENABLE_OBJC_WEAK\=NO
    export CLANG_MODULES_BUILD_SESSION_FILE\=/Users/tungstonlabs/Library/Developer/Xcode/DerivedData/ModuleCache.noindex/Session.modulevalidation
    export CLANG_WARN_BLOCK_CAPTURE_AUTORELEASING\=YES
    export CLANG_WARN_BOOL_CONVERSION\=YES
    export CLANG_WARN_COMMA\=YES
    export CLANG_WARN_CONSTANT_CONVERSION\=YES
    export CLANG_WARN_DEPRECATED_OBJC_IMPLEMENTATIONS\=YES
    export CLANG_WARN_DIRECT_OBJC_ISA_USAGE\=YES_ERROR
    export CLANG_WARN_DOCUMENTATION_COMMENTS\=YES
    export CLANG_WARN_EMPTY_BODY\=YES
    export CLANG_WARN_ENUM_CONVERSION\=YES
    export CLANG_WARN_INFINITE_RECURSION\=YES
    export CLANG_WARN_INT_CONVERSION\=YES
    export CLANG_WARN_NON_LITERAL_NULL_CONVERSION\=YES
    export CLANG_WARN_OBJC_IMPLICIT_RETAIN_SELF\=YES
    export CLANG_WARN_OBJC_LITERAL_CONVERSION\=YES
    export CLANG_WARN_OBJC_ROOT_CLASS\=YES_ERROR
    export CLANG_WARN_QUOTED_INCLUDE_IN_FRAMEWORK_HEADER\=NO
    export CLANG_WARN_RANGE_LOOP_ANALYSIS\=YES
    export CLANG_WARN_STRICT_PROTOTYPES\=YES
    export CLANG_WARN_SUSPICIOUS_MOVE\=YES
    export CLANG_WARN_UNGUARDED_AVAILABILITY\=YES_AGGRESSIVE
    export CLANG_WARN_UNREACHABLE_CODE\=YES
    export CLANG_WARN__DUPLICATE_METHOD_MATCH\=YES
    export CLASS_FILE_DIR\=/Users/tungstonlabs/Library/Developer/Xcode/DerivedData/HealthApp-fjgvhltvryzvlufiayyipuiynnzt/Build/Intermediates.noindex/Pods.build/Debug-iphoneos/hermes-engine.build/JavaClasses
    export CLEAN_PRECOMPS\=YES
    export CLONE_HEADERS\=NO
    export CODESIGNING_FOLDER_PATH\=/Users/tungstonlabs/Library/Developer/Xcode/DerivedData/HealthApp-fjgvhltvryzvlufiayyipuiynnzt/Build/Products/Debug-iphoneos/hermes-engine/
    export CODE_SIGNING_ALLOWED\=NO
    export CODE_SIGNING_REQUIRED\=YES
    export CODE_SIGN_CONTEXT_CLASS\=XCiPhoneOSCodeSignContext
    export CODE_SIGN_IDENTITY\=Apple\ Development
    export CODE_SIGN_INJECT_BASE_ENTITLEMENTS\=YES
    export COLOR_DIAGNOSTICS\=NO
    export COMBINE_HIDPI_IMAGES\=NO
    export COMPILATION_CACHE_CAS_PATH\=/Users/tungstonlabs/Library/Developer/Xcode/DerivedData/CompilationCache.noindex
    export COMPILATION_CACHE_KEEP_CAS_DIRECTORY\=YES
    export COMPILER_INDEX_STORE_ENABLE\=Default
    export COMPOSITE_SDK_DIRS\=/Users/tungstonlabs/Library/Developer/Xcode/DerivedData/HealthApp-fjgvhltvryzvlufiayyipuiynnzt/Build/Intermediates.noindex/CompositeSDKs
    export COMPRESS_PNG_FILES\=YES
    export CONFIGURATION\=Debug
    export CONFIGURATION_BUILD_DIR\=/Users/tungstonlabs/Library/Developer/Xcode/DerivedData/HealthApp-fjgvhltvryzvlufiayyipuiynnzt/Build/Products/Debug-iphoneos/hermes-engine
    export CONFIGURATION_TEMP_DIR\=/Users/tungstonlabs/Library/Developer/Xcode/DerivedData/HealthApp-fjgvhltvryzvlufiayyipuiynnzt/Build/Intermediates.noindex/Pods.build/Debug-iphoneos
    export COPYING_PRESERVES_HFS_DATA\=NO
    export COPY_HEADERS_RUN_UNIFDEF\=NO
    export COPY_PHASE_STRIP\=NO
    export CORRESPONDING_SIMULATOR_PLATFORM_DIR\=/Applications/Xcode-26.app/Contents/Developer/Platforms/iPhoneSimulator.platform
    export CORRESPONDING_SIMULATOR_PLATFORM_NAME\=iphonesimulator
    export CORRESPONDING_SIMULATOR_SDK_DIR\=/Applications/Xcode-26.app/Contents/Developer/Platforms/iPhoneSimulator.platform/Developer/SDKs/iPhoneSimulator26.4.sdk
    export CORRESPONDING_SIMULATOR_SDK_NAME\=iphonesimulator26.4
    export CP\=/bin/cp
    export CREATE_INFOPLIST_SECTION_IN_BINARY\=NO
    export CURRENT_ARCH\=undefined_arch
    export CURRENT_VARIANT\=normal
    export DEAD_CODE_STRIPPING\=YES
    export DEBUGGING_SYMBOLS\=YES
    export DEBUG_INFORMATION_FORMAT\=dwarf
    export DEBUG_INFORMATION_VERSION\=compiler-default
    export DEFAULT_COMPILER\=com.apple.compilers.llvm.clang.1_0
    export DEFAULT_DEXT_INSTALL_PATH\=/System/Library/DriverExtensions
    export DEFAULT_KEXT_INSTALL_PATH\=/System/Library/Extensions
    export DEFINES_MODULE\=NO
    export DEPLOYMENT_LOCATION\=NO
    export DEPLOYMENT_POSTPROCESSING\=NO
    export DEPLOYMENT_TARGET_SETTING_NAME\=IPHONEOS_DEPLOYMENT_TARGET
    export DEPLOYMENT_TARGET_SUGGESTED_VALUES\=12.0\ 12.1\ 12.2\ 12.3\ 12.4\ 13.0\ 13.1\ 13.2\ 13.3\ 13.4\ 13.5\ 13.6\ 14.0\ 14.1\ 14.2\ 14.3\ 14.4\ 14.5\ 14.6\ 14.7\ 15.0\ 15.1\ 15.2\ 15.3\ 15.4\ 15.5\ 15.6\ 16.0\ 16.1\ 16.2\ 16.3\ 16.4\ 16.5\ 16.6\ 17.0\ 17.1\ 17.2\ 17.3\ 17.4\ 17.5\ 17.6\ 18.0\ 18.1\ 18.2\ 18.3\ 18.4\ 18.5\ 18.6\ 26.0\ 26.2\ 26.3\ 26.4
    export DERIVED_FILES_DIR\=/Users/tungstonlabs/Library/Developer/Xcode/DerivedData/HealthApp-fjgvhltvryzvlufiayyipuiynnzt/Build/Intermediates.noindex/Pods.build/Debug-iphoneos/hermes-engine.build/DerivedSources
    export DERIVED_FILE_DIR\=/Users/tungstonlabs/Library/Developer/Xcode/DerivedData/HealthApp-fjgvhltvryzvlufiayyipuiynnzt/Build/Intermediates.noindex/Pods.build/Debug-iphoneos/hermes-engine.build/DerivedSources
    export DERIVED_SOURCES_DIR\=/Users/tungstonlabs/Library/Developer/Xcode/DerivedData/HealthApp-fjgvhltvryzvlufiayyipuiynnzt/Build/Intermediates.noindex/Pods.build/Debug-iphoneos/hermes-engine.build/DerivedSources
    export DERIVE_MACCATALYST_PRODUCT_BUNDLE_IDENTIFIER\=NO
    export DEVELOPER_APPLICATIONS_DIR\=/Applications/Xcode-26.app/Contents/Developer/Applications
    export DEVELOPER_BIN_DIR\=/Applications/Xcode-26.app/Contents/Developer/usr/bin
    export DEVELOPER_DIR\=/Applications/Xcode-26.app/Contents/Developer
    export DEVELOPER_FRAMEWORKS_DIR\=/Applications/Xcode-26.app/Contents/Developer/Library/Frameworks
    export DEVELOPER_FRAMEWORKS_DIR_QUOTED\=/Applications/Xcode-26.app/Contents/Developer/Library/Frameworks
    export DEVELOPER_LIBRARY_DIR\=/Applications/Xcode-26.app/Contents/Developer/Library
    export DEVELOPER_SDK_DIR\=/Applications/Xcode-26.app/Contents/Developer/Platforms/MacOSX.platform/Developer/SDKs
    export DEVELOPER_TOOLS_DIR\=/Applications/Xcode-26.app/Contents/Developer/Tools
    export DEVELOPER_USR_DIR\=/Applications/Xcode-26.app/Contents/Developer/usr
    export DEVELOPMENT_LANGUAGE\=en
    export DIAGNOSE_MISSING_TARGET_DEPENDENCIES\=YES
    export DIFF\=/usr/bin/diff
    export DONT_GENERATE_INFOPLIST_FILE\=NO
    export DSTROOT\=/tmp/Pods.dst
    export DT_TOOLCHAIN_DIR\=/Applications/Xcode-26.app/Contents/Developer/Toolchains/XcodeDefault.xctoolchain
    export DUMP_DEPENDENCIES\=NO
    export DUMP_DEPENDENCIES_OUTPUT_PATH\=/Users/tungstonlabs/Library/Developer/Xcode/DerivedData/HealthApp-fjgvhltvryzvlufiayyipuiynnzt/Build/Intermediates.noindex/Pods.build/Debug-iphoneos/hermes-engine.build/hermes-engine-BuildDependencyInfo.json
    export DWARF_DSYM_FILE_NAME\=.dSYM
    export DWARF_DSYM_FILE_SHOULD_ACCOMPANY_PRODUCT\=NO
    export DWARF_DSYM_FOLDER_PATH\=/Users/tungstonlabs/Library/Developer/Xcode/DerivedData/HealthApp-fjgvhltvryzvlufiayyipuiynnzt/Build/Products/Debug-iphoneos/hermes-engine
    export DYNAMIC_LIBRARY_EXTENSION\=dylib
    export EAGER_COMPILATION_ALLOW_SCRIPTS\=NO
    export EAGER_LINKING\=NO
    export EFFECTIVE_PLATFORM_NAME\=-iphoneos
    export EFFECTIVE_SWIFT_VERSION\=5
    export EMBEDDED_CONTENT_CONTAINS_SWIFT\=NO
    export EMBEDDED_PROFILE_NAME\=embedded.mobileprovision
    export EMBED_ASSET_PACKS_IN_PRODUCT_BUNDLE\=NO
    export ENABLE_APP_SANDBOX\=NO
    export ENABLE_CODE_COVERAGE\=YES
    export ENABLE_COHORT_ARCHS\=NO
    export ENABLE_CPLUSPLUS_BOUNDS_SAFE_BUFFERS\=NO
    export ENABLE_C_BOUNDS_SAFETY\=NO
    export ENABLE_DEFAULT_HEADER_SEARCH_PATHS\=YES
    export ENABLE_DEFAULT_SEARCH_PATHS\=YES
    export ENABLE_ENHANCED_SECURITY\=NO
    export ENABLE_HARDENED_RUNTIME\=NO
    export ENABLE_HEADER_DEPENDENCIES\=YES
    export ENABLE_INCOMING_NETWORK_CONNECTIONS\=NO
    export ENABLE_ON_DEMAND_RESOURCES\=NO
    export ENABLE_OUTGOING_NETWORK_CONNECTIONS\=NO
    export ENABLE_POINTER_AUTHENTICATION\=NO
    export ENABLE_PREVIEWS\=NO
    export ENABLE_RESOURCE_ACCESS_AUDIO_INPUT\=NO
    export ENABLE_RESOURCE_ACCESS_BLUETOOTH\=NO
    export ENABLE_RESOURCE_ACCESS_CALENDARS\=NO
    export ENABLE_RESOURCE_ACCESS_CAMERA\=NO
    export ENABLE_RESOURCE_ACCESS_CONTACTS\=NO
    export ENABLE_RESOURCE_ACCESS_LOCATION\=NO
    export ENABLE_RESOURCE_ACCESS_PHOTO_LIBRARY\=NO
    export ENABLE_RESOURCE_ACCESS_PRINTING\=NO
    export ENABLE_RESOURCE_ACCESS_USB\=NO
    export ENABLE_SDK_IMPORTS\=NO
    export ENABLE_SECURITY_COMPILER_WARNINGS\=NO
    export ENABLE_STRICT_OBJC_MSGSEND\=YES
    export ENABLE_TESTABILITY\=YES
    export ENABLE_TESTING_SEARCH_PATHS\=NO
    export ENABLE_USER_SCRIPT_SANDBOXING\=NO
    export ENABLE_XOJIT_PREVIEWS\=YES
    export ENFORCE_VALID_ARCHS\=YES
    export ENTITLEMENTS_DESTINATION\=Signature
    export ENTITLEMENTS_REQUIRED\=YES
    export EXCLUDED_INSTALLSRC_SUBDIRECTORY_PATTERNS\=.DS_Store\ .svn\ .git\ .hg\ CVS
    export EXCLUDED_RECURSIVE_SEARCH_PATH_SUBDIRECTORIES\=\*.nib\ \*.lproj\ \*.framework\ \*.gch\ \*.xcode\*\ \*.xcassets\ \*.icon\ \(\*\)\ .DS_Store\ CVS\ .svn\ .git\ .hg\ \*.pbproj\ \*.pbxproj
    export FILE_LIST\=/Users/tungstonlabs/Library/Developer/Xcode/DerivedData/HealthApp-fjgvhltvryzvlufiayyipuiynnzt/Build/Intermediates.noindex/Pods.build/Debug-iphoneos/hermes-engine.build/Objects/LinkFileList
    export FIXED_FILES_DIR\=/Users/tungstonlabs/Library/Developer/Xcode/DerivedData/HealthApp-fjgvhltvryzvlufiayyipuiynnzt/Build/Intermediates.noindex/Pods.build/Debug-iphoneos/hermes-engine.build/FixedFiles
    export FRAMEWORK_SEARCH_PATHS\=\ \"/Users/tungstonlabs/Desktop/HealthApp-Mobile/ios/Pods/hermes-engine/destroot/Library/Frameworks/universal\"\ \"/Users/tungstonlabs/Library/Developer/Xcode/DerivedData/HealthApp-fjgvhltvryzvlufiayyipuiynnzt/Build/Products/Debug-iphoneos/XCFrameworkIntermediates/hermes-engine/Pre-built\"
    export FRAMEWORK_VERSION\=A
    export FUSE_BUILD_PHASES\=YES
    export FUSE_BUILD_SCRIPT_PHASES\=NO
    export GCC3_VERSION\=3.3
    export GCC_C_LANGUAGE_STANDARD\=gnu11
    export GCC_DYNAMIC_NO_PIC\=NO
    export GCC_NO_COMMON_BLOCKS\=YES
    export GCC_OPTIMIZATION_LEVEL\=0
    export GCC_PFE_FILE_C_DIALECTS\=c\ objective-c\ c++\ objective-c++
    export GCC_PREPROCESSOR_DEFINITIONS\=POD_CONFIGURATION_DEBUG\=1\ DEBUG\=1\ \ COCOAPODS\=1\ HERMES_ENABLE_DEBUGGER\=1
    export GCC_THUMB_SUPPORT\=YES
    export GCC_TREAT_WARNINGS_AS_ERRORS\=NO
    export GCC_VERSION\=com.apple.compilers.llvm.clang.1_0
    export GCC_VERSION_IDENTIFIER\=com_apple_compilers_llvm_clang_1_0
    export GCC_WARN_64_TO_32_BIT_CONVERSION\=YES
    export GCC_WARN_ABOUT_RETURN_TYPE\=YES_ERROR
    export GCC_WARN_INHIBIT_ALL_WARNINGS\=YES
    export GCC_WARN_UNDECLARED_SELECTOR\=YES
    export GCC_WARN_UNINITIALIZED_AUTOS\=YES_AGGRESSIVE
    export GCC_WARN_UNUSED_FUNCTION\=YES
    export GCC_WARN_UNUSED_VARIABLE\=YES
    export GENERATED_MODULEMAP_DIR\=/Users/tungstonlabs/Library/Developer/Xcode/DerivedData/HealthApp-fjgvhltvryzvlufiayyipuiynnzt/Build/Intermediates.noindex/GeneratedModuleMaps-iphoneos
    export GENERATE_INFOPLIST_FILE\=NO
    export GENERATE_INTERMEDIATE_TEXT_BASED_STUBS\=YES
    export GENERATE_PKGINFO_FILE\=NO
    export GENERATE_PRELINK_OBJECT_FILE\=NO
    export GENERATE_PROFILING_CODE\=NO
    export GENERATE_TEXT_BASED_STUBS\=NO
    export GID\=20
    export GROUP\=staff
    export HEADERMAP_INCLUDES_FLAT_ENTRIES_FOR_TARGET_BEING_BUILT\=YES
    export HEADERMAP_INCLUDES_FRAMEWORK_ENTRIES_FOR_ALL_PRODUCT_TYPES\=YES
    export HEADERMAP_INCLUDES_FRAMEWORK_ENTRIES_FOR_TARGETS_NOT_BEING_BUILT\=YES
    export HEADERMAP_INCLUDES_NONPUBLIC_NONPRIVATE_HEADERS\=YES
    export HEADERMAP_INCLUDES_PROJECT_HEADERS\=YES
    export HEADERMAP_USES_FRAMEWORK_PREFIX_ENTRIES\=YES
    export HEADERMAP_USES_VFS\=NO
    export HEADER_SEARCH_PATHS\=\ \"/Users/tungstonlabs/Desktop/HealthApp-Mobile/ios/Pods/Headers/Private\"\ \"/Users/tungstonlabs/Desktop/HealthApp-Mobile/ios/Pods/Headers/Private/hermes-engine\"\ \"/Users/tungstonlabs/Desktop/HealthApp-Mobile/ios/Pods/Headers/Public\"\ \"/Users/tungstonlabs/Desktop/HealthApp-Mobile/ios/Pods/Headers/Public/hermes-engine\"
    export HOME\=/Users/tungstonlabs
    export HOST_ARCH\=arm64
    export HOST_PLATFORM\=macosx
    export ICONV\=/usr/bin/iconv
    export IMPLICIT_DEPENDENCY_DOMAIN\=default
    export INDEX_STORE_COMPRESS\=NO
    export INDEX_STORE_ONLY_PROJECT_FILES\=NO
    export INFOPLIST_ENABLE_CFBUNDLEICONS_MERGE\=YES
    export INFOPLIST_EXPAND_BUILD_SETTINGS\=YES
    export INFOPLIST_OUTPUT_FORMAT\=binary
    export INFOPLIST_PREPROCESS\=NO
    export INLINE_PRIVATE_FRAMEWORKS\=NO
    export INSTALLAPI_IGNORE_SKIP_INSTALL\=YES
    export INSTALLHDRS_COPY_PHASE\=NO
    export INSTALLHDRS_SCRIPT_PHASE\=NO
    export INSTALL_DIR\=/tmp/Pods.dst
    export INSTALL_GROUP\=staff
    export INSTALL_MODE_FLAG\=u+w,go-w,a+rX
    export INSTALL_OWNER\=tungstonlabs
    export INSTALL_ROOT\=/tmp/Pods.dst
    export IPHONEOS_DEPLOYMENT_TARGET\=15.1
    export IS_UNOPTIMIZED_BUILD\=YES
    export JAVAC_DEFAULT_FLAGS\=-J-Xms64m\ -J-XX:NewSize\=4M\ -J-Dfile.encoding\=UTF8
    export JAVA_APP_STUB\=/System/Library/Frameworks/JavaVM.framework/Resources/MacOS/JavaApplicationStub
    export JAVA_ARCHIVE_CLASSES\=YES
    export JAVA_ARCHIVE_TYPE\=JAR
    export JAVA_COMPILER\=/usr/bin/javac
    export JAVA_FRAMEWORK_RESOURCES_DIRS\=Resources
    export JAVA_JAR_FLAGS\=cv
    export JAVA_SOURCE_SUBDIR\=.
    export JAVA_USE_DEPENDENCIES\=YES
    export JAVA_ZIP_FLAGS\=-urg
    export JIKES_DEFAULT_FLAGS\=+E\ +OLDCSO
    export KASAN_CFLAGS_CLASSIC\=-DKASAN\=1\ -DKASAN_CLASSIC\=1\ -fsanitize\=address\ -mllvm\ -asan-globals-live-support\ -mllvm\ -asan-force-dynamic-shadow
    export KASAN_CFLAGS_TBI\=-DKASAN\=1\ -DKASAN_TBI\=1\ -fsanitize\=kernel-hwaddress\ -mllvm\ -hwasan-recover\=0\ -mllvm\ -hwasan-instrument-atomics\=0\ -mllvm\ -hwasan-instrument-stack\=1\ -mllvm\ -hwasan-generate-tags-with-calls\=1\ -mllvm\ -hwasan-instrument-with-calls\=1\ -mllvm\ -hwasan-use-short-granules\=0\ -mllvm\ -hwasan-memory-access-callback-prefix\=__asan_
    export KASAN_DEFAULT_CFLAGS\=-DKASAN\=1\ -DKASAN_CLASSIC\=1\ -fsanitize\=address\ -mllvm\ -asan-globals-live-support\ -mllvm\ -asan-force-dynamic-shadow
    export KEEP_PRIVATE_EXTERNS\=NO
    export LD_DEPENDENCY_INFO_FILE\=/Users/tungstonlabs/Library/Developer/Xcode/DerivedData/HealthApp-fjgvhltvryzvlufiayyipuiynnzt/Build/Intermediates.noindex/Pods.build/Debug-iphoneos/hermes-engine.build/Objects-normal/undefined_arch/hermes-engine_dependency_info.dat
    export LD_EXPORT_SYMBOLS\=YES
    export LD_GENERATE_MAP_FILE\=NO
    export LD_MAP_FILE_PATH\=/Users/tungstonlabs/Library/Developer/Xcode/DerivedData/HealthApp-fjgvhltvryzvlufiayyipuiynnzt/Build/Intermediates.noindex/Pods.build/Debug-iphoneos/hermes-engine.build/hermes-engine-LinkMap-normal-undefined_arch.txt
    export LD_NO_PIE\=NO
    export LD_QUOTE_LINKER_ARGUMENTS_FOR_COMPILER_DRIVER\=YES
    export LD_RUNPATH_SEARCH_PATHS\=\ @executable_path/Frameworks
    export LD_SHARED_CACHE_ELIGIBLE\=Automatic
    export LD_WARN_DUPLICATE_LIBRARIES\=NO
    export LD_WARN_UNUSED_DYLIBS\=NO
    export LEGACY_DEVELOPER_DIR\=/Applications/Xcode-26.app/Contents/PlugIns/Xcode3Core.ideplugin/Contents/SharedSupport/Developer
    export LEX\=lex
    export LIBRARY_DEXT_INSTALL_PATH\=/Library/DriverExtensions
    export LIBRARY_FLAG_NOSPACE\=YES
    export LIBRARY_KEXT_INSTALL_PATH\=/Library/Extensions
    export LINKER_DISPLAYS_MANGLED_NAMES\=NO
    export LINK_FILE_LIST_normal_arm64\=/Users/tungstonlabs/Library/Developer/Xcode/DerivedData/HealthApp-fjgvhltvryzvlufiayyipuiynnzt/Build/Intermediates.noindex/Pods.build/Debug-iphoneos/hermes-engine.build/Objects-normal/arm64/hermes-engine.LinkFileList
    export LINK_OBJC_RUNTIME\=YES
    export LINK_WITH_STANDARD_LIBRARIES\=YES
    export LLVM_TARGET_TRIPLE_OS_VERSION\=ios15.1
    export LLVM_TARGET_TRIPLE_VENDOR\=apple
    export LM_AUX_CONST_METADATA_LIST_PATH_normal_arm64\=/Users/tungstonlabs/Library/Developer/Xcode/DerivedData/HealthApp-fjgvhltvryzvlufiayyipuiynnzt/Build/Intermediates.noindex/Pods.build/Debug-iphoneos/hermes-engine.build/Objects-normal/arm64/hermes-engine.SwiftConstValuesFileList
    export LOCALIZATION_EXPORT_SUPPORTED\=YES
    export LOCALIZATION_PREFERS_STRING_CATALOGS\=NO
    export LOCALIZED_STRING_CODE_COMMENTS\=NO
    export LOCALIZED_STRING_MACRO_NAMES\=NSLocalizedString\ CFCopyLocalizedString
    export LOCALIZED_STRING_SWIFTUI_SUPPORT\=YES
    export LOCAL_ADMIN_APPS_DIR\=/Applications/Utilities
    export LOCAL_APPS_DIR\=/Applications
    export LOCAL_DEVELOPER_DIR\=/Library/Developer
    export LOCAL_LIBRARY_DIR\=/Library
    export LOCROOT\=/Users/tungstonlabs/Desktop/HealthApp-Mobile/ios/Pods
    export LOCSYMROOT\=/Users/tungstonlabs/Desktop/HealthApp-Mobile/ios/Pods
    export MAC_OS_X_PRODUCT_BUILD_VERSION\=25E253
    export MAC_OS_X_VERSION_ACTUAL\=260401
    export MAC_OS_X_VERSION_MAJOR\=260000
    export MAC_OS_X_VERSION_MINOR\=260400
    export MAKE_MERGEABLE\=NO
    export MERGEABLE_LIBRARY\=NO
    export MERGED_BINARY_TYPE\=none
    export MERGE_LINKED_LIBRARIES\=NO
    export METAL_LIBRARY_FILE_BASE\=default
    export METAL_LIBRARY_OUTPUT_DIR\=/Users/tungstonlabs/Library/Developer/Xcode/DerivedData/HealthApp-fjgvhltvryzvlufiayyipuiynnzt/Build/Products/Debug-iphoneos/hermes-engine/
    export MODULE_CACHE_DIR\=/Users/tungstonlabs/Library/Developer/Xcode/DerivedData/ModuleCache.noindex
    export MTL_ENABLE_DEBUG_INFO\=INCLUDE_SOURCE
    export MTL_FAST_MATH\=YES
    export NATIVE_ARCH\=arm64
    export NATIVE_ARCH_32_BIT\=arm
    export NATIVE_ARCH_64_BIT\=arm64
    export NATIVE_ARCH_ACTUAL\=arm64
    export NO_COMMON\=YES
    export OBJECT_FILE_DIR\=/Users/tungstonlabs/Library/Developer/Xcode/DerivedData/HealthApp-fjgvhltvryzvlufiayyipuiynnzt/Build/Intermediates.noindex/Pods.build/Debug-iphoneos/hermes-engine.build/Objects
    export OBJECT_FILE_DIR_normal\=/Users/tungstonlabs/Library/Developer/Xcode/DerivedData/HealthApp-fjgvhltvryzvlufiayyipuiynnzt/Build/Intermediates.noindex/Pods.build/Debug-iphoneos/hermes-engine.build/Objects-normal
    export OBJROOT\=/Users/tungstonlabs/Library/Developer/Xcode/DerivedData/HealthApp-fjgvhltvryzvlufiayyipuiynnzt/Build/Intermediates.noindex
    export ONLY_ACTIVE_ARCH\=NO
    export OS\=MACOS
    export OSAC\=/usr/bin/osacompile
    export PASCAL_STRINGS\=YES
    export PATH\=/Applications/Xcode-26.app/Contents/SharedFrameworks/SwiftBuild.framework/Versions/A/PlugIns/SWBBuildService.bundle/Contents/PlugIns/SWBUniversalPlatformPlugin.bundle/Contents/Frameworks/SWBUniversalPlatform.framework/Resources:/Applications/Xcode-26.app/Contents/Developer/Toolchains/XcodeDefault.xctoolchain/usr/bin:/Applications/Xcode-26.app/Contents/Developer/Toolchains/XcodeDefault.xctoolchain/usr/local/bin:/Applications/Xcode-26.app/Contents/Developer/Toolchains/XcodeDefault.xctoolchain/usr/libexec:/Applications/Xcode-26.app/Contents/Developer/Platforms/iPhoneOS.platform/usr/bin:/Applications/Xcode-26.app/Contents/Developer/Platforms/iPhoneOS.platform/usr/local/bin:/Applications/Xcode-26.app/Contents/Developer/Platforms/iPhoneOS.platform/Developer/usr/bin:/Applications/Xcode-26.app/Contents/Developer/Platforms/iPhoneOS.platform/Developer/usr/local/bin:/Applications/Xcode-26.app/Contents/Developer/usr/bin:/Applications/Xcode-26.app/Contents/Developer/usr/local/bin:/Users/tungstonlabs/.antigravity/antigravity/bin:/opt/homebrew/Cellar/openjdk@17/17.0.17/libexec/openjdk.jdk/Contents/Home/bin:/Users/tungstonlabs/.nvm/versions/node/v20.19.6/bin:/Users/tungstonlabs/Library/Application\ Support/Code/User/globalStorage/github.copilot-chat/debugCommand:/Users/tungstonlabs/Library/Application\ Support/Code/User/globalStorage/github.copilot-chat/copilotCli:/Users/tungstonlabs/.rbenv/shims:/opt/homebrew/bin:/opt/homebrew/sbin:/usr/local/bin:/System/Cryptexes/App/usr/bin:/usr/bin:/bin:/usr/sbin:/sbin:/var/run/com.apple.security.cryptexd/codex.system/bootstrap/usr/local/bin:/var/run/com.apple.security.cryptexd/codex.system/bootstrap/usr/bin:/var/run/com.apple.security.cryptexd/codex.system/bootstrap/usr/appleinternal/bin:/opt/pkg/env/active/bin:/opt/pmk/env/global/bin:/Library/Apple/usr/bin:/Users/tungstonlabs/Library/Android/sdk/emulator:/Users/tungstonlabs/Library/Android/sdk/tools:/Users/tungstonlabs/Library/Android/sdk/tools/bin:/Users/tungstonlabs/Library/Android/sdk/platform-tools
    export PATH_PREFIXES_EXCLUDED_FROM_HEADER_DEPENDENCIES\=/usr/include\ /usr/local/include\ /System/Library/Frameworks\ /System/Library/PrivateFrameworks\ /Applications/Xcode-26.app/Contents/Developer/Headers\ /Applications/Xcode-26.app/Contents/Developer/SDKs\ /Applications/Xcode-26.app/Contents/Developer/Platforms
    export PER_ARCH_MODULE_FILE_DIR\=/Users/tungstonlabs/Library/Developer/Xcode/DerivedData/HealthApp-fjgvhltvryzvlufiayyipuiynnzt/Build/Intermediates.noindex/Pods.build/Debug-iphoneos/hermes-engine.build/Objects-normal/undefined_arch
    export PER_ARCH_OBJECT_FILE_DIR\=/Users/tungstonlabs/Library/Developer/Xcode/DerivedData/HealthApp-fjgvhltvryzvlufiayyipuiynnzt/Build/Intermediates.noindex/Pods.build/Debug-iphoneos/hermes-engine.build/Objects-normal/undefined_arch
    export PER_VARIANT_OBJECT_FILE_DIR\=/Users/tungstonlabs/Library/Developer/Xcode/DerivedData/HealthApp-fjgvhltvryzvlufiayyipuiynnzt/Build/Intermediates.noindex/Pods.build/Debug-iphoneos/hermes-engine.build/Objects-normal
    export PKGINFO_FILE_PATH\=/Users/tungstonlabs/Library/Developer/Xcode/DerivedData/HealthApp-fjgvhltvryzvlufiayyipuiynnzt/Build/Intermediates.noindex/Pods.build/Debug-iphoneos/hermes-engine.build/PkgInfo
    export PLATFORM_DEVELOPER_APPLICATIONS_DIR\=/Applications/Xcode-26.app/Contents/Developer/Platforms/iPhoneOS.platform/Developer/Applications
    export PLATFORM_DEVELOPER_BIN_DIR\=/Applications/Xcode-26.app/Contents/Developer/Platforms/iPhoneOS.platform/Developer/usr/bin
    export PLATFORM_DEVELOPER_LIBRARY_DIR\=/Applications/Xcode-26.app/Contents/Developer/Platforms/iPhoneOS.platform/Developer/Library
    export PLATFORM_DEVELOPER_SDK_DIR\=/Applications/Xcode-26.app/Contents/Developer/Platforms/iPhoneOS.platform/Developer/SDKs
    export PLATFORM_DEVELOPER_TOOLS_DIR\=/Applications/Xcode-26.app/Contents/Developer/Platforms/iPhoneOS.platform/Developer/Tools
    export PLATFORM_DEVELOPER_USR_DIR\=/Applications/Xcode-26.app/Contents/Developer/Platforms/iPhoneOS.platform/Developer/usr
    export PLATFORM_DIR\=/Applications/Xcode-26.app/Contents/Developer/Platforms/iPhoneOS.platform
    export PLATFORM_DISPLAY_NAME\=iOS
    export PLATFORM_FAMILY_NAME\=iOS
    export PLATFORM_NAME\=iphoneos
    export PLATFORM_PREFERRED_ARCH\=arm64
    export PLATFORM_PRODUCT_BUILD_VERSION\=23E252
    export PLATFORM_REQUIRES_SWIFT_AUTOLINK_EXTRACT\=NO
    export PLATFORM_REQUIRES_SWIFT_MODULEWRAP\=NO
    export PLATFORM_USES_DSYMS\=YES
    export PLIST_FILE_OUTPUT_FORMAT\=binary
    export PODS_BUILD_DIR\=/Users/tungstonlabs/Library/Developer/Xcode/DerivedData/HealthApp-fjgvhltvryzvlufiayyipuiynnzt/Build/Products
    export PODS_CONFIGURATION_BUILD_DIR\=/Users/tungstonlabs/Library/Developer/Xcode/DerivedData/HealthApp-fjgvhltvryzvlufiayyipuiynnzt/Build/Products/Debug-iphoneos
    export PODS_DEVELOPMENT_LANGUAGE\=en
    export PODS_ROOT\=/Users/tungstonlabs/Desktop/HealthApp-Mobile/ios/Pods
    export PODS_TARGET_SRCROOT\=/Users/tungstonlabs/Desktop/HealthApp-Mobile/ios/Pods/hermes-engine
    export PODS_XCFRAMEWORKS_BUILD_DIR\=/Users/tungstonlabs/Library/Developer/Xcode/DerivedData/HealthApp-fjgvhltvryzvlufiayyipuiynnzt/Build/Products/Debug-iphoneos/XCFrameworkIntermediates
    export PRECOMPS_INCLUDE_HEADERS_FROM_BUILT_PRODUCTS_DIR\=YES
    export PRECOMP_DESTINATION_DIR\=/Users/tungstonlabs/Library/Developer/Xcode/DerivedData/HealthApp-fjgvhltvryzvlufiayyipuiynnzt/Build/Intermediates.noindex/Pods.build/Debug-iphoneos/hermes-engine.build/PrefixHeaders
    export PROCESSED_INFOPLIST_PATH\=/Users/tungstonlabs/Library/Developer/Xcode/DerivedData/HealthApp-fjgvhltvryzvlufiayyipuiynnzt/Build/Intermediates.noindex/Pods.build/Debug-iphoneos/hermes-engine.build/Objects-normal/undefined_arch/Processed-Info.plist
    export PRODUCT_BUNDLE_IDENTIFIER\=org.cocoapods.hermes-engine
    export PRODUCT_MODULE_NAME\=hermes_engine
    export PRODUCT_NAME\=hermes-engine
    export PRODUCT_SETTINGS_PATH\=
    export PROFILING_CODE\=NO
    export PROJECT\=Pods
    export PROJECT_DERIVED_FILE_DIR\=/Users/tungstonlabs/Library/Developer/Xcode/DerivedData/HealthApp-fjgvhltvryzvlufiayyipuiynnzt/Build/Intermediates.noindex/Pods.build/DerivedSources
    export PROJECT_DIR\=/Users/tungstonlabs/Desktop/HealthApp-Mobile/ios/Pods
    export PROJECT_FILE_PATH\=/Users/tungstonlabs/Desktop/HealthApp-Mobile/ios/Pods/Pods.xcodeproj
    export PROJECT_GUID\=8699adb1dd336b26511df848a716bd42
    export PROJECT_NAME\=Pods
    export PROJECT_TEMP_DIR\=/Users/tungstonlabs/Library/Developer/Xcode/DerivedData/HealthApp-fjgvhltvryzvlufiayyipuiynnzt/Build/Intermediates.noindex/Pods.build
    export PROJECT_TEMP_ROOT\=/Users/tungstonlabs/Library/Developer/Xcode/DerivedData/HealthApp-fjgvhltvryzvlufiayyipuiynnzt/Build/Intermediates.noindex
    export REACT_NATIVE_PATH\=/Users/tungstonlabs/Desktop/HealthApp-Mobile/ios/Pods/../../node_modules/react-native
    export RECOMMENDED_IPHONEOS_DEPLOYMENT_TARGET\=15.0
    export RECURSIVE_SEARCH_PATHS_FOLLOW_SYMLINKS\=YES
    export REMOVE_CVS_FROM_RESOURCES\=YES
    export REMOVE_GIT_FROM_RESOURCES\=YES
    export REMOVE_HEADERS_FROM_EMBEDDED_BUNDLES\=YES
    export REMOVE_HG_FROM_RESOURCES\=YES
    export REMOVE_STATIC_EXECUTABLES_FROM_EMBEDDED_BUNDLES\=YES
    export REMOVE_SVN_FROM_RESOURCES\=YES
    export RESCHEDULE_INDEPENDENT_HEADERS_PHASES\=YES
    export REZ_COLLECTOR_DIR\=/Users/tungstonlabs/Library/Developer/Xcode/DerivedData/HealthApp-fjgvhltvryzvlufiayyipuiynnzt/Build/Intermediates.noindex/Pods.build/Debug-iphoneos/hermes-engine.build/ResourceManagerResources
    export REZ_OBJECTS_DIR\=/Users/tungstonlabs/Library/Developer/Xcode/DerivedData/HealthApp-fjgvhltvryzvlufiayyipuiynnzt/Build/Intermediates.noindex/Pods.build/Debug-iphoneos/hermes-engine.build/ResourceManagerResources/Objects
    export RPATH_ORIGIN\=@loader_path
    export RUNTIME_EXCEPTION_ALLOW_DYLD_ENVIRONMENT_VARIABLES\=NO
    export RUNTIME_EXCEPTION_ALLOW_JIT\=NO
    export RUNTIME_EXCEPTION_ALLOW_UNSIGNED_EXECUTABLE_MEMORY\=NO
    export RUNTIME_EXCEPTION_DEBUGGING_TOOL\=NO
    export RUNTIME_EXCEPTION_DISABLE_EXECUTABLE_PAGE_PROTECTION\=NO
    export RUNTIME_EXCEPTION_DISABLE_LIBRARY_VALIDATION\=NO
    export SCANNING_PCM_KEEP_CACHE_DIRECTORY\=YES
    export SCAN_ALL_SOURCE_FILES_FOR_INCLUDES\=NO
    export SCRIPT_INPUT_FILE_COUNT\=0
    export SCRIPT_INPUT_FILE_LIST_COUNT\=0
    export SCRIPT_OUTPUT_FILE_COUNT\=0
    export SCRIPT_OUTPUT_FILE_LIST_COUNT\=0
    export SDKROOT\=/Applications/Xcode-26.app/Contents/Developer/Platforms/iPhoneOS.platform/Developer/SDKs/iPhoneOS26.4.sdk
    export SDK_DIR\=/Applications/Xcode-26.app/Contents/Developer/Platforms/iPhoneOS.platform/Developer/SDKs/iPhoneOS26.4.sdk
    export SDK_DIR_iphoneos\=/Applications/Xcode-26.app/Contents/Developer/Platforms/iPhoneOS.platform/Developer/SDKs/iPhoneOS26.4.sdk
    export SDK_DIR_iphoneos26_4\=/Applications/Xcode-26.app/Contents/Developer/Platforms/iPhoneOS.platform/Developer/SDKs/iPhoneOS26.4.sdk
    export SDK_NAME\=iphoneos26.4
    export SDK_NAMES\=iphoneos26.4
    export SDK_PRODUCT_BUILD_VERSION\=23E252
    export SDK_STAT_CACHE_DIR\=/Users/tungstonlabs/Library/Developer/Xcode/DerivedData
    export SDK_STAT_CACHE_ENABLE\=YES
    export SDK_STAT_CACHE_PATH\=/Users/tungstonlabs/Library/Developer/Xcode/DerivedData/SDKStatCaches.noindex/iphoneos26.4-23E252-a54fe942f21fdc709edd8fd1a4d02c01.sdkstatcache
    export SDK_VERSION\=26.4
    export SDK_VERSION_ACTUAL\=260400
    export SDK_VERSION_MAJOR\=260000
    export SDK_VERSION_MINOR\=260400
    export SED\=/usr/bin/sed
    export SEPARATE_STRIP\=NO
    export SEPARATE_SYMBOL_EDIT\=NO
    export SET_DIR_MODE_OWNER_GROUP\=YES
    export SET_FILE_MODE_OWNER_GROUP\=NO
    export SHALLOW_BUNDLE\=NO
    export SHARED_DERIVED_FILE_DIR\=/Users/tungstonlabs/Library/Developer/Xcode/DerivedData/HealthApp-fjgvhltvryzvlufiayyipuiynnzt/Build/Products/Debug-iphoneos/hermes-engine/DerivedSources
    export SHARED_PRECOMPS_DIR\=/Users/tungstonlabs/Library/Developer/Xcode/DerivedData/HealthApp-fjgvhltvryzvlufiayyipuiynnzt/Build/Intermediates.noindex/PrecompiledHeaders
    export SKIP_INSTALL\=YES
    export SKIP_MERGEABLE_LIBRARY_BUNDLE_HOOK\=NO
    export SOURCE_ROOT\=/Users/tungstonlabs/Desktop/HealthApp-Mobile/ios/Pods
    export SRCROOT\=/Users/tungstonlabs/Desktop/HealthApp-Mobile/ios/Pods
    export STRINGSDATA_DIR\=/Users/tungstonlabs/Library/Developer/Xcode/DerivedData/HealthApp-fjgvhltvryzvlufiayyipuiynnzt/Build/Intermediates.noindex/Pods.build/Debug-iphoneos/hermes-engine.build/Objects-normal/undefined_arch
    export STRINGSDATA_ROOT\=/Users/tungstonlabs/Library/Developer/Xcode/DerivedData/HealthApp-fjgvhltvryzvlufiayyipuiynnzt/Build/Intermediates.noindex/Pods.build/Debug-iphoneos/hermes-engine.build
    export STRINGS_FILE_INFOPLIST_RENAME\=YES
    export STRINGS_FILE_OUTPUT_ENCODING\=binary
    export STRING_CATALOG_GENERATE_SYMBOLS\=NO
    export STRIP_BITCODE_FROM_COPIED_FILES\=YES
    export STRIP_INSTALLED_PRODUCT\=NO
    export STRIP_STYLE\=all
    export STRIP_SWIFT_SYMBOLS\=YES
    export SUPPORTED_DEVICE_FAMILIES\=1,2
    export SUPPORTED_PLATFORMS\=iphoneos\ iphonesimulator
    export SUPPORTS_MACCATALYST\=YES
    export SUPPORTS_MAC_DESIGNED_FOR_IPHONE_IPAD\=YES
    export SUPPORTS_TEXT_BASED_API\=NO
    export SUPPORTS_XR_DESIGNED_FOR_IPHONE_IPAD\=YES
    export SUPPRESS_WARNINGS\=NO
    export SWIFT_ACTIVE_COMPILATION_CONDITIONS\=\ DEBUG
    export SWIFT_EMIT_CONST_VALUE_PROTOCOLS\=AnyResolverProviding\ AppEntity\ AppEnum\ AppExtension\ AppIntent\ AppIntentsPackage\ AppShortcutProviding\ AppShortcutsProvider\ AppUnionValue\ AppUnionValueCasesProviding\ DynamicOptionsProvider\ EntityQuery\ ExtensionPointDefining\ IntentValueQuery\ Resolver\ TransientEntity\ _AssistantIntentsProvider\ _GenerativeFunctionExtractable\ _IntentValueRepresentable
    export SWIFT_EMIT_LOC_STRINGS\=NO
    export SWIFT_ENABLE_EXPLICIT_MODULES\=YES
    export SWIFT_OPTIMIZATION_LEVEL\=-Onone
    export SWIFT_PLATFORM_TARGET_PREFIX\=ios
    export SWIFT_RESPONSE_FILE_PATH_normal_arm64\=/Users/tungstonlabs/Library/Developer/Xcode/DerivedData/HealthApp-fjgvhltvryzvlufiayyipuiynnzt/Build/Intermediates.noindex/Pods.build/Debug-iphoneos/hermes-engine.build/Objects-normal/arm64/hermes-engine.SwiftFileList
    export SWIFT_VERSION\=5.0
    export SYMROOT\=/Users/tungstonlabs/Library/Developer/Xcode/DerivedData/HealthApp-fjgvhltvryzvlufiayyipuiynnzt/Build/Products
    export SYSTEM_ADMIN_APPS_DIR\=/Applications/Utilities
    export SYSTEM_APPS_DIR\=/Applications
    export SYSTEM_CORE_SERVICES_DIR\=/System/Library/CoreServices
    export SYSTEM_DEMOS_DIR\=/Applications/Extras
    export SYSTEM_DEVELOPER_APPS_DIR\=/Applications/Xcode-26.app/Contents/Developer/Applications
    export SYSTEM_DEVELOPER_BIN_DIR\=/Applications/Xcode-26.app/Contents/Developer/usr/bin
    export SYSTEM_DEVELOPER_DEMOS_DIR\=/Applications/Xcode-26.app/Contents/Developer/Applications/Utilities/Built\ Examples
    export SYSTEM_DEVELOPER_DIR\=/Applications/Xcode-26.app/Contents/Developer
    export SYSTEM_DEVELOPER_DOC_DIR\=/Applications/Xcode-26.app/Contents/Developer/ADC\ Reference\ Library
    export SYSTEM_DEVELOPER_GRAPHICS_TOOLS_DIR\=/Applications/Xcode-26.app/Contents/Developer/Applications/Graphics\ Tools
    export SYSTEM_DEVELOPER_JAVA_TOOLS_DIR\=/Applications/Xcode-26.app/Contents/Developer/Applications/Java\ Tools
    export SYSTEM_DEVELOPER_PERFORMANCE_TOOLS_DIR\=/Applications/Xcode-26.app/Contents/Developer/Applications/Performance\ Tools
    export SYSTEM_DEVELOPER_RELEASENOTES_DIR\=/Applications/Xcode-26.app/Contents/Developer/ADC\ Reference\ Library/releasenotes
    export SYSTEM_DEVELOPER_TOOLS\=/Applications/Xcode-26.app/Contents/Developer/Tools
    export SYSTEM_DEVELOPER_TOOLS_DOC_DIR\=/Applications/Xcode-26.app/Contents/Developer/ADC\ Reference\ Library/documentation/DeveloperTools
    export SYSTEM_DEVELOPER_TOOLS_RELEASENOTES_DIR\=/Applications/Xcode-26.app/Contents/Developer/ADC\ Reference\ Library/releasenotes/DeveloperTools
    export SYSTEM_DEVELOPER_USR_DIR\=/Applications/Xcode-26.app/Contents/Developer/usr
    export SYSTEM_DEVELOPER_UTILITIES_DIR\=/Applications/Xcode-26.app/Contents/Developer/Applications/Utilities
    export SYSTEM_DEXT_INSTALL_PATH\=/System/Library/DriverExtensions
    export SYSTEM_DOCUMENTATION_DIR\=/Library/Documentation
    export SYSTEM_KEXT_INSTALL_PATH\=/System/Library/Extensions
    export SYSTEM_LIBRARY_DIR\=/System/Library
    export TAPI_DEMANGLE\=YES
    export TAPI_ENABLE_PROJECT_HEADERS\=NO
    export TAPI_LANGUAGE\=objective-c
    export TAPI_LANGUAGE_STANDARD\=compiler-default
    export TAPI_USE_SRCROOT\=YES
    export TAPI_VERIFY_MODE\=Pedantic
    export TARGETED_DEVICE_FAMILY\=1,2
    export TARGETNAME\=hermes-engine
    export TARGET_BUILD_DIR\=/Users/tungstonlabs/Library/Developer/Xcode/DerivedData/HealthApp-fjgvhltvryzvlufiayyipuiynnzt/Build/Products/Debug-iphoneos/hermes-engine
    export TARGET_NAME\=hermes-engine
    export TARGET_TEMP_DIR\=/Users/tungstonlabs/Library/Developer/Xcode/DerivedData/HealthApp-fjgvhltvryzvlufiayyipuiynnzt/Build/Intermediates.noindex/Pods.build/Debug-iphoneos/hermes-engine.build
    export TEMP_DIR\=/Users/tungstonlabs/Library/Developer/Xcode/DerivedData/HealthApp-fjgvhltvryzvlufiayyipuiynnzt/Build/Intermediates.noindex/Pods.build/Debug-iphoneos/hermes-engine.build
    export TEMP_FILES_DIR\=/Users/tungstonlabs/Library/Developer/Xcode/DerivedData/HealthApp-fjgvhltvryzvlufiayyipuiynnzt/Build/Intermediates.noindex/Pods.build/Debug-iphoneos/hermes-engine.build
    export TEMP_FILE_DIR\=/Users/tungstonlabs/Library/Developer/Xcode/DerivedData/HealthApp-fjgvhltvryzvlufiayyipuiynnzt/Build/Intermediates.noindex/Pods.build/Debug-iphoneos/hermes-engine.build
    export TEMP_ROOT\=/Users/tungstonlabs/Library/Developer/Xcode/DerivedData/HealthApp-fjgvhltvryzvlufiayyipuiynnzt/Build/Intermediates.noindex
    export TEMP_SANDBOX_DIR\=/Users/tungstonlabs/Library/Developer/Xcode/DerivedData/HealthApp-fjgvhltvryzvlufiayyipuiynnzt/Build/Intermediates.noindex/TemporaryTaskSandboxes
    export TEST_FRAMEWORK_SEARCH_PATHS\=\ /Applications/Xcode-26.app/Contents/Developer/Platforms/iPhoneOS.platform/Developer/Library/Frameworks\ /Applications/Xcode-26.app/Contents/Developer/Platforms/iPhoneOS.platform/Developer/SDKs/iPhoneOS26.4.sdk/Developer/Library/Frameworks
    export TEST_LIBRARY_SEARCH_PATHS\=\ /Applications/Xcode-26.app/Contents/Developer/Platforms/iPhoneOS.platform/Developer/usr/lib
    export TOOLCHAINS\=com.apple.dt.toolchain.XcodeDefault
    export TOOLCHAIN_DIR\=/Applications/Xcode-26.app/Contents/Developer/Toolchains/XcodeDefault.xctoolchain
    export TREAT_MISSING_BASELINES_AS_TEST_FAILURES\=NO
    export TREAT_MISSING_SCRIPT_PHASE_OUTPUTS_AS_ERRORS\=NO
    export UID\=501
    export UNINSTALLED_PRODUCTS_DIR\=/Users/tungstonlabs/Library/Developer/Xcode/DerivedData/HealthApp-fjgvhltvryzvlufiayyipuiynnzt/Build/Intermediates.noindex/UninstalledProducts
    export UNSTRIPPED_PRODUCT\=NO
    export USER\=tungstonlabs
    export USER_APPS_DIR\=/Users/tungstonlabs/Applications
    export USER_LIBRARY_DIR\=/Users/tungstonlabs/Library
    export USE_DYNAMIC_NO_PIC\=YES
    export USE_HEADERMAP\=YES
    export USE_HEADER_SYMLINKS\=NO
    export USE_HERMES\=true
    export USE_RECURSIVE_SCRIPT_INPUTS_IN_SCRIPT_PHASES\=YES
    export VALIDATE_DEVELOPMENT_ASSET_PATHS\=YES_ERROR
    export VALIDATE_PRODUCT\=NO
    export VALID_ARCHS\=arm64\ arm64e\ armv7\ armv7s
    export VERBOSE_PBXCP\=NO
    export VERSION_INFO_BUILDER\=tungstonlabs
    export VERSION_INFO_FILE\=hermes-engine_vers.c
    export VERSION_INFO_STRING\=\"@\(\#\)PROGRAM:hermes-engine\ \ PROJECT:Pods-\"
    export WORKSPACE_DIR\=/Users/tungstonlabs/Desktop/HealthApp-Mobile/ios
    export WRAP_ASSET_PACKS_IN_SEPARATE_DIRECTORIES\=NO
    export XCODE_APP_SUPPORT_DIR\=/Applications/Xcode-26.app/Contents/Developer/Library/Xcode
    export XCODE_PRODUCT_BUILD_VERSION\=17E202
    export XCODE_VERSION_ACTUAL\=2641
    export XCODE_VERSION_MAJOR\=2600
    export XCODE_VERSION_MINOR\=2640
    export XPCSERVICES_FOLDER_PATH\=/XPCServices
    export YACC\=yacc
    export _DISCOVER_COMMAND_LINE_LINKER_INPUTS\=YES
    export _DISCOVER_COMMAND_LINE_LINKER_INPUTS_INCLUDE_WL\=YES
    export _LD_MULTIARCH\=YES
    export __DIAGNOSE_DEPRECATED_ARCHS\=YES
    export __ORIGINAL_SDK_DEFINED_LLVM_TARGET_TRIPLE_SYS\=ios
    export arch\=undefined_arch
    export variant\=normal
    /bin/sh -c /Users/tungstonlabs/Library/Developer/Xcode/DerivedData/HealthApp-fjgvhltvryzvlufiayyipuiynnzt/Build/Intermediates.noindex/Pods.build/Debug-iphoneos/hermes-engine.build/Script-46EB2E00024C60.sh
Node found at: /Users/tungstonlabs/.nvm/versions/node/v20.19.6/bin/node
No previous build detected, but Debug Configuration. No need to replace Hermes engine

ProcessInfoPlistFile /Users/tungstonlabs/Library/Developer/Xcode/DerivedData/HealthApp-fjgvhltvryzvlufiayyipuiynnzt/Build/Products/Debug-iphoneos/glog/glog_privacy.bundle/Info.plist /Users/tungstonlabs/Desktop/HealthApp-Mobile/ios/Pods/Target\ Support\ Files/glog/ResourceBundle-glog_privacy-glog-Info.plist (in target 'glog-glog_privacy' from project 'Pods')
    cd /Users/tungstonlabs/Desktop/HealthApp-Mobile/ios/Pods
    builtin-infoPlistUtility /Users/tungstonlabs/Desktop/HealthApp-Mobile/ios/Pods/Target\ Support\ Files/glog/ResourceBundle-glog_privacy-glog-Info.plist -producttype com.apple.product-type.bundle -expandbuildsettings -format binary -platform iphoneos -requiredArchitecture arm64 -o /Users/tungstonlabs/Library/Developer/Xcode/DerivedData/HealthApp-fjgvhltvryzvlufiayyipuiynnzt/Build/Products/Debug-iphoneos/glog/glog_privacy.bundle/Info.plist

ProcessInfoPlistFile /Users/tungstonlabs/Library/Developer/Xcode/DerivedData/HealthApp-fjgvhltvryzvlufiayyipuiynnzt/Build/Products/Debug-iphoneos/React-cxxreact/React-cxxreact_privacy.bundle/Info.plist /Users/tungstonlabs/Desktop/HealthApp-Mobile/ios/Pods/Target\ Support\ Files/React-cxxreact/ResourceBundle-React-cxxreact_privacy-React-cxxreact-Info.plist (in target 'React-cxxreact-React-cxxreact_privacy' from project 'Pods')
    cd /Users/tungstonlabs/Desktop/HealthApp-Mobile/ios/Pods
    builtin-infoPlistUtility /Users/tungstonlabs/Desktop/HealthApp-Mobile/ios/Pods/Target\ Support\ Files/React-cxxreact/ResourceBundle-React-cxxreact_privacy-React-cxxreact-Info.plist -producttype com.apple.product-type.bundle -expandbuildsettings -format binary -platform iphoneos -requiredArchitecture arm64 -o /Users/tungstonlabs/Library/Developer/Xcode/DerivedData/HealthApp-fjgvhltvryzvlufiayyipuiynnzt/Build/Products/Debug-iphoneos/React-cxxreact/React-cxxreact_privacy.bundle/Info.plist

ProcessInfoPlistFile /Users/tungstonlabs/Library/Developer/Xcode/DerivedData/HealthApp-fjgvhltvryzvlufiayyipuiynnzt/Build/Products/Debug-iphoneos/boost/boost_privacy.bundle/Info.plist /Users/tungstonlabs/Desktop/HealthApp-Mobile/ios/Pods/Target\ Support\ Files/boost/ResourceBundle-boost_privacy-boost-Info.plist (in target 'boost-boost_privacy' from project 'Pods')
    cd /Users/tungstonlabs/Desktop/HealthApp-Mobile/ios/Pods
    builtin-infoPlistUtility /Users/tungstonlabs/Desktop/HealthApp-Mobile/ios/Pods/Target\ Support\ Files/boost/ResourceBundle-boost_privacy-boost-Info.plist -producttype com.apple.product-type.bundle -expandbuildsettings -format binary -platform iphoneos -requiredArchitecture arm64 -o /Users/tungstonlabs/Library/Developer/Xcode/DerivedData/HealthApp-fjgvhltvryzvlufiayyipuiynnzt/Build/Products/Debug-iphoneos/boost/boost_privacy.bundle/Info.plist

WriteAuxiliaryFile /Users/tungstonlabs/Library/Developer/Xcode/DerivedData/HealthApp-fjgvhltvryzvlufiayyipuiynnzt/Build/Intermediates.noindex/Pods.build/Debug-iphoneos/React-Fabric.build/React-Fabric.hmap (in target 'React-Fabric' from project 'Pods')
    cd /Users/tungstonlabs/Desktop/HealthApp-Mobile/ios/Pods
    write-file /Users/tungstonlabs/Library/Developer/Xcode/DerivedData/HealthApp-fjgvhltvryzvlufiayyipuiynnzt/Build/Intermediates.noindex/Pods.build/Debug-iphoneos/React-Fabric.build/React-Fabric.hmap

WriteAuxiliaryFile /Users/tungstonlabs/Library/Developer/Xcode/DerivedData/HealthApp-fjgvhltvryzvlufiayyipuiynnzt/Build/Intermediates.noindex/Pods.build/Debug-iphoneos/React-Fabric.build/React-Fabric.DependencyStaticMetadataFileList (in target 'React-Fabric' from project 'Pods')
    cd /Users/tungstonlabs/Desktop/HealthApp-Mobile/ios/Pods
    write-file /Users/tungstonlabs/Library/Developer/Xcode/DerivedData/HealthApp-fjgvhltvryzvlufiayyipuiynnzt/Build/Intermediates.noindex/Pods.build/Debug-iphoneos/React-Fabric.build/React-Fabric.DependencyStaticMetadataFileList

WriteAuxiliaryFile /Users/tungstonlabs/Library/Developer/Xcode/DerivedData/HealthApp-fjgvhltvryzvlufiayyipuiynnzt/Build/Intermediates.noindex/Pods.build/Debug-iphoneos/React-Fabric.build/React-Fabric.DependencyMetadataFileList (in target 'React-Fabric' from project 'Pods')
    cd /Users/tungstonlabs/Desktop/HealthApp-Mobile/ios/Pods
    write-file /Users/tungstonlabs/Library/Developer/Xcode/DerivedData/HealthApp-fjgvhltvryzvlufiayyipuiynnzt/Build/Intermediates.noindex/Pods.build/Debug-iphoneos/React-Fabric.build/React-Fabric.DependencyMetadataFileList

WriteAuxiliaryFile /Users/tungstonlabs/Library/Developer/Xcode/DerivedData/HealthApp-fjgvhltvryzvlufiayyipuiynnzt/Build/Intermediates.noindex/Pods.build/Debug-iphoneos/React-Fabric.build/React-Fabric-project-headers.hmap (in target 'React-Fabric' from project 'Pods')
    cd /Users/tungstonlabs/Desktop/HealthApp-Mobile/ios/Pods
    write-file /Users/tungstonlabs/Library/Developer/Xcode/DerivedData/HealthApp-fjgvhltvryzvlufiayyipuiynnzt/Build/Intermediates.noindex/Pods.build/Debug-iphoneos/React-Fabric.build/React-Fabric-project-headers.hmap

WriteAuxiliaryFile /Users/tungstonlabs/Library/Developer/Xcode/DerivedData/HealthApp-fjgvhltvryzvlufiayyipuiynnzt/Build/Intermediates.noindex/Pods.build/Debug-iphoneos/React-Fabric.build/React-Fabric-own-target-headers.hmap (in target 'React-Fabric' from project 'Pods')
    cd /Users/tungstonlabs/Desktop/HealthApp-Mobile/ios/Pods
    write-file /Users/tungstonlabs/Library/Developer/Xcode/DerivedData/HealthApp-fjgvhltvryzvlufiayyipuiynnzt/Build/Intermediates.noindex/Pods.build/Debug-iphoneos/React-Fabric.build/React-Fabric-own-target-headers.hmap

WriteAuxiliaryFile /Users/tungstonlabs/Library/Developer/Xcode/DerivedData/HealthApp-fjgvhltvryzvlufiayyipuiynnzt/Build/Intermediates.noindex/Pods.build/Debug-iphoneos/React-Fabric.build/React-Fabric-generated-files.hmap (in target 'React-Fabric' from project 'Pods')
    cd /Users/tungstonlabs/Desktop/HealthApp-Mobile/ios/Pods
    write-file /Users/tungstonlabs/Library/Developer/Xcode/DerivedData/HealthApp-fjgvhltvryzvlufiayyipuiynnzt/Build/Intermediates.noindex/Pods.build/Debug-iphoneos/React-Fabric.build/React-Fabric-generated-files.hmap

WriteAuxiliaryFile /Users/tungstonlabs/Library/Developer/Xcode/DerivedData/HealthApp-fjgvhltvryzvlufiayyipuiynnzt/Build/Intermediates.noindex/Pods.build/Debug-iphoneos/React-Fabric.build/React-Fabric-all-target-headers.hmap (in target 'React-Fabric' from project 'Pods')
    cd /Users/tungstonlabs/Desktop/HealthApp-Mobile/ios/Pods
    write-file /Users/tungstonlabs/Library/Developer/Xcode/DerivedData/HealthApp-fjgvhltvryzvlufiayyipuiynnzt/Build/Intermediates.noindex/Pods.build/Debug-iphoneos/React-Fabric.build/React-Fabric-all-target-headers.hmap

WriteAuxiliaryFile /Users/tungstonlabs/Library/Developer/Xcode/DerivedData/HealthApp-fjgvhltvryzvlufiayyipuiynnzt/Build/Intermediates.noindex/Pods.build/Debug-iphoneos/React-Fabric.build/React-Fabric-all-non-framework-target-headers.hmap (in target 'React-Fabric' from project 'Pods')
    cd /Users/tungstonlabs/Desktop/HealthApp-Mobile/ios/Pods
    write-file /Users/tungstonlabs/Library/Developer/Xcode/DerivedData/HealthApp-fjgvhltvryzvlufiayyipuiynnzt/Build/Intermediates.noindex/Pods.build/Debug-iphoneos/React-Fabric.build/React-Fabric-all-non-framework-target-headers.hmap

WriteAuxiliaryFile /Users/tungstonlabs/Library/Developer/Xcode/DerivedData/HealthApp-fjgvhltvryzvlufiayyipuiynnzt/Build/Intermediates.noindex/Pods.build/Debug-iphoneos/React-Fabric.build/Objects-normal/arm64/e6072d4f65d7061329687fe24e3d63a7-common-args.resp (in target 'React-Fabric' from project 'Pods')
    cd /Users/tungstonlabs/Desktop/HealthApp-Mobile/ios/Pods
    write-file /Users/tungstonlabs/Library/Developer/Xcode/DerivedData/HealthApp-fjgvhltvryzvlufiayyipuiynnzt/Build/Intermediates.noindex/Pods.build/Debug-iphoneos/React-Fabric.build/Objects-normal/arm64/e6072d4f65d7061329687fe24e3d63a7-common-args.resp
'-std=gnu11' -fobjc-arc -fmodules '-fmodules-cache-path=/Users/tungstonlabs/Library/Developer/Xcode/DerivedData/ModuleCache.noindex' '-fmodule-name=React_Fabric' -fpascal-strings -O0 -fno-common -pedantic '-DPOD_CONFIGURATION_DEBUG=1' '-DDEBUG=1' '-DCOCOAPODS=1' '-DOBJC_OLD_DISPATCH_PROTOTYPES=0' -g -iquote /Users/tungstonlabs/Library/Developer/Xcode/DerivedData/HealthApp-fjgvhltvryzvlufiayyipuiynnzt/Build/Intermediates.noindex/Pods.build/Debug-iphoneos/React-Fabric.build/React-Fabric-generated-files.hmap -I/Users/tungstonlabs/Library/Developer/Xcode/DerivedData/HealthApp-fjgvhltvryzvlufiayyipuiynnzt/Build/Intermediates.noindex/Pods.build/Debug-iphoneos/React-Fabric.build/React-Fabric-own-target-headers.hmap -I/Users/tungstonlabs/Library/Developer/Xcode/DerivedData/HealthApp-fjgvhltvryzvlufiayyipuiynnzt/Build/Intermediates.noindex/Pods.build/Debug-iphoneos/React-Fabric.build/React-Fabric-all-non-framework-target-headers.hmap -ivfsoverlay /Users/tungstonlabs/Library/Developer/Xcode/DerivedData/HealthApp-fjgvhltvryzvlufiayyipuiynnzt/Build/Intermediates.noindex/Pods.build/Debug-iphoneos/Pods-8699adb1dd336b26511df848a716bd42-VFS-iphoneos/all-product-headers.yaml -iquote /Users/tungstonlabs/Library/Developer/Xcode/DerivedData/HealthApp-fjgvhltvryzvlufiayyipuiynnzt/Build/Intermediates.noindex/Pods.build/Debug-iphoneos/React-Fabric.build/React-Fabric-project-headers.hmap -I/Users/tungstonlabs/Library/Developer/Xcode/DerivedData/HealthApp-fjgvhltvryzvlufiayyipuiynnzt/Build/Products/Debug-iphoneos/React-Fabric/include -I/Users/tungstonlabs/Desktop/HealthApp-Mobile/ios/Pods/Headers/Private -I/Users/tungstonlabs/Desktop/HealthApp-Mobile/ios/Pods/Headers/Private/React-Fabric -I/Users/tungstonlabs/Desktop/HealthApp-Mobile/ios/Pods/Headers/Public -I/Users/tungstonlabs/Desktop/HealthApp-Mobile/ios/Pods/Headers/Public/DoubleConversion -I/Users/tungstonlabs/Desktop/HealthApp-Mobile/ios/Pods/Headers/Public/FBLazyVector -I/Users/tungstonlabs/Desktop/HealthApp-Mobile/ios/Pods/Headers/Public/RCT-Folly -I/Users/tungstonlabs/Desktop/HealthApp-Mobile/ios/Pods/Headers/Public/RCTRequired -I/Users/tungstonlabs/Desktop/HealthApp-Mobile/ios/Pods/Headers/Public/RCTTypeSafety -I/Users/tungstonlabs/Desktop/HealthApp-Mobile/ios/Pods/Headers/Public/React-Core -I/Users/tungstonlabs/Desktop/HealthApp-Mobile/ios/Pods/Headers/Public/React-Fabric -I/Users/tungstonlabs/Desktop/HealthApp-Mobile/ios/Pods/Headers/Public/React-callinvoker -I/Users/tungstonlabs/Desktop/HealthApp-Mobile/ios/Pods/Headers/Public/React-cxxreact -I/Users/tungstonlabs/Desktop/HealthApp-Mobile/ios/Pods/Headers/Public/React-debug -I/Users/tungstonlabs/Desktop/HealthApp-Mobile/ios/Pods/Headers/Public/React-featureflags -I/Users/tungstonlabs/Desktop/HealthApp-Mobile/ios/Pods/Headers/Public/React-graphics -I/Users/tungstonlabs/Desktop/HealthApp-Mobile/ios/Pods/Headers/Public/React-hermes -I/Users/tungstonlabs/Desktop/HealthApp-Mobile/ios/Pods/Headers/Public/React-jsi -I/Users/tungstonlabs/Desktop/HealthApp-Mobile/ios/Pods/Headers/Public/React-jsiexecutor -I/Users/tungstonlabs/Desktop/HealthApp-Mobile/ios/Pods/Headers/Public/React-jsinspector -I/Users/tungstonlabs/Desktop/HealthApp-Mobile/ios/Pods/Headers/Public/React-jsinspectorcdp -I/Users/tungstonlabs/Desktop/HealthApp-Mobile/ios/Pods/Headers/Public/React-jsinspectornetwork -I/Users/tungstonlabs/Desktop/HealthApp-Mobile/ios/Pods/Headers/Public/React-jsinspectortracing -I/Users/tungstonlabs/Desktop/HealthApp-Mobile/ios/Pods/Headers/Public/React-jsitooling -I/Users/tungstonlabs/Desktop/HealthApp-Mobile/ios/Pods/Headers/Public/React-logger -I/Users/tungstonlabs/Desktop/HealthApp-Mobile/ios/Pods/Headers/Public/React-oscompat -I/Users/tungstonlabs/Desktop/HealthApp-Mobile/ios/Pods/Headers/Public/React-perflogger -I/Users/tungstonlabs/Desktop/HealthApp-Mobile/ios/Pods/Headers/Public/React-performancecdpmetrics -I/Users/tungstonlabs/Desktop/HealthApp-Mobile/ios/Pods/Headers/Public/React-performancetimeline -I/Users/tungstonlabs/Desktop/HealthApp-Mobile/ios/Pods/Headers/Public/React-rendererconsistency -I/Users/tungstonlabs/Desktop/HealthApp-Mobile/ios/Pods/Headers/Public/React-renderercss -I/Users/tungstonlabs/Desktop/HealthApp-Mobile/ios/Pods/Headers/Public/React-rendererdebug -I/Users/tungstonlabs/Desktop/HealthApp-Mobile/ios/Pods/Headers/Public/React-runtimeexecutor -I/Users/tungstonlabs/Desktop/HealthApp-Mobile/ios/Pods/Headers/Public/React-runtimescheduler -I/Users/tungstonlabs/Desktop/HealthApp-Mobile/ios/Pods/Headers/Public/React-timing -I/Users/tungstonlabs/Desktop/HealthApp-Mobile/ios/Pods/Headers/Public/React-utils -I/Users/tungstonlabs/Desktop/HealthApp-Mobile/ios/Pods/Headers/Public/ReactCommon -I/Users/tungstonlabs/Desktop/HealthApp-Mobile/ios/Pods/Headers/Public/Yoga -I/Users/tungstonlabs/Desktop/HealthApp-Mobile/ios/Pods/Headers/Public/boost -I/Users/tungstonlabs/Desktop/HealthApp-Mobile/ios/Pods/Headers/Public/fast_float -I/Users/tungstonlabs/Desktop/HealthApp-Mobile/ios/Pods/Headers/Public/fmt -I/Users/tungstonlabs/Desktop/HealthApp-Mobile/ios/Pods/Headers/Public/glog -I/Users/tungstonlabs/Desktop/HealthApp-Mobile/ios/Pods/Headers/Public/hermes-engine -I/Users/tungstonlabs/Library/Developer/Xcode/DerivedData/HealthApp-fjgvhltvryzvlufiayyipuiynnzt/Build/Products/Debug-iphoneos/React-runtimeexecutor/React_runtimeexecutor.framework/Headers -I/Users/tungstonlabs/Library/Developer/Xcode/DerivedData/HealthApp-fjgvhltvryzvlufiayyipuiynnzt/Build/Products/Debug-iphoneos/React-runtimeexecutor/React_runtimeexecutor.framework/Headers/platform/ios -I/Users/tungstonlabs/Library/Developer/Xcode/DerivedData/HealthApp-fjgvhltvryzvlufiayyipuiynnzt/Build/Products/Debug-iphoneos/React-rendererdebug/React_rendererdebug.framework/Headers -I/Users/tungstonlabs/Library/Developer/Xcode/DerivedData/HealthApp-fjgvhltvryzvlufiayyipuiynnzt/Build/Products/Debug-iphoneos/React-graphics/React_graphics.framework/Headers -I/Users/tungstonlabs/Library/Developer/Xcode/DerivedData/HealthApp-fjgvhltvryzvlufiayyipuiynnzt/Build/Products/Debug-iphoneos/React-graphics/React_graphics.framework/Headers/react/renderer/graphics/platform/ios -I/Users/tungstonlabs/Library/Developer/Xcode/DerivedData/HealthApp-fjgvhltvryzvlufiayyipuiynnzt/Build/Products/Debug-iphoneos/React-utils/React_utils.framework/Headers -I/Users/tungstonlabs/Library/Developer/Xcode/DerivedData/HealthApp-fjgvhltvryzvlufiayyipuiynnzt/Build/Products/Debug-iphoneos/React-utils/React_utils.framework/Headers/react/utils/platform/ios -I/Users/tungstonlabs/Desktop/HealthApp-Mobile/ios/Pods/glog -I/Users/tungstonlabs/Desktop/HealthApp-Mobile/ios/Pods/boost -I/Users/tungstonlabs/Desktop/HealthApp-Mobile/ios/Pods/DoubleConversion -I/Users/tungstonlabs/Desktop/HealthApp-Mobile/ios/Pods/fast_float/include -I/Users/tungstonlabs/Desktop/HealthApp-Mobile/ios/Pods/fmt/include -I/Users/tungstonlabs/Desktop/HealthApp-Mobile/ios/Pods/SocketRocket -I/Users/tungstonlabs/Desktop/HealthApp-Mobile/ios/Pods/RCT-Folly -I/Users/tungstonlabs/Library/Developer/Xcode/DerivedData/HealthApp-fjgvhltvryzvlufiayyipuiynnzt/Build/Products/Debug-iphoneos/React-runtimeexecutor/React_runtimeexecutor.framework/Headers -I/Users/tungstonlabs/Library/Developer/Xcode/DerivedData/HealthApp-fjgvhltvryzvlufiayyipuiynnzt/Build/Products/Debug-iphoneos/React-runtimeexecutor/React_runtimeexecutor.framework/Headers/platform/ios -I/Users/tungstonlabs/Library/Developer/Xcode/DerivedData/HealthApp-fjgvhltvryzvlufiayyipuiynnzt/Build/Products/Debug-iphoneos/React-rendererdebug/React_rendererdebug.framework/Headers -I/Users/tungstonlabs/Library/Developer/Xcode/DerivedData/HealthApp-fjgvhltvryzvlufiayyipuiynnzt/Build/Products/Debug-iphoneos/React-graphics/React_graphics.framework/Headers -I/Users/tungstonlabs/Library/Developer/Xcode/DerivedData/HealthApp-fjgvhltvryzvlufiayyipuiynnzt/Build/Products/Debug-iphoneos/React-graphics/React_graphics.framework/Headers/react/renderer/graphics/platform/ios -I/Users/tungstonlabs/Library/Developer/Xcode/DerivedData/HealthApp-fjgvhltvryzvlufiayyipuiynnzt/Build/Products/Debug-iphoneos/React-utils/React_utils.framework/Headers -I/Users/tungstonlabs/Library/Developer/Xcode/DerivedData/HealthApp-fjgvhltvryzvlufiayyipuiynnzt/Build/Products/Debug-iphoneos/React-utils/React_utils.framework/Headers/react/utils/platform/ios -I/Users/tungstonlabs/Desktop/HealthApp-Mobile/ios/Pods/glog -I/Users/tungstonlabs/Desktop/HealthApp-Mobile/ios/Pods/boost -I/Users/tungstonlabs/Desktop/HealthApp-Mobile/ios/Pods/DoubleConversion -I/Users/tungstonlabs/Desktop/HealthApp-Mobile/ios/Pods/fast_float/include -I/Users/tungstonlabs/Desktop/HealthApp-Mobile/ios/Pods/fmt/include -I/Users/tungstonlabs/Desktop/HealthApp-Mobile/ios/Pods/SocketRocket -I/Users/tungstonlabs/Desktop/HealthApp-Mobile/ios/Pods/RCT-Folly -I/Users/tungstonlabs/Desktop/HealthApp-Mobile/node_modules/react-native/ReactCommon/ReactCommon -I/Users/tungstonlabs/Desktop/HealthApp-Mobile/ios/Pods/Headers/Private/Yoga -I/Users/tungstonlabs/Desktop/HealthApp-Mobile/node_modules/react-native/ReactCommon -I/Users/tungstonlabs/Library/Developer/Xcode/DerivedData/HealthApp-fjgvhltvryzvlufiayyipuiynnzt/Build/Intermediates.noindex/Pods.build/Debug-iphoneos/React-Fabric.build/DerivedSources-normal/arm64 -I/Users/tungstonlabs/Library/Developer/Xcode/DerivedData/HealthApp-fjgvhltvryzvlufiayyipuiynnzt/Build/Intermediates.noindex/Pods.build/Debug-iphoneos/React-Fabric.build/DerivedSources/arm64 -I/Users/tungstonlabs/Library/Developer/Xcode/DerivedData/HealthApp-fjgvhltvryzvlufiayyipuiynnzt/Build/Intermediates.noindex/Pods.build/Debug-iphoneos/React-Fabric.build/DerivedSources -F/Users/tungstonlabs/Library/Developer/Xcode/DerivedData/HealthApp-fjgvhltvryzvlufiayyipuiynnzt/Build/Products/Debug-iphoneos/React-Fabric -F/Users/tungstonlabs/Desktop/HealthApp-Mobile/ios/Pods/hermes-engine/destroot/Library/Frameworks/universal -F/Users/tungstonlabs/Library/Developer/Xcode/DerivedData/HealthApp-fjgvhltvryzvlufiayyipuiynnzt/Build/Products/Debug-iphoneos/XCFrameworkIntermediates/hermes-engine/Pre-built '-fmodule-map-file=/Users/tungstonlabs/Desktop/HealthApp-Mobile/ios/Pods/Headers/Public/DoubleConversion/DoubleConversion.modulemap' '-fmodule-map-file=/Users/tungstonlabs/Desktop/HealthApp-Mobile/ios/Pods/Headers/Public/RCTDeprecation/RCTDeprecation.modulemap' '-fmodule-map-file=/Users/tungstonlabs/Desktop/HealthApp-Mobile/ios/Pods/Headers/Public/RCTTypeSafety/RCTTypeSafety.modulemap' '-fmodule-map-file=/Users/tungstonlabs/Desktop/HealthApp-Mobile/ios/Pods/Headers/Public/React/React-Core.modulemap' '-fmodule-map-file=/Users/tungstonlabs/Desktop/HealthApp-Mobile/ios/Pods/Headers/Public/ReactCommon/ReactCommon.modulemap' '-fmodule-map-file=/Users/tungstonlabs/Desktop/HealthApp-Mobile/ios/Pods/Headers/Public/React_runtimeexecutor/React-runtimeexecutor.modulemap' '-fmodule-map-file=/Users/tungstonlabs/Desktop/HealthApp-Mobile/ios/Pods/Headers/Public/SocketRocket/SocketRocket.modulemap' '-fmodule-map-file=/Users/tungstonlabs/Desktop/HealthApp-Mobile/ios/Pods/Headers/Public/fmt/fmt.modulemap' '-fmodule-map-file=/Users/tungstonlabs/Desktop/HealthApp-Mobile/ios/Pods/Headers/Public/folly/RCT-Folly.modulemap' '-fmodule-map-file=/Users/tungstonlabs/Desktop/HealthApp-Mobile/ios/Pods/Headers/Public/glog/glog.modulemap' '-fmodule-map-file=/Users/tungstonlabs/Desktop/HealthApp-Mobile/ios/Pods/Headers/Public/jsi/React-jsi.modulemap' '-fmodule-map-file=/Users/tungstonlabs/Desktop/HealthApp-Mobile/ios/Pods/Headers/Public/jsinspector_modern/React-jsinspector.modulemap' '-fmodule-map-file=/Users/tungstonlabs/Desktop/HealthApp-Mobile/ios/Pods/Headers/Public/jsinspector_modern_cdp/React-jsinspectorcdp.modulemap' '-fmodule-map-file=/Users/tungstonlabs/Desktop/HealthApp-Mobile/ios/Pods/Headers/Public/jsinspector_modern_network/React-jsinspectornetwork.modulemap' '-fmodule-map-file=/Users/tungstonlabs/Desktop/HealthApp-Mobile/ios/Pods/Headers/Public/jsinspector_modern_tracing/React-jsinspectortracing.modulemap' '-fmodule-map-file=/Users/tungstonlabs/Desktop/HealthApp-Mobile/ios/Pods/Headers/Public/react_debug/React-debug.modulemap' '-fmodule-map-file=/Users/tungstonlabs/Desktop/HealthApp-Mobile/ios/Pods/Headers/Public/react_featureflags/React-featureflags.modulemap' '-fmodule-map-file=/Users/tungstonlabs/Desktop/HealthApp-Mobile/ios/Pods/Headers/Public/react_renderer_css/React-renderercss.modulemap' '-fmodule-map-file=/Users/tungstonlabs/Desktop/HealthApp-Mobile/ios/Pods/Headers/Public/react_renderer_debug/React-rendererdebug.modulemap' '-fmodule-map-file=/Users/tungstonlabs/Desktop/HealthApp-Mobile/ios/Pods/Headers/Public/react_renderer_graphics/React-graphics.modulemap' '-fmodule-map-file=/Users/tungstonlabs/Desktop/HealthApp-Mobile/ios/Pods/Headers/Public/react_runtime/React-jsitooling.modulemap' '-fmodule-map-file=/Users/tungstonlabs/Desktop/HealthApp-Mobile/ios/Pods/Headers/Public/react_utils/React-utils.modulemap' '-fmodule-map-file=/Users/tungstonlabs/Desktop/HealthApp-Mobile/ios/Pods/Headers/Public/reacthermes/React-hermes.modulemap' '-fmodule-map-file=/Users/tungstonlabs/Desktop/HealthApp-Mobile/ios/Pods/Headers/Public/yoga/Yoga.modulemap'

WriteAuxiliaryFile /Users/tungstonlabs/Library/Developer/Xcode/DerivedData/HealthApp-fjgvhltvryzvlufiayyipuiynnzt/Build/Intermediates.noindex/Pods.build/Debug-iphoneos/React-Fabric.build/Objects-normal/arm64/af3fcb34312c57c0f52879cdce924b91-common-args.resp (in target 'React-Fabric' from project 'Pods')
    cd /Users/tungstonlabs/Desktop/HealthApp-Mobile/ios/Pods
    write-file /Users/tungstonlabs/Library/Developer/Xcode/DerivedData/HealthApp-fjgvhltvryzvlufiayyipuiynnzt/Build/Intermediates.noindex/Pods.build/Debug-iphoneos/React-Fabric.build/Objects-normal/arm64/af3fcb34312c57c0f52879cdce924b91-common-args.resp
'-std=c++20' '-stdlib=libc++' -fobjc-arc -fmodules -fno-cxx-modules '-fmodules-cache-path=/Users/tungstonlabs/Library/Developer/Xcode/DerivedData/ModuleCache.noindex' '-fmodule-name=React_Fabric' '-D_LIBCPP_HARDENING_MODE=_LIBCPP_HARDENING_MODE_DEBUG' -fpascal-strings -O0 -fno-common -pedantic '-DPOD_CONFIGURATION_DEBUG=1' '-DDEBUG=1' '-DCOCOAPODS=1' '-DOBJC_OLD_DISPATCH_PROTOTYPES=0' -g -iquote /Users/tungstonlabs/Library/Developer/Xcode/DerivedData/HealthApp-fjgvhltvryzvlufiayyipuiynnzt/Build/Intermediates.noindex/Pods.build/Debug-iphoneos/React-Fabric.build/React-Fabric-generated-files.hmap -I/Users/tungstonlabs/Library/Developer/Xcode/DerivedData/HealthApp-fjgvhltvryzvlufiayyipuiynnzt/Build/Intermediates.noindex/Pods.build/Debug-iphoneos/React-Fabric.build/React-Fabric-own-target-headers.hmap -I/Users/tungstonlabs/Library/Developer/Xcode/DerivedData/HealthApp-fjgvhltvryzvlufiayyipuiynnzt/Build/Intermediates.noindex/Pods.build/Debug-iphoneos/React-Fabric.build/React-Fabric-all-non-framework-target-headers.hmap -ivfsoverlay /Users/tungstonlabs/Library/Developer/Xcode/DerivedData/HealthApp-fjgvhltvryzvlufiayyipuiynnzt/Build/Intermediates.noindex/Pods.build/Debug-iphoneos/Pods-8699adb1dd336b26511df848a716bd42-VFS-iphoneos/all-product-headers.yaml -iquote /Users/tungstonlabs/Library/Developer/Xcode/DerivedData/HealthApp-fjgvhltvryzvlufiayyipuiynnzt/Build/Intermediates.noindex/Pods.build/Debug-iphoneos/React-Fabric.build/React-Fabric-project-headers.hmap -I/Users/tungstonlabs/Library/Developer/Xcode/DerivedData/HealthApp-fjgvhltvryzvlufiayyipuiynnzt/Build/Products/Debug-iphoneos/React-Fabric/include -I/Users/tungstonlabs/Desktop/HealthApp-Mobile/ios/Pods/Headers/Private -I/Users/tungstonlabs/Desktop/HealthApp-Mobile/ios/Pods/Headers/Private/React-Fabric -I/Users/tungstonlabs/Desktop/HealthApp-Mobile/ios/Pods/Headers/Public -I/Users/tungstonlabs/Desktop/HealthApp-Mobile/ios/Pods/Headers/Public/DoubleConversion -I/Users/tungstonlabs/Desktop/HealthApp-Mobile/ios/Pods/Headers/Public/FBLazyVector -I/Users/tungstonlabs/Desktop/HealthApp-Mobile/ios/Pods/Headers/Public/RCT-Folly -I/Users/tungstonlabs/Desktop/HealthApp-Mobile/ios/Pods/Headers/Public/RCTRequired -I/Users/tungstonlabs/Desktop/HealthApp-Mobile/ios/Pods/Headers/Public/RCTTypeSafety -I/Users/tungstonlabs/Desktop/HealthApp-Mobile/ios/Pods/Headers/Public/React-Core -I/Users/tungstonlabs/Desktop/HealthApp-Mobile/ios/Pods/Headers/Public/React-Fabric -I/Users/tungstonlabs/Desktop/HealthApp-Mobile/ios/Pods/Headers/Public/React-callinvoker -I/Users/tungstonlabs/Desktop/HealthApp-Mobile/ios/Pods/Headers/Public/React-cxxreact -I/Users/tungstonlabs/Desktop/HealthApp-Mobile/ios/Pods/Headers/Public/React-debug -I/Users/tungstonlabs/Desktop/HealthApp-Mobile/ios/Pods/Headers/Public/React-featureflags -I/Users/tungstonlabs/Desktop/HealthApp-Mobile/ios/Pods/Headers/Public/React-graphics -I/Users/tungstonlabs/Desktop/HealthApp-Mobile/ios/Pods/Headers/Public/React-hermes -I/Users/tungstonlabs/Desktop/HealthApp-Mobile/ios/Pods/Headers/Public/React-jsi -I/Users/tungstonlabs/Desktop/HealthApp-Mobile/ios/Pods/Headers/Public/React-jsiexecutor -I/Users/tungstonlabs/Desktop/HealthApp-Mobile/ios/Pods/Headers/Public/React-jsinspector -I/Users/tungstonlabs/Desktop/HealthApp-Mobile/ios/Pods/Headers/Public/React-jsinspectorcdp -I/Users/tungstonlabs/Desktop/HealthApp-Mobile/ios/Pods/Headers/Public/React-jsinspectornetwork -I/Users/tungstonlabs/Desktop/HealthApp-Mobile/ios/Pods/Headers/Public/React-jsinspectortracing -I/Users/tungstonlabs/Desktop/HealthApp-Mobile/ios/Pods/Headers/Public/React-jsitooling -I/Users/tungstonlabs/Desktop/HealthApp-Mobile/ios/Pods/Headers/Public/React-logger -I/Users/tungstonlabs/Desktop/HealthApp-Mobile/ios/Pods/Headers/Public/React-oscompat -I/Users/tungstonlabs/Desktop/HealthApp-Mobile/ios/Pods/Headers/Public/React-perflogger -I/Users/tungstonlabs/Desktop/HealthApp-Mobile/ios/Pods/Headers/Public/React-performancecdpmetrics -I/Users/tungstonlabs/Desktop/HealthApp-Mobile/ios/Pods/Headers/Public/React-performancetimeline -I/Users/tungstonlabs/Desktop/HealthApp-Mobile/ios/Pods/Headers/Public/React-rendererconsistency -I/Users/tungstonlabs/Desktop/HealthApp-Mobile/ios/Pods/Headers/Public/React-renderercss -I/Users/tungstonlabs/Desktop/HealthApp-Mobile/ios/Pods/Headers/Public/React-rendererdebug -I/Users/tungstonlabs/Desktop/HealthApp-Mobile/ios/Pods/Headers/Public/React-runtimeexecutor -I/Users/tungstonlabs/Desktop/HealthApp-Mobile/ios/Pods/Headers/Public/React-runtimescheduler -I/Users/tungstonlabs/Desktop/HealthApp-Mobile/ios/Pods/Headers/Public/React-timing -I/Users/tungstonlabs/Desktop/HealthApp-Mobile/ios/Pods/Headers/Public/React-utils -I/Users/tungstonlabs/Desktop/HealthApp-Mobile/ios/Pods/Headers/Public/ReactCommon -I/Users/tungstonlabs/Desktop/HealthApp-Mobile/ios/Pods/Headers/Public/Yoga -I/Users/tungstonlabs/Desktop/HealthApp-Mobile/ios/Pods/Headers/Public/boost -I/Users/tungstonlabs/Desktop/HealthApp-Mobile/ios/Pods/Headers/Public/fast_float -I/Users/tungstonlabs/Desktop/HealthApp-Mobile/ios/Pods/Headers/Public/fmt -I/Users/tungstonlabs/Desktop/HealthApp-Mobile/ios/Pods/Headers/Public/glog -I/Users/tungstonlabs/Desktop/HealthApp-Mobile/ios/Pods/Headers/Public/hermes-engine -I/Users/tungstonlabs/Library/Developer/Xcode/DerivedData/HealthApp-fjgvhltvryzvlufiayyipuiynnzt/Build/Products/Debug-iphoneos/React-runtimeexecutor/React_runtimeexecutor.framework/Headers -I/Users/tungstonlabs/Library/Developer/Xcode/DerivedData/HealthApp-fjgvhltvryzvlufiayyipuiynnzt/Build/Products/Debug-iphoneos/React-runtimeexecutor/React_runtimeexecutor.framework/Headers/platform/ios -I/Users/tungstonlabs/Library/Developer/Xcode/DerivedData/HealthApp-fjgvhltvryzvlufiayyipuiynnzt/Build/Products/Debug-iphoneos/React-rendererdebug/React_rendererdebug.framework/Headers -I/Users/tungstonlabs/Library/Developer/Xcode/DerivedData/HealthApp-fjgvhltvryzvlufiayyipuiynnzt/Build/Products/Debug-iphoneos/React-graphics/React_graphics.framework/Headers -I/Users/tungstonlabs/Library/Developer/Xcode/DerivedData/HealthApp-fjgvhltvryzvlufiayyipuiynnzt/Build/Products/Debug-iphoneos/React-graphics/React_graphics.framework/Headers/react/renderer/graphics/platform/ios -I/Users/tungstonlabs/Library/Developer/Xcode/DerivedData/HealthApp-fjgvhltvryzvlufiayyipuiynnzt/Build/Products/Debug-iphoneos/React-utils/React_utils.framework/Headers -I/Users/tungstonlabs/Library/Developer/Xcode/DerivedData/HealthApp-fjgvhltvryzvlufiayyipuiynnzt/Build/Products/Debug-iphoneos/React-utils/React_utils.framework/Headers/react/utils/platform/ios -I/Users/tungstonlabs/Desktop/HealthApp-Mobile/ios/Pods/glog -I/Users/tungstonlabs/Desktop/HealthApp-Mobile/ios/Pods/boost -I/Users/tungstonlabs/Desktop/HealthApp-Mobile/ios/Pods/DoubleConversion -I/Users/tungstonlabs/Desktop/HealthApp-Mobile/ios/Pods/fast_float/include -I/Users/tungstonlabs/Desktop/HealthApp-Mobile/ios/Pods/fmt/include -I/Users/tungstonlabs/Desktop/HealthApp-Mobile/ios/Pods/SocketRocket -I/Users/tungstonlabs/Desktop/HealthApp-Mobile/ios/Pods/RCT-Folly -I/Users/tungstonlabs/Library/Developer/Xcode/DerivedData/HealthApp-fjgvhltvryzvlufiayyipuiynnzt/Build/Products/Debug-iphoneos/React-runtimeexecutor/React_runtimeexecutor.framework/Headers -I/Users/tungstonlabs/Library/Developer/Xcode/DerivedData/HealthApp-fjgvhltvryzvlufiayyipuiynnzt/Build/Products/Debug-iphoneos/React-runtimeexecutor/React_runtimeexecutor.framework/Headers/platform/ios -I/Users/tungstonlabs/Library/Developer/Xcode/DerivedData/HealthApp-fjgvhltvryzvlufiayyipuiynnzt/Build/Products/Debug-iphoneos/React-rendererdebug/React_rendererdebug.framework/Headers -I/Users/tungstonlabs/Library/Developer/Xcode/DerivedData/HealthApp-fjgvhltvryzvlufiayyipuiynnzt/Build/Products/Debug-iphoneos/React-graphics/React_graphics.framework/Headers -I/Users/tungstonlabs/Library/Developer/Xcode/DerivedData/HealthApp-fjgvhltvryzvlufiayyipuiynnzt/Build/Products/Debug-iphoneos/React-graphics/React_graphics.framework/Headers/react/renderer/graphics/platform/ios -I/Users/tungstonlabs/Library/Developer/Xcode/DerivedData/HealthApp-fjgvhltvryzvlufiayyipuiynnzt/Build/Products/Debug-iphoneos/React-utils/React_utils.framework/Headers -I/Users/tungstonlabs/Library/Developer/Xcode/DerivedData/HealthApp-fjgvhltvryzvlufiayyipuiynnzt/Build/Products/Debug-iphoneos/React-utils/React_utils.framework/Headers/react/utils/platform/ios -I/Users/tungstonlabs/Desktop/HealthApp-Mobile/ios/Pods/glog -I/Users/tungstonlabs/Desktop/HealthApp-Mobile/ios/Pods/boost -I/Users/tungstonlabs/Desktop/HealthApp-Mobile/ios/Pods/DoubleConversion -I/Users/tungstonlabs/Desktop/HealthApp-Mobile/ios/Pods/fast_float/include -I/Users/tungstonlabs/Desktop/HealthApp-Mobile/ios/Pods/fmt/include -I/Users/tungstonlabs/Desktop/HealthApp-Mobile/ios/Pods/SocketRocket -I/Users/tungstonlabs/Desktop/HealthApp-Mobile/ios/Pods/RCT-Folly -I/Users/tungstonlabs/Desktop/HealthApp-Mobile/node_modules/react-native/ReactCommon/ReactCommon -I/Users/tungstonlabs/Desktop/HealthApp-Mobile/ios/Pods/Headers/Private/Yoga -I/Users/tungstonlabs/Desktop/HealthApp-Mobile/node_modules/react-native/ReactCommon -I/Users/tungstonlabs/Library/Developer/Xcode/DerivedData/HealthApp-fjgvhltvryzvlufiayyipuiynnzt/Build/Intermediates.noindex/Pods.build/Debug-iphoneos/React-Fabric.build/DerivedSources-normal/arm64 -I/Users/tungstonlabs/Library/Developer/Xcode/DerivedData/HealthApp-fjgvhltvryzvlufiayyipuiynnzt/Build/Intermediates.noindex/Pods.build/Debug-iphoneos/React-Fabric.build/DerivedSources/arm64 -I/Users/tungstonlabs/Library/Developer/Xcode/DerivedData/HealthApp-fjgvhltvryzvlufiayyipuiynnzt/Build/Intermediates.noindex/Pods.build/Debug-iphoneos/React-Fabric.build/DerivedSources -F/Users/tungstonlabs/Library/Developer/Xcode/DerivedData/HealthApp-fjgvhltvryzvlufiayyipuiynnzt/Build/Products/Debug-iphoneos/React-Fabric -F/Users/tungstonlabs/Desktop/HealthApp-Mobile/ios/Pods/hermes-engine/destroot/Library/Frameworks/universal -F/Users/tungstonlabs/Library/Developer/Xcode/DerivedData/HealthApp-fjgvhltvryzvlufiayyipuiynnzt/Build/Products/Debug-iphoneos/XCFrameworkIntermediates/hermes-engine/Pre-built '-fmodule-map-file=/Users/tungstonlabs/Desktop/HealthApp-Mobile/ios/Pods/Headers/Public/DoubleConversion/DoubleConversion.modulemap' '-fmodule-map-file=/Users/tungstonlabs/Desktop/HealthApp-Mobile/ios/Pods/Headers/Public/RCTDeprecation/RCTDeprecation.modulemap' '-fmodule-map-file=/Users/tungstonlabs/Desktop/HealthApp-Mobile/ios/Pods/Headers/Public/RCTTypeSafety/RCTTypeSafety.modulemap' '-fmodule-map-file=/Users/tungstonlabs/Desktop/HealthApp-Mobile/ios/Pods/Headers/Public/React/React-Core.modulemap' '-fmodule-map-file=/Users/tungstonlabs/Desktop/HealthApp-Mobile/ios/Pods/Headers/Public/ReactCommon/ReactCommon.modulemap' '-fmodule-map-file=/Users/tungstonlabs/Desktop/HealthApp-Mobile/ios/Pods/Headers/Public/React_runtimeexecutor/React-runtimeexecutor.modulemap' '-fmodule-map-file=/Users/tungstonlabs/Desktop/HealthApp-Mobile/ios/Pods/Headers/Public/SocketRocket/SocketRocket.modulemap' '-fmodule-map-file=/Users/tungstonlabs/Desktop/HealthApp-Mobile/ios/Pods/Headers/Public/fmt/fmt.modulemap' '-fmodule-map-file=/Users/tungstonlabs/Desktop/HealthApp-Mobile/ios/Pods/Headers/Public/folly/RCT-Folly.modulemap' '-fmodule-map-file=/Users/tungstonlabs/Desktop/HealthApp-Mobile/ios/Pods/Headers/Public/glog/glog.modulemap' '-fmodule-map-file=/Users/tungstonlabs/Desktop/HealthApp-Mobile/ios/Pods/Headers/Public/jsi/React-jsi.modulemap' '-fmodule-map-file=/Users/tungstonlabs/Desktop/HealthApp-Mobile/ios/Pods/Headers/Public/jsinspector_modern/React-jsinspector.modulemap' '-fmodule-map-file=/Users/tungstonlabs/Desktop/HealthApp-Mobile/ios/Pods/Headers/Public/jsinspector_modern_cdp/React-jsinspectorcdp.modulemap' '-fmodule-map-file=/Users/tungstonlabs/Desktop/HealthApp-Mobile/ios/Pods/Headers/Public/jsinspector_modern_network/React-jsinspectornetwork.modulemap' '-fmodule-map-file=/Users/tungstonlabs/Desktop/HealthApp-Mobile/ios/Pods/Headers/Public/jsinspector_modern_tracing/React-jsinspectortracing.modulemap' '-fmodule-map-file=/Users/tungstonlabs/Desktop/HealthApp-Mobile/ios/Pods/Headers/Public/react_debug/React-debug.modulemap' '-fmodule-map-file=/Users/tungstonlabs/Desktop/HealthApp-Mobile/ios/Pods/Headers/Public/react_featureflags/React-featureflags.modulemap' '-fmodule-map-file=/Users/tungstonlabs/Desktop/HealthApp-Mobile/ios/Pods/Headers/Public/react_renderer_css/React-renderercss.modulemap' '-fmodule-map-file=/Users/tungstonlabs/Desktop/HealthApp-Mobile/ios/Pods/Headers/Public/react_renderer_debug/React-rendererdebug.modulemap' '-fmodule-map-file=/Users/tungstonlabs/Desktop/HealthApp-Mobile/ios/Pods/Headers/Public/react_renderer_graphics/React-graphics.modulemap' '-fmodule-map-file=/Users/tungstonlabs/Desktop/HealthApp-Mobile/ios/Pods/Headers/Public/react_runtime/React-jsitooling.modulemap' '-fmodule-map-file=/Users/tungstonlabs/Desktop/HealthApp-Mobile/ios/Pods/Headers/Public/react_utils/React-utils.modulemap' '-fmodule-map-file=/Users/tungstonlabs/Desktop/HealthApp-Mobile/ios/Pods/Headers/Public/reacthermes/React-hermes.modulemap' '-fmodule-map-file=/Users/tungstonlabs/Desktop/HealthApp-Mobile/ios/Pods/Headers/Public/yoga/Yoga.modulemap'

WriteAuxiliaryFile /Users/tungstonlabs/Library/Developer/Xcode/DerivedData/HealthApp-fjgvhltvryzvlufiayyipuiynnzt/Build/Intermediates.noindex/Pods.build/Debug-iphoneos/React-Fabric.build/Objects-normal/arm64/React-Fabric.LinkFileList (in target 'React-Fabric' from project 'Pods')
    cd /Users/tungstonlabs/Desktop/HealthApp-Mobile/ios/Pods
    write-file /Users/tungstonlabs/Library/Developer/Xcode/DerivedData/HealthApp-fjgvhltvryzvlufiayyipuiynnzt/Build/Intermediates.noindex/Pods.build/Debug-iphoneos/React-Fabric.build/Objects-normal/arm64/React-Fabric.LinkFileList

WriteAuxiliaryFile /Users/tungstonlabs/Library/Developer/Xcode/DerivedData/HealthApp-fjgvhltvryzvlufiayyipuiynnzt/Build/Intermediates.noindex/Pods.build/Debug-iphoneos/React-Fabric.build/Objects-normal/arm64/82b82416624d2658e5098eb0a28c15c5-common-args.resp (in target 'React-Fabric' from project 'Pods')
    cd /Users/tungstonlabs/Desktop/HealthApp-Mobile/ios/Pods
    write-file /Users/tungstonlabs/Library/Developer/Xcode/DerivedData/HealthApp-fjgvhltvryzvlufiayyipuiynnzt/Build/Intermediates.noindex/Pods.build/Debug-iphoneos/React-Fabric.build/Objects-normal/arm64/82b82416624d2658e5098eb0a28c15c5-common-args.resp
'-std=c++20' '-stdlib=libc++' -fmodules -fno-cxx-modules '-fmodules-cache-path=/Users/tungstonlabs/Library/Developer/Xcode/DerivedData/ModuleCache.noindex' '-fmodule-name=React_Fabric' '-D_LIBCPP_HARDENING_MODE=_LIBCPP_HARDENING_MODE_DEBUG' -fpascal-strings -O0 -fno-common -pedantic '-DPOD_CONFIGURATION_DEBUG=1' '-DDEBUG=1' '-DCOCOAPODS=1' -g -iquote /Users/tungstonlabs/Library/Developer/Xcode/DerivedData/HealthApp-fjgvhltvryzvlufiayyipuiynnzt/Build/Intermediates.noindex/Pods.build/Debug-iphoneos/React-Fabric.build/React-Fabric-generated-files.hmap -I/Users/tungstonlabs/Library/Developer/Xcode/DerivedData/HealthApp-fjgvhltvryzvlufiayyipuiynnzt/Build/Intermediates.noindex/Pods.build/Debug-iphoneos/React-Fabric.build/React-Fabric-own-target-headers.hmap -I/Users/tungstonlabs/Library/Developer/Xcode/DerivedData/HealthApp-fjgvhltvryzvlufiayyipuiynnzt/Build/Intermediates.noindex/Pods.build/Debug-iphoneos/React-Fabric.build/React-Fabric-all-non-framework-target-headers.hmap -ivfsoverlay /Users/tungstonlabs/Library/Developer/Xcode/DerivedData/HealthApp-fjgvhltvryzvlufiayyipuiynnzt/Build/Intermediates.noindex/Pods.build/Debug-iphoneos/Pods-8699adb1dd336b26511df848a716bd42-VFS-iphoneos/all-product-headers.yaml -iquote /Users/tungstonlabs/Library/Developer/Xcode/DerivedData/HealthApp-fjgvhltvryzvlufiayyipuiynnzt/Build/Intermediates.noindex/Pods.build/Debug-iphoneos/React-Fabric.build/React-Fabric-project-headers.hmap -I/Users/tungstonlabs/Library/Developer/Xcode/DerivedData/HealthApp-fjgvhltvryzvlufiayyipuiynnzt/Build/Products/Debug-iphoneos/React-Fabric/include -I/Users/tungstonlabs/Desktop/HealthApp-Mobile/ios/Pods/Headers/Private -I/Users/tungstonlabs/Desktop/HealthApp-Mobile/ios/Pods/Headers/Private/React-Fabric -I/Users/tungstonlabs/Desktop/HealthApp-Mobile/ios/Pods/Headers/Public -I/Users/tungstonlabs/Desktop/HealthApp-Mobile/ios/Pods/Headers/Public/DoubleConversion -I/Users/tungstonlabs/Desktop/HealthApp-Mobile/ios/Pods/Headers/Public/FBLazyVector -I/Users/tungstonlabs/Desktop/HealthApp-Mobile/ios/Pods/Headers/Public/RCT-Folly -I/Users/tungstonlabs/Desktop/HealthApp-Mobile/ios/Pods/Headers/Public/RCTRequired -I/Users/tungstonlabs/Desktop/HealthApp-Mobile/ios/Pods/Headers/Public/RCTTypeSafety -I/Users/tungstonlabs/Desktop/HealthApp-Mobile/ios/Pods/Headers/Public/React-Core -I/Users/tungstonlabs/Desktop/HealthApp-Mobile/ios/Pods/Headers/Public/React-Fabric -I/Users/tungstonlabs/Desktop/HealthApp-Mobile/ios/Pods/Headers/Public/React-callinvoker -I/Users/tungstonlabs/Desktop/HealthApp-Mobile/ios/Pods/Headers/Public/React-cxxreact -I/Users/tungstonlabs/Desktop/HealthApp-Mobile/ios/Pods/Headers/Public/React-debug -I/Users/tungstonlabs/Desktop/HealthApp-Mobile/ios/Pods/Headers/Public/React-featureflags -I/Users/tungstonlabs/Desktop/HealthApp-Mobile/ios/Pods/Headers/Public/React-graphics -I/Users/tungstonlabs/Desktop/HealthApp-Mobile/ios/Pods/Headers/Public/React-hermes -I/Users/tungstonlabs/Desktop/HealthApp-Mobile/ios/Pods/Headers/Public/React-jsi -I/Users/tungstonlabs/Desktop/HealthApp-Mobile/ios/Pods/Headers/Public/React-jsiexecutor -I/Users/tungstonlabs/Desktop/HealthApp-Mobile/ios/Pods/Headers/Public/React-jsinspector -I/Users/tungstonlabs/Desktop/HealthApp-Mobile/ios/Pods/Headers/Public/React-jsinspectorcdp -I/Users/tungstonlabs/Desktop/HealthApp-Mobile/ios/Pods/Headers/Public/React-jsinspectornetwork -I/Users/tungstonlabs/Desktop/HealthApp-Mobile/ios/Pods/Headers/Public/React-jsinspectortracing -I/Users/tungstonlabs/Desktop/HealthApp-Mobile/ios/Pods/Headers/Public/React-jsitooling -I/Users/tungstonlabs/Desktop/HealthApp-Mobile/ios/Pods/Headers/Public/React-logger -I/Users/tungstonlabs/Desktop/HealthApp-Mobile/ios/Pods/Headers/Public/React-oscompat -I/Users/tungstonlabs/Desktop/HealthApp-Mobile/ios/Pods/Headers/Public/React-perflogger -I/Users/tungstonlabs/Desktop/HealthApp-Mobile/ios/Pods/Headers/Public/React-performancecdpmetrics -I/Users/tungstonlabs/Desktop/HealthApp-Mobile/ios/Pods/Headers/Public/React-performancetimeline -I/Users/tungstonlabs/Desktop/HealthApp-Mobile/ios/Pods/Headers/Public/React-rendererconsistency -I/Users/tungstonlabs/Desktop/HealthApp-Mobile/ios/Pods/Headers/Public/React-renderercss -I/Users/tungstonlabs/Desktop/HealthApp-Mobile/ios/Pods/Headers/Public/React-rendererdebug -I/Users/tungstonlabs/Desktop/HealthApp-Mobile/ios/Pods/Headers/Public/React-runtimeexecutor -I/Users/tungstonlabs/Desktop/HealthApp-Mobile/ios/Pods/Headers/Public/React-runtimescheduler -I/Users/tungstonlabs/Desktop/HealthApp-Mobile/ios/Pods/Headers/Public/React-timing -I/Users/tungstonlabs/Desktop/HealthApp-Mobile/ios/Pods/Headers/Public/React-utils -I/Users/tungstonlabs/Desktop/HealthApp-Mobile/ios/Pods/Headers/Public/ReactCommon -I/Users/tungstonlabs/Desktop/HealthApp-Mobile/ios/Pods/Headers/Public/Yoga -I/Users/tungstonlabs/Desktop/HealthApp-Mobile/ios/Pods/Headers/Public/boost -I/Users/tungstonlabs/Desktop/HealthApp-Mobile/ios/Pods/Headers/Public/fast_float -I/Users/tungstonlabs/Desktop/HealthApp-Mobile/ios/Pods/Headers/Public/fmt -I/Users/tungstonlabs/Desktop/HealthApp-Mobile/ios/Pods/Headers/Public/glog -I/Users/tungstonlabs/Desktop/HealthApp-Mobile/ios/Pods/Headers/Public/hermes-engine -I/Users/tungstonlabs/Library/Developer/Xcode/DerivedData/HealthApp-fjgvhltvryzvlufiayyipuiynnzt/Build/Products/Debug-iphoneos/React-runtimeexecutor/React_runtimeexecutor.framework/Headers -I/Users/tungstonlabs/Library/Developer/Xcode/DerivedData/HealthApp-fjgvhltvryzvlufiayyipuiynnzt/Build/Products/Debug-iphoneos/React-runtimeexecutor/React_runtimeexecutor.framework/Headers/platform/ios -I/Users/tungstonlabs/Library/Developer/Xcode/DerivedData/HealthApp-fjgvhltvryzvlufiayyipuiynnzt/Build/Products/Debug-iphoneos/React-rendererdebug/React_rendererdebug.framework/Headers -I/Users/tungstonlabs/Library/Developer/Xcode/DerivedData/HealthApp-fjgvhltvryzvlufiayyipuiynnzt/Build/Products/Debug-iphoneos/React-graphics/React_graphics.framework/Headers -I/Users/tungstonlabs/Library/Developer/Xcode/DerivedData/HealthApp-fjgvhltvryzvlufiayyipuiynnzt/Build/Products/Debug-iphoneos/React-graphics/React_graphics.framework/Headers/react/renderer/graphics/platform/ios -I/Users/tungstonlabs/Library/Developer/Xcode/DerivedData/HealthApp-fjgvhltvryzvlufiayyipuiynnzt/Build/Products/Debug-iphoneos/React-utils/React_utils.framework/Headers -I/Users/tungstonlabs/Library/Developer/Xcode/DerivedData/HealthApp-fjgvhltvryzvlufiayyipuiynnzt/Build/Products/Debug-iphoneos/React-utils/React_utils.framework/Headers/react/utils/platform/ios -I/Users/tungstonlabs/Desktop/HealthApp-Mobile/ios/Pods/glog -I/Users/tungstonlabs/Desktop/HealthApp-Mobile/ios/Pods/boost -I/Users/tungstonlabs/Desktop/HealthApp-Mobile/ios/Pods/DoubleConversion -I/Users/tungstonlabs/Desktop/HealthApp-Mobile/ios/Pods/fast_float/include -I/Users/tungstonlabs/Desktop/HealthApp-Mobile/ios/Pods/fmt/include -I/Users/tungstonlabs/Desktop/HealthApp-Mobile/ios/Pods/SocketRocket -I/Users/tungstonlabs/Desktop/HealthApp-Mobile/ios/Pods/RCT-Folly -I/Users/tungstonlabs/Library/Developer/Xcode/DerivedData/HealthApp-fjgvhltvryzvlufiayyipuiynnzt/Build/Products/Debug-iphoneos/React-runtimeexecutor/React_runtimeexecutor.framework/Headers -I/Users/tungstonlabs/Library/Developer/Xcode/DerivedData/HealthApp-fjgvhltvryzvlufiayyipuiynnzt/Build/Products/Debug-iphoneos/React-runtimeexecutor/React_runtimeexecutor.framework/Headers/platform/ios -I/Users/tungstonlabs/Library/Developer/Xcode/DerivedData/HealthApp-fjgvhltvryzvlufiayyipuiynnzt/Build/Products/Debug-iphoneos/React-rendererdebug/React_rendererdebug.framework/Headers -I/Users/tungstonlabs/Library/Developer/Xcode/DerivedData/HealthApp-fjgvhltvryzvlufiayyipuiynnzt/Build/Products/Debug-iphoneos/React-graphics/React_graphics.framework/Headers -I/Users/tungstonlabs/Library/Developer/Xcode/DerivedData/HealthApp-fjgvhltvryzvlufiayyipuiynnzt/Build/Products/Debug-iphoneos/React-graphics/React_graphics.framework/Headers/react/renderer/graphics/platform/ios -I/Users/tungstonlabs/Library/Developer/Xcode/DerivedData/HealthApp-fjgvhltvryzvlufiayyipuiynnzt/Build/Products/Debug-iphoneos/React-utils/React_utils.framework/Headers -I/Users/tungstonlabs/Library/Developer/Xcode/DerivedData/HealthApp-fjgvhltvryzvlufiayyipuiynnzt/Build/Products/Debug-iphoneos/React-utils/React_utils.framework/Headers/react/utils/platform/ios -I/Users/tungstonlabs/Desktop/HealthApp-Mobile/ios/Pods/glog -I/Users/tungstonlabs/Desktop/HealthApp-Mobile/ios/Pods/boost -I/Users/tungstonlabs/Desktop/HealthApp-Mobile/ios/Pods/DoubleConversion -I/Users/tungstonlabs/Desktop/HealthApp-Mobile/ios/Pods/fast_float/include -I/Users/tungstonlabs/Desktop/HealthApp-Mobile/ios/Pods/fmt/include -I/Users/tungstonlabs/Desktop/HealthApp-Mobile/ios/Pods/SocketRocket -I/Users/tungstonlabs/Desktop/HealthApp-Mobile/ios/Pods/RCT-Folly -I/Users/tungstonlabs/Desktop/HealthApp-Mobile/node_modules/react-native/ReactCommon/ReactCommon -I/Users/tungstonlabs/Desktop/HealthApp-Mobile/ios/Pods/Headers/Private/Yoga -I/Users/tungstonlabs/Desktop/HealthApp-Mobile/node_modules/react-native/ReactCommon -I/Users/tungstonlabs/Library/Developer/Xcode/DerivedData/HealthApp-fjgvhltvryzvlufiayyipuiynnzt/Build/Intermediates.noindex/Pods.build/Debug-iphoneos/React-Fabric.build/DerivedSources-normal/arm64 -I/Users/tungstonlabs/Library/Developer/Xcode/DerivedData/HealthApp-fjgvhltvryzvlufiayyipuiynnzt/Build/Intermediates.noindex/Pods.build/Debug-iphoneos/React-Fabric.build/DerivedSources/arm64 -I/Users/tungstonlabs/Library/Developer/Xcode/DerivedData/HealthApp-fjgvhltvryzvlufiayyipuiynnzt/Build/Intermediates.noindex/Pods.build/Debug-iphoneos/React-Fabric.build/DerivedSources -F/Users/tungstonlabs/Library/Developer/Xcode/DerivedData/HealthApp-fjgvhltvryzvlufiayyipuiynnzt/Build/Products/Debug-iphoneos/React-Fabric -F/Users/tungstonlabs/Desktop/HealthApp-Mobile/ios/Pods/hermes-engine/destroot/Library/Frameworks/universal -F/Users/tungstonlabs/Library/Developer/Xcode/DerivedData/HealthApp-fjgvhltvryzvlufiayyipuiynnzt/Build/Products/Debug-iphoneos/XCFrameworkIntermediates/hermes-engine/Pre-built '-fmodule-map-file=/Users/tungstonlabs/Desktop/HealthApp-Mobile/ios/Pods/Headers/Public/DoubleConversion/DoubleConversion.modulemap' '-fmodule-map-file=/Users/tungstonlabs/Desktop/HealthApp-Mobile/ios/Pods/Headers/Public/RCTDeprecation/RCTDeprecation.modulemap' '-fmodule-map-file=/Users/tungstonlabs/Desktop/HealthApp-Mobile/ios/Pods/Headers/Public/RCTTypeSafety/RCTTypeSafety.modulemap' '-fmodule-map-file=/Users/tungstonlabs/Desktop/HealthApp-Mobile/ios/Pods/Headers/Public/React/React-Core.modulemap' '-fmodule-map-file=/Users/tungstonlabs/Desktop/HealthApp-Mobile/ios/Pods/Headers/Public/ReactCommon/ReactCommon.modulemap' '-fmodule-map-file=/Users/tungstonlabs/Desktop/HealthApp-Mobile/ios/Pods/Headers/Public/React_runtimeexecutor/React-runtimeexecutor.modulemap' '-fmodule-map-file=/Users/tungstonlabs/Desktop/HealthApp-Mobile/ios/Pods/Headers/Public/SocketRocket/SocketRocket.modulemap' '-fmodule-map-file=/Users/tungstonlabs/Desktop/HealthApp-Mobile/ios/Pods/Headers/Public/fmt/fmt.modulemap' '-fmodule-map-file=/Users/tungstonlabs/Desktop/HealthApp-Mobile/ios/Pods/Headers/Public/folly/RCT-Folly.modulemap' '-fmodule-map-file=/Users/tungstonlabs/Desktop/HealthApp-Mobile/ios/Pods/Headers/Public/glog/glog.modulemap' '-fmodule-map-file=/Users/tungstonlabs/Desktop/HealthApp-Mobile/ios/Pods/Headers/Public/jsi/React-jsi.modulemap' '-fmodule-map-file=/Users/tungstonlabs/Desktop/HealthApp-Mobile/ios/Pods/Headers/Public/jsinspector_modern/React-jsinspector.modulemap' '-fmodule-map-file=/Users/tungstonlabs/Desktop/HealthApp-Mobile/ios/Pods/Headers/Public/jsinspector_modern_cdp/React-jsinspectorcdp.modulemap' '-fmodule-map-file=/Users/tungstonlabs/Desktop/HealthApp-Mobile/ios/Pods/Headers/Public/jsinspector_modern_network/React-jsinspectornetwork.modulemap' '-fmodule-map-file=/Users/tungstonlabs/Desktop/HealthApp-Mobile/ios/Pods/Headers/Public/jsinspector_modern_tracing/React-jsinspectortracing.modulemap' '-fmodule-map-file=/Users/tungstonlabs/Desktop/HealthApp-Mobile/ios/Pods/Headers/Public/react_debug/React-debug.modulemap' '-fmodule-map-file=/Users/tungstonlabs/Desktop/HealthApp-Mobile/ios/Pods/Headers/Public/react_featureflags/React-featureflags.modulemap' '-fmodule-map-file=/Users/tungstonlabs/Desktop/HealthApp-Mobile/ios/Pods/Headers/Public/react_renderer_css/React-renderercss.modulemap' '-fmodule-map-file=/Users/tungstonlabs/Desktop/HealthApp-Mobile/ios/Pods/Headers/Public/react_renderer_debug/React-rendererdebug.modulemap' '-fmodule-map-file=/Users/tungstonlabs/Desktop/HealthApp-Mobile/ios/Pods/Headers/Public/react_renderer_graphics/React-graphics.modulemap' '-fmodule-map-file=/Users/tungstonlabs/Desktop/HealthApp-Mobile/ios/Pods/Headers/Public/react_runtime/React-jsitooling.modulemap' '-fmodule-map-file=/Users/tungstonlabs/Desktop/HealthApp-Mobile/ios/Pods/Headers/Public/react_utils/React-utils.modulemap' '-fmodule-map-file=/Users/tungstonlabs/Desktop/HealthApp-Mobile/ios/Pods/Headers/Public/reacthermes/React-hermes.modulemap' '-fmodule-map-file=/Users/tungstonlabs/Desktop/HealthApp-Mobile/ios/Pods/Headers/Public/yoga/Yoga.modulemap'

WriteAuxiliaryFile /Users/tungstonlabs/Library/Developer/Xcode/DerivedData/HealthApp-fjgvhltvryzvlufiayyipuiynnzt/Build/Intermediates.noindex/Pods.build/Debug-iphoneos/React-CoreModules.build/React-CoreModules.hmap (in target 'React-CoreModules' from project 'Pods')
    cd /Users/tungstonlabs/Desktop/HealthApp-Mobile/ios/Pods
    write-file /Users/tungstonlabs/Library/Developer/Xcode/DerivedData/HealthApp-fjgvhltvryzvlufiayyipuiynnzt/Build/Intermediates.noindex/Pods.build/Debug-iphoneos/React-CoreModules.build/React-CoreModules.hmap

WriteAuxiliaryFile /Users/tungstonlabs/Library/Developer/Xcode/DerivedData/HealthApp-fjgvhltvryzvlufiayyipuiynnzt/Build/Intermediates.noindex/Pods.build/Debug-iphoneos/React-CoreModules.build/React-CoreModules.DependencyStaticMetadataFileList (in target 'React-CoreModules' from project 'Pods')
    cd /Users/tungstonlabs/Desktop/HealthApp-Mobile/ios/Pods
    write-file /Users/tungstonlabs/Library/Developer/Xcode/DerivedData/HealthApp-fjgvhltvryzvlufiayyipuiynnzt/Build/Intermediates.noindex/Pods.build/Debug-iphoneos/React-CoreModules.build/React-CoreModules.DependencyStaticMetadataFileList

WriteAuxiliaryFile /Users/tungstonlabs/Library/Developer/Xcode/DerivedData/HealthApp-fjgvhltvryzvlufiayyipuiynnzt/Build/Intermediates.noindex/Pods.build/Debug-iphoneos/React-CoreModules.build/React-CoreModules.DependencyMetadataFileList (in target 'React-CoreModules' from project 'Pods')
    cd /Users/tungstonlabs/Desktop/HealthApp-Mobile/ios/Pods
    write-file /Users/tungstonlabs/Library/Developer/Xcode/DerivedData/HealthApp-fjgvhltvryzvlufiayyipuiynnzt/Build/Intermediates.noindex/Pods.build/Debug-iphoneos/React-CoreModules.build/React-CoreModules.DependencyMetadataFileList

WriteAuxiliaryFile /Users/tungstonlabs/Library/Developer/Xcode/DerivedData/HealthApp-fjgvhltvryzvlufiayyipuiynnzt/Build/Intermediates.noindex/Pods.build/Debug-iphoneos/React-CoreModules.build/React-CoreModules-project-headers.hmap (in target 'React-CoreModules' from project 'Pods')
    cd /Users/tungstonlabs/Desktop/HealthApp-Mobile/ios/Pods
    write-file /Users/tungstonlabs/Library/Developer/Xcode/DerivedData/HealthApp-fjgvhltvryzvlufiayyipuiynnzt/Build/Intermediates.noindex/Pods.build/Debug-iphoneos/React-CoreModules.build/React-CoreModules-project-headers.hmap

WriteAuxiliaryFile /Users/tungstonlabs/Library/Developer/Xcode/DerivedData/HealthApp-fjgvhltvryzvlufiayyipuiynnzt/Build/Intermediates.noindex/Pods.build/Debug-iphoneos/React-CoreModules.build/React-CoreModules-own-target-headers.hmap (in target 'React-CoreModules' from project 'Pods')
    cd /Users/tungstonlabs/Desktop/HealthApp-Mobile/ios/Pods
    write-file /Users/tungstonlabs/Library/Developer/Xcode/DerivedData/HealthApp-fjgvhltvryzvlufiayyipuiynnzt/Build/Intermediates.noindex/Pods.build/Debug-iphoneos/React-CoreModules.build/React-CoreModules-own-target-headers.hmap

WriteAuxiliaryFile /Users/tungstonlabs/Library/Developer/Xcode/DerivedData/HealthApp-fjgvhltvryzvlufiayyipuiynnzt/Build/Intermediates.noindex/Pods.build/Debug-iphoneos/React-CoreModules.build/React-CoreModules-generated-files.hmap (in target 'React-CoreModules' from project 'Pods')
    cd /Users/tungstonlabs/Desktop/HealthApp-Mobile/ios/Pods
    write-file /Users/tungstonlabs/Library/Developer/Xcode/DerivedData/HealthApp-fjgvhltvryzvlufiayyipuiynnzt/Build/Intermediates.noindex/Pods.build/Debug-iphoneos/React-CoreModules.build/React-CoreModules-generated-files.hmap

WriteAuxiliaryFile /Users/tungstonlabs/Library/Developer/Xcode/DerivedData/HealthApp-fjgvhltvryzvlufiayyipuiynnzt/Build/Intermediates.noindex/Pods.build/Debug-iphoneos/React-CoreModules.build/React-CoreModules-all-target-headers.hmap (in target 'React-CoreModules' from project 'Pods')
    cd /Users/tungstonlabs/Desktop/HealthApp-Mobile/ios/Pods
    write-file /Users/tungstonlabs/Library/Developer/Xcode/DerivedData/HealthApp-fjgvhltvryzvlufiayyipuiynnzt/Build/Intermediates.noindex/Pods.build/Debug-iphoneos/React-CoreModules.build/React-CoreModules-all-target-headers.hmap

PhaseScriptExecution [CP]\ Copy\ XCFrameworks /Users/tungstonlabs/Library/Developer/Xcode/DerivedData/HealthApp-fjgvhltvryzvlufiayyipuiynnzt/Build/Intermediates.noindex/Pods.build/Debug-iphoneos/razorpay-core-pod.build/Script-46EB2E00024C70.sh (in target 'razorpay-core-pod' from project 'Pods')
    cd /Users/tungstonlabs/Desktop/HealthApp-Mobile/ios/Pods
    /bin/sh -c /Users/tungstonlabs/Library/Developer/Xcode/DerivedData/HealthApp-fjgvhltvryzvlufiayyipuiynnzt/Build/Intermediates.noindex/Pods.build/Debug-iphoneos/razorpay-core-pod.build/Script-46EB2E00024C70.sh
Selected xcframework slice ios-arm64
rsync --delete -av --filter P .*.?????? --links --filter "- CVS/" --filter "- .svn/" --filter "- .git/" --filter "- .hg/" "/Users/tungstonlabs/Desktop/HealthApp-Mobile/ios/Pods/razorpay-core-pod/Pod/core/Razorpay.xcframework/ios-arm64/*" "/Users/tungstonlabs/Library/Developer/Xcode/DerivedData/HealthApp-fjgvhltvryzvlufiayyipuiynnzt/Build/Products/Debug-iphoneos/XCFrameworkIntermediates/razorpay-core-pod"
Transfer starting: 25 files
deleting dSYMs/RazorpayCore.framework.dSYM/Contents/Resources/Relocations/aarch64/RazorpayCore.yml
deleting dSYMs/RazorpayCore.framework.dSYM/Contents/Resources/Relocations/aarch64/
deleting dSYMs/RazorpayCore.framework.dSYM/Contents/Resources/Relocations/
deleting dSYMs/RazorpayCore.framework.dSYM/Contents/Resources/DWARF/RazorpayCore
deleting dSYMs/RazorpayCore.framework.dSYM/Contents/Resources/DWARF/
deleting dSYMs/RazorpayCore.framework.dSYM/Contents/Resources/
deleting dSYMs/RazorpayCore.framework.dSYM/Contents/Info.plist
deleting dSYMs/RazorpayCore.framework.dSYM/Contents/
deleting dSYMs/RazorpayCore.framework.dSYM/
Razorpay.framework/
Razorpay.framework/Info.plist
Razorpay.framework/Razorpay
Razorpay.framework/Headers/
Razorpay.framework/Headers/Razorpay-Swift.h
Razorpay.framework/Headers/RazorpayWrapper-umbrella.h
Razorpay.framework/Modules/
Razorpay.framework/Modules/module.modulemap
Razorpay.framework/Modules/Razorpay.swiftmodule/
Razorpay.framework/Modules/Razorpay.swiftmodule/arm64-apple-ios.abi.json
Razorpay.framework/Modules/Razorpay.swiftmodule/arm64-apple-ios.private.swiftinterface
Razorpay.framework/Modules/Razorpay.swiftmodule/arm64-apple-ios.swiftdoc
Razorpay.framework/Modules/Razorpay.swiftmodule/arm64-apple-ios.swiftinterface
Razorpay.framework/Modules/Razorpay.swiftmodule/Project/
Razorpay.framework/Modules/Razorpay.swiftmodule/Project/arm64-apple-ios.swiftsourceinfo
dSYMs/
dSYMs/Razorpay.framework.dSYM/
dSYMs/Razorpay.framework.dSYM/Contents/
dSYMs/Razorpay.framework.dSYM/Contents/Info.plist
dSYMs/Razorpay.framework.dSYM/Contents/Resources/
dSYMs/Razorpay.framework.dSYM/Contents/Resources/DWARF/
dSYMs/Razorpay.framework.dSYM/Contents/Resources/DWARF/Razorpay
dSYMs/Razorpay.framework.dSYM/Contents/Resources/Relocations/
dSYMs/Razorpay.framework.dSYM/Contents/Resources/Relocations/aarch64/
dSYMs/Razorpay.framework.dSYM/Contents/Resources/Relocations/aarch64/Razorpay.yml

sent 1723001 bytes  received 378 bytes  66029846 bytes/sec
total size is 1720136  speedup is 1.00
Copied /Users/tungstonlabs/Desktop/HealthApp-Mobile/ios/Pods/razorpay-core-pod/Pod/core/Razorpay.xcframework/ios-arm64 to /Users/tungstonlabs/Library/Developer/Xcode/DerivedData/HealthApp-fjgvhltvryzvlufiayyipuiynnzt/Build/Products/Debug-iphoneos/XCFrameworkIntermediates/razorpay-core-pod
Selected xcframework slice ios-arm64
rsync --delete -av --filter P .*.?????? --links --filter "- CVS/" --filter "- .svn/" --filter "- .git/" --filter "- .hg/" "/Users/tungstonlabs/Desktop/HealthApp-Mobile/ios/Pods/razorpay-core-pod/Pod/core/RazorpayCore.xcframework/ios-arm64/*" "/Users/tungstonlabs/Library/Developer/Xcode/DerivedData/HealthApp-fjgvhltvryzvlufiayyipuiynnzt/Build/Products/Debug-iphoneos/XCFrameworkIntermediates/razorpay-core-pod"
Transfer starting: 25 files
deleting dSYMs/Razorpay.framework.dSYM/Contents/Resources/Relocations/aarch64/Razorpay.yml
deleting dSYMs/Razorpay.framework.dSYM/Contents/Resources/Relocations/aarch64/
deleting dSYMs/Razorpay.framework.dSYM/Contents/Resources/Relocations/
deleting dSYMs/Razorpay.framework.dSYM/Contents/Resources/DWARF/Razorpay
deleting dSYMs/Razorpay.framework.dSYM/Contents/Resources/DWARF/
deleting dSYMs/Razorpay.framework.dSYM/Contents/Resources/
deleting dSYMs/Razorpay.framework.dSYM/Contents/Info.plist
deleting dSYMs/Razorpay.framework.dSYM/Contents/
deleting dSYMs/Razorpay.framework.dSYM/
RazorpayCore.framework/
RazorpayCore.framework/Info.plist
RazorpayCore.framework/RazorpayCore
RazorpayCore.framework/Headers/
RazorpayCore.framework/Headers/RazorpayCore-Swift.h
RazorpayCore.framework/Headers/RazorpayCore-umbrella.h
RazorpayCore.framework/Modules/
RazorpayCore.framework/Modules/module.modulemap
RazorpayCore.framework/Modules/RazorpayCore.swiftmodule/
RazorpayCore.framework/Modules/RazorpayCore.swiftmodule/arm64-apple-ios.abi.json
RazorpayCore.framework/Modules/RazorpayCore.swiftmodule/arm64-apple-ios.private.swiftinterface
RazorpayCore.framework/Modules/RazorpayCore.swiftmodule/arm64-apple-ios.swiftdoc
RazorpayCore.framework/Modules/RazorpayCore.swiftmodule/arm64-apple-ios.swiftinterface
RazorpayCore.framework/Modules/RazorpayCore.swiftmodule/Project/
RazorpayCore.framework/Modules/RazorpayCore.swiftmodule/Project/arm64-apple-ios.swiftsourceinfo
dSYMs/
dSYMs/RazorpayCore.framework.dSYM/
dSYMs/RazorpayCore.framework.dSYM/Contents/
dSYMs/RazorpayCore.framework.dSYM/Contents/Info.plist
dSYMs/RazorpayCore.framework.dSYM/Contents/Resources/
dSYMs/RazorpayCore.framework.dSYM/Contents/Resources/DWARF/
dSYMs/RazorpayCore.framework.dSYM/Contents/Resources/DWARF/RazorpayCore
dSYMs/RazorpayCore.framework.dSYM/Contents/Resources/Relocations/
dSYMs/RazorpayCore.framework.dSYM/Contents/Resources/Relocations/aarch64/
dSYMs/RazorpayCore.framework.dSYM/Contents/Resources/Relocations/aarch64/RazorpayCore.yml

sent 857790 bytes  received 378 bytes  40671469 bytes/sec
total size is 854896  speedup is 1.00
Copied /Users/tungstonlabs/Desktop/HealthApp-Mobile/ios/Pods/razorpay-core-pod/Pod/core/RazorpayCore.xcframework/ios-arm64 to /Users/tungstonlabs/Library/Developer/Xcode/DerivedData/HealthApp-fjgvhltvryzvlufiayyipuiynnzt/Build/Products/Debug-iphoneos/XCFrameworkIntermediates/razorpay-core-pod

WriteAuxiliaryFile /Users/tungstonlabs/Library/Developer/Xcode/DerivedData/HealthApp-fjgvhltvryzvlufiayyipuiynnzt/Build/Intermediates.noindex/Pods.build/Debug-iphoneos/React-CoreModules.build/React-CoreModules-all-non-framework-target-headers.hmap (in target 'React-CoreModules' from project 'Pods')
    cd /Users/tungstonlabs/Desktop/HealthApp-Mobile/ios/Pods
    write-file /Users/tungstonlabs/Library/Developer/Xcode/DerivedData/HealthApp-fjgvhltvryzvlufiayyipuiynnzt/Build/Intermediates.noindex/Pods.build/Debug-iphoneos/React-CoreModules.build/React-CoreModules-all-non-framework-target-headers.hmap

WriteAuxiliaryFile /Users/tungstonlabs/Library/Developer/Xcode/DerivedData/HealthApp-fjgvhltvryzvlufiayyipuiynnzt/Build/Intermediates.noindex/Pods.build/Debug-iphoneos/React-CoreModules.build/Objects-normal/arm64/af3fcb34312c57c0f52879cdce924b91-common-args.resp (in target 'React-CoreModules' from project 'Pods')
    cd /Users/tungstonlabs/Desktop/HealthApp-Mobile/ios/Pods
    write-file /Users/tungstonlabs/Library/Developer/Xcode/DerivedData/HealthApp-fjgvhltvryzvlufiayyipuiynnzt/Build/Intermediates.noindex/Pods.build/Debug-iphoneos/React-CoreModules.build/Objects-normal/arm64/af3fcb34312c57c0f52879cdce924b91-common-args.resp
'-std=c++20' '-stdlib=libc++' -fobjc-arc -fmodules -fno-cxx-modules '-fmodules-cache-path=/Users/tungstonlabs/Library/Developer/Xcode/DerivedData/ModuleCache.noindex' '-D_LIBCPP_HARDENING_MODE=_LIBCPP_HARDENING_MODE_DEBUG' -fpascal-strings -O0 -fno-common '-DPOD_CONFIGURATION_DEBUG=1' '-DDEBUG=1' '-DCOCOAPODS=1' '-DOBJC_OLD_DISPATCH_PROTOTYPES=0' -g -iquote /Users/tungstonlabs/Library/Developer/Xcode/DerivedData/HealthApp-fjgvhltvryzvlufiayyipuiynnzt/Build/Intermediates.noindex/Pods.build/Debug-iphoneos/React-CoreModules.build/React-CoreModules-generated-files.hmap -I/Users/tungstonlabs/Library/Developer/Xcode/DerivedData/HealthApp-fjgvhltvryzvlufiayyipuiynnzt/Build/Intermediates.noindex/Pods.build/Debug-iphoneos/React-CoreModules.build/React-CoreModules-own-target-headers.hmap -I/Users/tungstonlabs/Library/Developer/Xcode/DerivedData/HealthApp-fjgvhltvryzvlufiayyipuiynnzt/Build/Intermediates.noindex/Pods.build/Debug-iphoneos/React-CoreModules.build/React-CoreModules-all-non-framework-target-headers.hmap -ivfsoverlay /Users/tungstonlabs/Library/Developer/Xcode/DerivedData/HealthApp-fjgvhltvryzvlufiayyipuiynnzt/Build/Intermediates.noindex/Pods.build/Debug-iphoneos/Pods-8699adb1dd336b26511df848a716bd42-VFS-iphoneos/all-product-headers.yaml -iquote /Users/tungstonlabs/Library/Developer/Xcode/DerivedData/HealthApp-fjgvhltvryzvlufiayyipuiynnzt/Build/Intermediates.noindex/Pods.build/Debug-iphoneos/React-CoreModules.build/React-CoreModules-project-headers.hmap -I/Users/tungstonlabs/Library/Developer/Xcode/DerivedData/HealthApp-fjgvhltvryzvlufiayyipuiynnzt/Build/Products/Debug-iphoneos/React-CoreModules/include -I/Users/tungstonlabs/Desktop/HealthApp-Mobile/ios/Pods/Headers/Public -I/Users/tungstonlabs/Desktop/HealthApp-Mobile/ios/Pods/Headers/Public/DoubleConversion -I/Users/tungstonlabs/Desktop/HealthApp-Mobile/ios/Pods/Headers/Public/FBLazyVector -I/Users/tungstonlabs/Desktop/HealthApp-Mobile/ios/Pods/Headers/Public/RCT-Folly -I/Users/tungstonlabs/Desktop/HealthApp-Mobile/ios/Pods/Headers/Public/RCTDeprecation -I/Users/tungstonlabs/Desktop/HealthApp-Mobile/ios/Pods/Headers/Public/RCTRequired -I/Users/tungstonlabs/Desktop/HealthApp-Mobile/ios/Pods/Headers/Public/RCTTypeSafety -I/Users/tungstonlabs/Desktop/HealthApp-Mobile/ios/Pods/Headers/Public/React-Core -I/Users/tungstonlabs/Desktop/HealthApp-Mobile/ios/Pods/Headers/Public/React-Fabric -I/Users/tungstonlabs/Desktop/HealthApp-Mobile/ios/Pods/Headers/Public/React-NativeModulesApple -I/Users/tungstonlabs/Desktop/HealthApp-Mobile/ios/Pods/Headers/Public/React-RCTBlob -I/Users/tungstonlabs/Desktop/HealthApp-Mobile/ios/Pods/Headers/Public/React-RCTFBReactNativeSpec -I/Users/tungstonlabs/Desktop/HealthApp-Mobile/ios/Pods/Headers/Public/React-callinvoker -I/Users/tungstonlabs/Desktop/HealthApp-Mobile/ios/Pods/Headers/Public/React-cxxreact -I/Users/tungstonlabs/Desktop/HealthApp-Mobile/ios/Pods/Headers/Public/React-debug -I/Users/tungstonlabs/Desktop/HealthApp-Mobile/ios/Pods/Headers/Public/React-featureflags -I/Users/tungstonlabs/Desktop/HealthApp-Mobile/ios/Pods/Headers/Public/React-graphics -I/Users/tungstonlabs/Desktop/HealthApp-Mobile/ios/Pods/Headers/Public/React-hermes -I/Users/tungstonlabs/Desktop/HealthApp-Mobile/ios/Pods/Headers/Public/React-jsi -I/Users/tungstonlabs/Desktop/HealthApp-Mobile/ios/Pods/Headers/Public/React-jsiexecutor -I/Users/tungstonlabs/Desktop/HealthApp-Mobile/ios/Pods/Headers/Public/React-jsinspector -I/Users/tungstonlabs/Desktop/HealthApp-Mobile/ios/Pods/Headers/Public/React-jsinspectorcdp -I/Users/tungstonlabs/Desktop/HealthApp-Mobile/ios/Pods/Headers/Public/React-jsinspectornetwork -I/Users/tungstonlabs/Desktop/HealthApp-Mobile/ios/Pods/Headers/Public/React-jsinspectortracing -I/Users/tungstonlabs/Desktop/HealthApp-Mobile/ios/Pods/Headers/Public/React-jsitooling -I/Users/tungstonlabs/Desktop/HealthApp-Mobile/ios/Pods/Headers/Public/React-logger -I/Users/tungstonlabs/Desktop/HealthApp-Mobile/ios/Pods/Headers/Public/React-oscompat -I/Users/tungstonlabs/Desktop/HealthApp-Mobile/ios/Pods/Headers/Public/React-perflogger -I/Users/tungstonlabs/Desktop/HealthApp-Mobile/ios/Pods/Headers/Public/React-performancecdpmetrics -I/Users/tungstonlabs/Desktop/HealthApp-Mobile/ios/Pods/Headers/Public/React-performancetimeline -I/Users/tungstonlabs/Desktop/HealthApp-Mobile/ios/Pods/Headers/Public/React-rendererconsistency -I/Users/tungstonlabs/Desktop/HealthApp-Mobile/ios/Pods/Headers/Public/React-renderercss -I/Users/tungstonlabs/Desktop/HealthApp-Mobile/ios/Pods/Headers/Public/React-rendererdebug -I/Users/tungstonlabs/Desktop/HealthApp-Mobile/ios/Pods/Headers/Public/React-runtimeexecutor -I/Users/tungstonlabs/Desktop/HealthApp-Mobile/ios/Pods/Headers/Public/React-runtimescheduler -I/Users/tungstonlabs/Desktop/HealthApp-Mobile/ios/Pods/Headers/Public/React-timing -I/Users/tungstonlabs/Desktop/HealthApp-Mobile/ios/Pods/Headers/Public/React-utils -I/Users/tungstonlabs/Desktop/HealthApp-Mobile/ios/Pods/Headers/Public/ReactCommon -I/Users/tungstonlabs/Desktop/HealthApp-Mobile/ios/Pods/Headers/Public/SocketRocket -I/Users/tungstonlabs/Desktop/HealthApp-Mobile/ios/Pods/Headers/Public/Yoga -I/Users/tungstonlabs/Desktop/HealthApp-Mobile/ios/Pods/Headers/Public/boost -I/Users/tungstonlabs/Desktop/HealthApp-Mobile/ios/Pods/Headers/Public/fast_float -I/Users/tungstonlabs/Desktop/HealthApp-Mobile/ios/Pods/Headers/Public/fmt -I/Users/tungstonlabs/Desktop/HealthApp-Mobile/ios/Pods/Headers/Public/glog -I/Users/tungstonlabs/Desktop/HealthApp-Mobile/ios/Pods/Headers/Public/hermes-engine -I/Users/tungstonlabs/Desktop/HealthApp-Mobile/node_modules/react-native/React/CoreModules/React/CoreModules -I/Users/tungstonlabs/Desktop/HealthApp-Mobile/ios/Pods/Headers/Public/ReactCodegen/react/renderer/components -I/Users/tungstonlabs/Library/Developer/Xcode/DerivedData/HealthApp-fjgvhltvryzvlufiayyipuiynnzt/Build/Products/Debug-iphoneos/React-debug/React_debug.framework/Headers -I/Users/tungstonlabs/Library/Developer/Xcode/DerivedData/HealthApp-fjgvhltvryzvlufiayyipuiynnzt/Build/Products/Debug-iphoneos/React-runtimeexecutor/React_runtimeexecutor.framework/Headers -I/Users/tungstonlabs/Library/Developer/Xcode/DerivedData/HealthApp-fjgvhltvryzvlufiayyipuiynnzt/Build/Products/Debug-iphoneos/React-runtimeexecutor/React_runtimeexecutor.framework/Headers/platform/ios -I/Users/tungstonlabs/Library/Developer/Xcode/DerivedData/HealthApp-fjgvhltvryzvlufiayyipuiynnzt/Build/Products/Debug-iphoneos/React-jsinspector/jsinspector_modern.framework/Headers -I/Users/tungstonlabs/Library/Developer/Xcode/DerivedData/HealthApp-fjgvhltvryzvlufiayyipuiynnzt/Build/Products/Debug-iphoneos/React-jsinspectorcdp/jsinspector_moderncdp.framework/Headers -I/Users/tungstonlabs/Library/Developer/Xcode/DerivedData/HealthApp-fjgvhltvryzvlufiayyipuiynnzt/Build/Products/Debug-iphoneos/React-jsinspectortracing/jsinspector_moderntracing.framework/Headers -I/Users/tungstonlabs/Library/Developer/Xcode/DerivedData/HealthApp-fjgvhltvryzvlufiayyipuiynnzt/Build/Products/Debug-iphoneos/React-RCTFBReactNativeSpec/React_RCTFBReactNativeSpec.framework/Headers -I/Users/tungstonlabs/Library/Developer/Xcode/DerivedData/HealthApp-fjgvhltvryzvlufiayyipuiynnzt/Build/Products/Debug-iphoneos/ReactCommon/ReactCommon.framework/Headers -I/Users/tungstonlabs/Library/Developer/Xcode/DerivedData/HealthApp-fjgvhltvryzvlufiayyipuiynnzt/Build/Products/Debug-iphoneos/ReactCommon/ReactCommon.framework/Headers/react/nativemodule/core -I/Users/tungstonlabs/Library/Developer/Xcode/DerivedData/HealthApp-fjgvhltvryzvlufiayyipuiynnzt/Build/Products/Debug-iphoneos/React-NativeModulesApple/React_NativeModulesApple.framework/Headers -I/Users/tungstonlabs/Desktop/HealthApp-Mobile/ios/Pods/glog -I/Users/tungstonlabs/Desktop/HealthApp-Mobile/ios/Pods/boost -I/Users/tungstonlabs/Desktop/HealthApp-Mobile/ios/Pods/DoubleConversion -I/Users/tungstonlabs/Desktop/HealthApp-Mobile/ios/Pods/fast_float/include -I/Users/tungstonlabs/Desktop/HealthApp-Mobile/ios/Pods/fmt/include -I/Users/tungstonlabs/Desktop/HealthApp-Mobile/ios/Pods/SocketRocket -I/Users/tungstonlabs/Desktop/HealthApp-Mobile/ios/Pods/RCT-Folly -I/Users/tungstonlabs/Library/Developer/Xcode/DerivedData/HealthApp-fjgvhltvryzvlufiayyipuiynnzt/Build/Intermediates.noindex/Pods.build/Debug-iphoneos/React-CoreModules.build/DerivedSources-normal/arm64 -I/Users/tungstonlabs/Library/Developer/Xcode/DerivedData/HealthApp-fjgvhltvryzvlufiayyipuiynnzt/Build/Intermediates.noindex/Pods.build/Debug-iphoneos/React-CoreModules.build/DerivedSources/arm64 -I/Users/tungstonlabs/Library/Developer/Xcode/DerivedData/HealthApp-fjgvhltvryzvlufiayyipuiynnzt/Build/Intermediates.noindex/Pods.build/Debug-iphoneos/React-CoreModules.build/DerivedSources -F/Users/tungstonlabs/Library/Developer/Xcode/DerivedData/HealthApp-fjgvhltvryzvlufiayyipuiynnzt/Build/Products/Debug-iphoneos/React-CoreModules -F/Users/tungstonlabs/Desktop/HealthApp-Mobile/ios/Pods/hermes-engine/destroot/Library/Frameworks/universal -F/Users/tungstonlabs/Library/Developer/Xcode/DerivedData/HealthApp-fjgvhltvryzvlufiayyipuiynnzt/Build/Products/Debug-iphoneos/XCFrameworkIntermediates/hermes-engine/Pre-built '-fmodule-map-file=/Users/tungstonlabs/Desktop/HealthApp-Mobile/ios/Pods/Headers/Public/DoubleConversion/DoubleConversion.modulemap' '-fmodule-map-file=/Users/tungstonlabs/Desktop/HealthApp-Mobile/ios/Pods/Headers/Public/RCTDeprecation/RCTDeprecation.modulemap' '-fmodule-map-file=/Users/tungstonlabs/Desktop/HealthApp-Mobile/ios/Pods/Headers/Public/RCTImage/React-RCTImage.modulemap' '-fmodule-map-file=/Users/tungstonlabs/Desktop/HealthApp-Mobile/ios/Pods/Headers/Public/RCTTypeSafety/RCTTypeSafety.modulemap' '-fmodule-map-file=/Users/tungstonlabs/Desktop/HealthApp-Mobile/ios/Pods/Headers/Public/React/React-Core.modulemap' '-fmodule-map-file=/Users/tungstonlabs/Desktop/HealthApp-Mobile/ios/Pods/Headers/Public/ReactCommon/ReactCommon.modulemap' '-fmodule-map-file=/Users/tungstonlabs/Desktop/HealthApp-Mobile/ios/Pods/Headers/Public/React_Fabric/React-Fabric.modulemap' '-fmodule-map-file=/Users/tungstonlabs/Desktop/HealthApp-Mobile/ios/Pods/Headers/Public/React_NativeModulesApple/React-NativeModulesApple.modulemap' '-fmodule-map-file=/Users/tungstonlabs/Desktop/HealthApp-Mobile/ios/Pods/Headers/Public/React_runtimeexecutor/React-runtimeexecutor.modulemap' '-fmodule-map-file=/Users/tungstonlabs/Desktop/HealthApp-Mobile/ios/Pods/Headers/Public/SocketRocket/SocketRocket.modulemap' '-fmodule-map-file=/Users/tungstonlabs/Desktop/HealthApp-Mobile/ios/Pods/Headers/Public/fmt/fmt.modulemap' '-fmodule-map-file=/Users/tungstonlabs/Desktop/HealthApp-Mobile/ios/Pods/Headers/Public/folly/RCT-Folly.modulemap' '-fmodule-map-file=/Users/tungstonlabs/Desktop/HealthApp-Mobile/ios/Pods/Headers/Public/glog/glog.modulemap' '-fmodule-map-file=/Users/tungstonlabs/Desktop/HealthApp-Mobile/ios/Pods/Headers/Public/jsi/React-jsi.modulemap' '-fmodule-map-file=/Users/tungstonlabs/Desktop/HealthApp-Mobile/ios/Pods/Headers/Public/jsinspector_modern/React-jsinspector.modulemap' '-fmodule-map-file=/Users/tungstonlabs/Desktop/HealthApp-Mobile/ios/Pods/Headers/Public/jsinspector_modern_cdp/React-jsinspectorcdp.modulemap' '-fmodule-map-file=/Users/tungstonlabs/Desktop/HealthApp-Mobile/ios/Pods/Headers/Public/jsinspector_modern_network/React-jsinspectornetwork.modulemap' '-fmodule-map-file=/Users/tungstonlabs/Desktop/HealthApp-Mobile/ios/Pods/Headers/Public/jsinspector_modern_tracing/React-jsinspectortracing.modulemap' '-fmodule-map-file=/Users/tungstonlabs/Desktop/HealthApp-Mobile/ios/Pods/Headers/Public/react_debug/React-debug.modulemap' '-fmodule-map-file=/Users/tungstonlabs/Desktop/HealthApp-Mobile/ios/Pods/Headers/Public/react_featureflags/React-featureflags.modulemap' '-fmodule-map-file=/Users/tungstonlabs/Desktop/HealthApp-Mobile/ios/Pods/Headers/Public/react_renderer_css/React-renderercss.modulemap' '-fmodule-map-file=/Users/tungstonlabs/Desktop/HealthApp-Mobile/ios/Pods/Headers/Public/react_renderer_debug/React-rendererdebug.modulemap' '-fmodule-map-file=/Users/tungstonlabs/Desktop/HealthApp-Mobile/ios/Pods/Headers/Public/react_renderer_graphics/React-graphics.modulemap' '-fmodule-map-file=/Users/tungstonlabs/Desktop/HealthApp-Mobile/ios/Pods/Headers/Public/react_runtime/React-jsitooling.modulemap' '-fmodule-map-file=/Users/tungstonlabs/Desktop/HealthApp-Mobile/ios/Pods/Headers/Public/react_utils/React-utils.modulemap' '-fmodule-map-file=/Users/tungstonlabs/Desktop/HealthApp-Mobile/ios/Pods/Headers/Public/reacthermes/React-hermes.modulemap' '-fmodule-map-file=/Users/tungstonlabs/Desktop/HealthApp-Mobile/ios/Pods/Headers/Public/yoga/Yoga.modulemap' '-DRCT_NEW_ARCH_ENABLED=1'

WriteAuxiliaryFile /Users/tungstonlabs/Library/Developer/Xcode/DerivedData/HealthApp-fjgvhltvryzvlufiayyipuiynnzt/Build/Intermediates.noindex/Pods.build/Debug-iphoneos/React-CoreModules.build/Objects-normal/arm64/e6072d4f65d7061329687fe24e3d63a7-common-args.resp (in target 'React-CoreModules' from project 'Pods')
    cd /Users/tungstonlabs/Desktop/HealthApp-Mobile/ios/Pods
    write-file /Users/tungstonlabs/Library/Developer/Xcode/DerivedData/HealthApp-fjgvhltvryzvlufiayyipuiynnzt/Build/Intermediates.noindex/Pods.build/Debug-iphoneos/React-CoreModules.build/Objects-normal/arm64/e6072d4f65d7061329687fe24e3d63a7-common-args.resp
'-std=gnu11' -fobjc-arc -fmodules '-fmodules-cache-path=/Users/tungstonlabs/Library/Developer/Xcode/DerivedData/ModuleCache.noindex' -fpascal-strings -O0 -fno-common '-DPOD_CONFIGURATION_DEBUG=1' '-DDEBUG=1' '-DCOCOAPODS=1' '-DOBJC_OLD_DISPATCH_PROTOTYPES=0' -g -iquote /Users/tungstonlabs/Library/Developer/Xcode/DerivedData/HealthApp-fjgvhltvryzvlufiayyipuiynnzt/Build/Intermediates.noindex/Pods.build/Debug-iphoneos/React-CoreModules.build/React-CoreModules-generated-files.hmap -I/Users/tungstonlabs/Library/Developer/Xcode/DerivedData/HealthApp-fjgvhltvryzvlufiayyipuiynnzt/Build/Intermediates.noindex/Pods.build/Debug-iphoneos/React-CoreModules.build/React-CoreModules-own-target-headers.hmap -I/Users/tungstonlabs/Library/Developer/Xcode/DerivedData/HealthApp-fjgvhltvryzvlufiayyipuiynnzt/Build/Intermediates.noindex/Pods.build/Debug-iphoneos/React-CoreModules.build/React-CoreModules-all-non-framework-target-headers.hmap -ivfsoverlay /Users/tungstonlabs/Library/Developer/Xcode/DerivedData/HealthApp-fjgvhltvryzvlufiayyipuiynnzt/Build/Intermediates.noindex/Pods.build/Debug-iphoneos/Pods-8699adb1dd336b26511df848a716bd42-VFS-iphoneos/all-product-headers.yaml -iquote /Users/tungstonlabs/Library/Developer/Xcode/DerivedData/HealthApp-fjgvhltvryzvlufiayyipuiynnzt/Build/Intermediates.noindex/Pods.build/Debug-iphoneos/React-CoreModules.build/React-CoreModules-project-headers.hmap -I/Users/tungstonlabs/Library/Developer/Xcode/DerivedData/HealthApp-fjgvhltvryzvlufiayyipuiynnzt/Build/Products/Debug-iphoneos/React-CoreModules/include -I/Users/tungstonlabs/Desktop/HealthApp-Mobile/ios/Pods/Headers/Public -I/Users/tungstonlabs/Desktop/HealthApp-Mobile/ios/Pods/Headers/Public/DoubleConversion -I/Users/tungstonlabs/Desktop/HealthApp-Mobile/ios/Pods/Headers/Public/FBLazyVector -I/Users/tungstonlabs/Desktop/HealthApp-Mobile/ios/Pods/Headers/Public/RCT-Folly -I/Users/tungstonlabs/Desktop/HealthApp-Mobile/ios/Pods/Headers/Public/RCTDeprecation -I/Users/tungstonlabs/Desktop/HealthApp-Mobile/ios/Pods/Headers/Public/RCTRequired -I/Users/tungstonlabs/Desktop/HealthApp-Mobile/ios/Pods/Headers/Public/RCTTypeSafety -I/Users/tungstonlabs/Desktop/HealthApp-Mobile/ios/Pods/Headers/Public/React-Core -I/Users/tungstonlabs/Desktop/HealthApp-Mobile/ios/Pods/Headers/Public/React-Fabric -I/Users/tungstonlabs/Desktop/HealthApp-Mobile/ios/Pods/Headers/Public/React-NativeModulesApple -I/Users/tungstonlabs/Desktop/HealthApp-Mobile/ios/Pods/Headers/Public/React-RCTBlob -I/Users/tungstonlabs/Desktop/HealthApp-Mobile/ios/Pods/Headers/Public/React-RCTFBReactNativeSpec -I/Users/tungstonlabs/Desktop/HealthApp-Mobile/ios/Pods/Headers/Public/React-callinvoker -I/Users/tungstonlabs/Desktop/HealthApp-Mobile/ios/Pods/Headers/Public/React-cxxreact -I/Users/tungstonlabs/Desktop/HealthApp-Mobile/ios/Pods/Headers/Public/React-debug -I/Users/tungstonlabs/Desktop/HealthApp-Mobile/ios/Pods/Headers/Public/React-featureflags -I/Users/tungstonlabs/Desktop/HealthApp-Mobile/ios/Pods/Headers/Public/React-graphics -I/Users/tungstonlabs/Desktop/HealthApp-Mobile/ios/Pods/Headers/Public/React-hermes -I/Users/tungstonlabs/Desktop/HealthApp-Mobile/ios/Pods/Headers/Public/React-jsi -I/Users/tungstonlabs/Desktop/HealthApp-Mobile/ios/Pods/Headers/Public/React-jsiexecutor -I/Users/tungstonlabs/Desktop/HealthApp-Mobile/ios/Pods/Headers/Public/React-jsinspector -I/Users/tungstonlabs/Desktop/HealthApp-Mobile/ios/Pods/Headers/Public/React-jsinspectorcdp -I/Users/tungstonlabs/Desktop/HealthApp-Mobile/ios/Pods/Headers/Public/React-jsinspectornetwork -I/Users/tungstonlabs/Desktop/HealthApp-Mobile/ios/Pods/Headers/Public/React-jsinspectortracing -I/Users/tungstonlabs/Desktop/HealthApp-Mobile/ios/Pods/Headers/Public/React-jsitooling -I/Users/tungstonlabs/Desktop/HealthApp-Mobile/ios/Pods/Headers/Public/React-logger -I/Users/tungstonlabs/Desktop/HealthApp-Mobile/ios/Pods/Headers/Public/React-oscompat -I/Users/tungstonlabs/Desktop/HealthApp-Mobile/ios/Pods/Headers/Public/React-perflogger -I/Users/tungstonlabs/Desktop/HealthApp-Mobile/ios/Pods/Headers/Public/React-performancecdpmetrics -I/Users/tungstonlabs/Desktop/HealthApp-Mobile/ios/Pods/Headers/Public/React-performancetimeline -I/Users/tungstonlabs/Desktop/HealthApp-Mobile/ios/Pods/Headers/Public/React-rendererconsistency -I/Users/tungstonlabs/Desktop/HealthApp-Mobile/ios/Pods/Headers/Public/React-renderercss -I/Users/tungstonlabs/Desktop/HealthApp-Mobile/ios/Pods/Headers/Public/React-rendererdebug -I/Users/tungstonlabs/Desktop/HealthApp-Mobile/ios/Pods/Headers/Public/React-runtimeexecutor -I/Users/tungstonlabs/Desktop/HealthApp-Mobile/ios/Pods/Headers/Public/React-runtimescheduler -I/Users/tungstonlabs/Desktop/HealthApp-Mobile/ios/Pods/Headers/Public/React-timing -I/Users/tungstonlabs/Desktop/HealthApp-Mobile/ios/Pods/Headers/Public/React-utils -I/Users/tungstonlabs/Desktop/HealthApp-Mobile/ios/Pods/Headers/Public/ReactCommon -I/Users/tungstonlabs/Desktop/HealthApp-Mobile/ios/Pods/Headers/Public/SocketRocket -I/Users/tungstonlabs/Desktop/HealthApp-Mobile/ios/Pods/Headers/Public/Yoga -I/Users/tungstonlabs/Desktop/HealthApp-Mobile/ios/Pods/Headers/Public/boost -I/Users/tungstonlabs/Desktop/HealthApp-Mobile/ios/Pods/Headers/Public/fast_float -I/Users/tungstonlabs/Desktop/HealthApp-Mobile/ios/Pods/Headers/Public/fmt -I/Users/tungstonlabs/Desktop/HealthApp-Mobile/ios/Pods/Headers/Public/glog -I/Users/tungstonlabs/Desktop/HealthApp-Mobile/ios/Pods/Headers/Public/hermes-engine -I/Users/tungstonlabs/Desktop/HealthApp-Mobile/node_modules/react-native/React/CoreModules/React/CoreModules -I/Users/tungstonlabs/Desktop/HealthApp-Mobile/ios/Pods/Headers/Public/ReactCodegen/react/renderer/components -I/Users/tungstonlabs/Library/Developer/Xcode/DerivedData/HealthApp-fjgvhltvryzvlufiayyipuiynnzt/Build/Products/Debug-iphoneos/React-debug/React_debug.framework/Headers -I/Users/tungstonlabs/Library/Developer/Xcode/DerivedData/HealthApp-fjgvhltvryzvlufiayyipuiynnzt/Build/Products/Debug-iphoneos/React-runtimeexecutor/React_runtimeexecutor.framework/Headers -I/Users/tungstonlabs/Library/Developer/Xcode/DerivedData/HealthApp-fjgvhltvryzvlufiayyipuiynnzt/Build/Products/Debug-iphoneos/React-runtimeexecutor/React_runtimeexecutor.framework/Headers/platform/ios -I/Users/tungstonlabs/Library/Developer/Xcode/DerivedData/HealthApp-fjgvhltvryzvlufiayyipuiynnzt/Build/Products/Debug-iphoneos/React-jsinspector/jsinspector_modern.framework/Headers -I/Users/tungstonlabs/Library/Developer/Xcode/DerivedData/HealthApp-fjgvhltvryzvlufiayyipuiynnzt/Build/Products/Debug-iphoneos/React-jsinspectorcdp/jsinspector_moderncdp.framework/Headers -I/Users/tungstonlabs/Library/Developer/Xcode/DerivedData/HealthApp-fjgvhltvryzvlufiayyipuiynnzt/Build/Products/Debug-iphoneos/React-jsinspectortracing/jsinspector_moderntracing.framework/Headers -I/Users/tungstonlabs/Library/Developer/Xcode/DerivedData/HealthApp-fjgvhltvryzvlufiayyipuiynnzt/Build/Products/Debug-iphoneos/React-RCTFBReactNativeSpec/React_RCTFBReactNativeSpec.framework/Headers -I/Users/tungstonlabs/Library/Developer/Xcode/DerivedData/HealthApp-fjgvhltvryzvlufiayyipuiynnzt/Build/Products/Debug-iphoneos/ReactCommon/ReactCommon.framework/Headers -I/Users/tungstonlabs/Library/Developer/Xcode/DerivedData/HealthApp-fjgvhltvryzvlufiayyipuiynnzt/Build/Products/Debug-iphoneos/ReactCommon/ReactCommon.framework/Headers/react/nativemodule/core -I/Users/tungstonlabs/Library/Developer/Xcode/DerivedData/HealthApp-fjgvhltvryzvlufiayyipuiynnzt/Build/Products/Debug-iphoneos/React-NativeModulesApple/React_NativeModulesApple.framework/Headers -I/Users/tungstonlabs/Desktop/HealthApp-Mobile/ios/Pods/glog -I/Users/tungstonlabs/Desktop/HealthApp-Mobile/ios/Pods/boost -I/Users/tungstonlabs/Desktop/HealthApp-Mobile/ios/Pods/DoubleConversion -I/Users/tungstonlabs/Desktop/HealthApp-Mobile/ios/Pods/fast_float/include -I/Users/tungstonlabs/Desktop/HealthApp-Mobile/ios/Pods/fmt/include -I/Users/tungstonlabs/Desktop/HealthApp-Mobile/ios/Pods/SocketRocket -I/Users/tungstonlabs/Desktop/HealthApp-Mobile/ios/Pods/RCT-Folly -I/Users/tungstonlabs/Library/Developer/Xcode/DerivedData/HealthApp-fjgvhltvryzvlufiayyipuiynnzt/Build/Intermediates.noindex/Pods.build/Debug-iphoneos/React-CoreModules.build/DerivedSources-normal/arm64 -I/Users/tungstonlabs/Library/Developer/Xcode/DerivedData/HealthApp-fjgvhltvryzvlufiayyipuiynnzt/Build/Intermediates.noindex/Pods.build/Debug-iphoneos/React-CoreModules.build/DerivedSources/arm64 -I/Users/tungstonlabs/Library/Developer/Xcode/DerivedData/HealthApp-fjgvhltvryzvlufiayyipuiynnzt/Build/Intermediates.noindex/Pods.build/Debug-iphoneos/React-CoreModules.build/DerivedSources -F/Users/tungstonlabs/Library/Developer/Xcode/DerivedData/HealthApp-fjgvhltvryzvlufiayyipuiynnzt/Build/Products/Debug-iphoneos/React-CoreModules -F/Users/tungstonlabs/Desktop/HealthApp-Mobile/ios/Pods/hermes-engine/destroot/Library/Frameworks/universal -F/Users/tungstonlabs/Library/Developer/Xcode/DerivedData/HealthApp-fjgvhltvryzvlufiayyipuiynnzt/Build/Products/Debug-iphoneos/XCFrameworkIntermediates/hermes-engine/Pre-built '-fmodule-map-file=/Users/tungstonlabs/Desktop/HealthApp-Mobile/ios/Pods/Headers/Public/DoubleConversion/DoubleConversion.modulemap' '-fmodule-map-file=/Users/tungstonlabs/Desktop/HealthApp-Mobile/ios/Pods/Headers/Public/RCTDeprecation/RCTDeprecation.modulemap' '-fmodule-map-file=/Users/tungstonlabs/Desktop/HealthApp-Mobile/ios/Pods/Headers/Public/RCTImage/React-RCTImage.modulemap' '-fmodule-map-file=/Users/tungstonlabs/Desktop/HealthApp-Mobile/ios/Pods/Headers/Public/RCTTypeSafety/RCTTypeSafety.modulemap' '-fmodule-map-file=/Users/tungstonlabs/Desktop/HealthApp-Mobile/ios/Pods/Headers/Public/React/React-Core.modulemap' '-fmodule-map-file=/Users/tungstonlabs/Desktop/HealthApp-Mobile/ios/Pods/Headers/Public/ReactCommon/ReactCommon.modulemap' '-fmodule-map-file=/Users/tungstonlabs/Desktop/HealthApp-Mobile/ios/Pods/Headers/Public/React_Fabric/React-Fabric.modulemap' '-fmodule-map-file=/Users/tungstonlabs/Desktop/HealthApp-Mobile/ios/Pods/Headers/Public/React_NativeModulesApple/React-NativeModulesApple.modulemap' '-fmodule-map-file=/Users/tungstonlabs/Desktop/HealthApp-Mobile/ios/Pods/Headers/Public/React_runtimeexecutor/React-runtimeexecutor.modulemap' '-fmodule-map-file=/Users/tungstonlabs/Desktop/HealthApp-Mobile/ios/Pods/Headers/Public/SocketRocket/SocketRocket.modulemap' '-fmodule-map-file=/Users/tungstonlabs/Desktop/HealthApp-Mobile/ios/Pods/Headers/Public/fmt/fmt.modulemap' '-fmodule-map-file=/Users/tungstonlabs/Desktop/HealthApp-Mobile/ios/Pods/Headers/Public/folly/RCT-Folly.modulemap' '-fmodule-map-file=/Users/tungstonlabs/Desktop/HealthApp-Mobile/ios/Pods/Headers/Public/glog/glog.modulemap' '-fmodule-map-file=/Users/tungstonlabs/Desktop/HealthApp-Mobile/ios/Pods/Headers/Public/jsi/React-jsi.modulemap' '-fmodule-map-file=/Users/tungstonlabs/Desktop/HealthApp-Mobile/ios/Pods/Headers/Public/jsinspector_modern/React-jsinspector.modulemap' '-fmodule-map-file=/Users/tungstonlabs/Desktop/HealthApp-Mobile/ios/Pods/Headers/Public/jsinspector_modern_cdp/React-jsinspectorcdp.modulemap' '-fmodule-map-file=/Users/tungstonlabs/Desktop/HealthApp-Mobile/ios/Pods/Headers/Public/jsinspector_modern_network/React-jsinspectornetwork.modulemap' '-fmodule-map-file=/Users/tungstonlabs/Desktop/HealthApp-Mobile/ios/Pods/Headers/Public/jsinspector_modern_tracing/React-jsinspectortracing.modulemap' '-fmodule-map-file=/Users/tungstonlabs/Desktop/HealthApp-Mobile/ios/Pods/Headers/Public/react_debug/React-debug.modulemap' '-fmodule-map-file=/Users/tungstonlabs/Desktop/HealthApp-Mobile/ios/Pods/Headers/Public/react_featureflags/React-featureflags.modulemap' '-fmodule-map-file=/Users/tungstonlabs/Desktop/HealthApp-Mobile/ios/Pods/Headers/Public/react_renderer_css/React-renderercss.modulemap' '-fmodule-map-file=/Users/tungstonlabs/Desktop/HealthApp-Mobile/ios/Pods/Headers/Public/react_renderer_debug/React-rendererdebug.modulemap' '-fmodule-map-file=/Users/tungstonlabs/Desktop/HealthApp-Mobile/ios/Pods/Headers/Public/react_renderer_graphics/React-graphics.modulemap' '-fmodule-map-file=/Users/tungstonlabs/Desktop/HealthApp-Mobile/ios/Pods/Headers/Public/react_runtime/React-jsitooling.modulemap' '-fmodule-map-file=/Users/tungstonlabs/Desktop/HealthApp-Mobile/ios/Pods/Headers/Public/react_utils/React-utils.modulemap' '-fmodule-map-file=/Users/tungstonlabs/Desktop/HealthApp-Mobile/ios/Pods/Headers/Public/reacthermes/React-hermes.modulemap' '-fmodule-map-file=/Users/tungstonlabs/Desktop/HealthApp-Mobile/ios/Pods/Headers/Public/yoga/Yoga.modulemap'

WriteAuxiliaryFile /Users/tungstonlabs/Library/Developer/Xcode/DerivedData/HealthApp-fjgvhltvryzvlufiayyipuiynnzt/Build/Intermediates.noindex/Pods.build/Debug-iphoneos/React-CoreModules.build/Objects-normal/arm64/React-CoreModules.LinkFileList (in target 'React-CoreModules' from project 'Pods')
    cd /Users/tungstonlabs/Desktop/HealthApp-Mobile/ios/Pods
    write-file /Users/tungstonlabs/Library/Developer/Xcode/DerivedData/HealthApp-fjgvhltvryzvlufiayyipuiynnzt/Build/Intermediates.noindex/Pods.build/Debug-iphoneos/React-CoreModules.build/Objects-normal/arm64/React-CoreModules.LinkFileList

WriteAuxiliaryFile /Users/tungstonlabs/Library/Developer/Xcode/DerivedData/HealthApp-fjgvhltvryzvlufiayyipuiynnzt/Build/Intermediates.noindex/Pods.build/Debug-iphoneos/React-Core-React-Core_privacy.build/React-Core_privacy.hmap (in target 'React-Core-React-Core_privacy' from project 'Pods')
    cd /Users/tungstonlabs/Desktop/HealthApp-Mobile/ios/Pods
    write-file /Users/tungstonlabs/Library/Developer/Xcode/DerivedData/HealthApp-fjgvhltvryzvlufiayyipuiynnzt/Build/Intermediates.noindex/Pods.build/Debug-iphoneos/React-Core-React-Core_privacy.build/React-Core_privacy.hmap

WriteAuxiliaryFile /Users/tungstonlabs/Library/Developer/Xcode/DerivedData/HealthApp-fjgvhltvryzvlufiayyipuiynnzt/Build/Intermediates.noindex/Pods.build/Debug-iphoneos/React-Core-React-Core_privacy.build/React-Core_privacy.DependencyStaticMetadataFileList (in target 'React-Core-React-Core_privacy' from project 'Pods')
    cd /Users/tungstonlabs/Desktop/HealthApp-Mobile/ios/Pods
    write-file /Users/tungstonlabs/Library/Developer/Xcode/DerivedData/HealthApp-fjgvhltvryzvlufiayyipuiynnzt/Build/Intermediates.noindex/Pods.build/Debug-iphoneos/React-Core-React-Core_privacy.build/React-Core_privacy.DependencyStaticMetadataFileList

WriteAuxiliaryFile /Users/tungstonlabs/Library/Developer/Xcode/DerivedData/HealthApp-fjgvhltvryzvlufiayyipuiynnzt/Build/Intermediates.noindex/Pods.build/Debug-iphoneos/React-Core-React-Core_privacy.build/React-Core_privacy.DependencyMetadataFileList (in target 'React-Core-React-Core_privacy' from project 'Pods')
    cd /Users/tungstonlabs/Desktop/HealthApp-Mobile/ios/Pods
    write-file /Users/tungstonlabs/Library/Developer/Xcode/DerivedData/HealthApp-fjgvhltvryzvlufiayyipuiynnzt/Build/Intermediates.noindex/Pods.build/Debug-iphoneos/React-Core-React-Core_privacy.build/React-Core_privacy.DependencyMetadataFileList

WriteAuxiliaryFile /Users/tungstonlabs/Library/Developer/Xcode/DerivedData/HealthApp-fjgvhltvryzvlufiayyipuiynnzt/Build/Intermediates.noindex/Pods.build/Debug-iphoneos/React-Core-React-Core_privacy.build/React-Core_privacy-project-headers.hmap (in target 'React-Core-React-Core_privacy' from project 'Pods')
    cd /Users/tungstonlabs/Desktop/HealthApp-Mobile/ios/Pods
    write-file /Users/tungstonlabs/Library/Developer/Xcode/DerivedData/HealthApp-fjgvhltvryzvlufiayyipuiynnzt/Build/Intermediates.noindex/Pods.build/Debug-iphoneos/React-Core-React-Core_privacy.build/React-Core_privacy-project-headers.hmap

WriteAuxiliaryFile /Users/tungstonlabs/Library/Developer/Xcode/DerivedData/HealthApp-fjgvhltvryzvlufiayyipuiynnzt/Build/Intermediates.noindex/Pods.build/Debug-iphoneos/React-Core-React-Core_privacy.build/React-Core_privacy-own-target-headers.hmap (in target 'React-Core-React-Core_privacy' from project 'Pods')
    cd /Users/tungstonlabs/Desktop/HealthApp-Mobile/ios/Pods
    write-file /Users/tungstonlabs/Library/Developer/Xcode/DerivedData/HealthApp-fjgvhltvryzvlufiayyipuiynnzt/Build/Intermediates.noindex/Pods.build/Debug-iphoneos/React-Core-React-Core_privacy.build/React-Core_privacy-own-target-headers.hmap

WriteAuxiliaryFile /Users/tungstonlabs/Library/Developer/Xcode/DerivedData/HealthApp-fjgvhltvryzvlufiayyipuiynnzt/Build/Intermediates.noindex/Pods.build/Debug-iphoneos/React-Core-React-Core_privacy.build/React-Core_privacy-generated-files.hmap (in target 'React-Core-React-Core_privacy' from project 'Pods')
    cd /Users/tungstonlabs/Desktop/HealthApp-Mobile/ios/Pods
    write-file /Users/tungstonlabs/Library/Developer/Xcode/DerivedData/HealthApp-fjgvhltvryzvlufiayyipuiynnzt/Build/Intermediates.noindex/Pods.build/Debug-iphoneos/React-Core-React-Core_privacy.build/React-Core_privacy-generated-files.hmap

WriteAuxiliaryFile /Users/tungstonlabs/Library/Developer/Xcode/DerivedData/HealthApp-fjgvhltvryzvlufiayyipuiynnzt/Build/Intermediates.noindex/Pods.build/Debug-iphoneos/React-Core-React-Core_privacy.build/React-Core_privacy-all-target-headers.hmap (in target 'React-Core-React-Core_privacy' from project 'Pods')
    cd /Users/tungstonlabs/Desktop/HealthApp-Mobile/ios/Pods
    write-file /Users/tungstonlabs/Library/Developer/Xcode/DerivedData/HealthApp-fjgvhltvryzvlufiayyipuiynnzt/Build/Intermediates.noindex/Pods.build/Debug-iphoneos/React-Core-React-Core_privacy.build/React-Core_privacy-all-target-headers.hmap

WriteAuxiliaryFile /Users/tungstonlabs/Library/Developer/Xcode/DerivedData/HealthApp-fjgvhltvryzvlufiayyipuiynnzt/Build/Intermediates.noindex/Pods.build/Debug-iphoneos/React-Core-React-Core_privacy.build/React-Core_privacy-all-non-framework-target-headers.hmap (in target 'React-Core-React-Core_privacy' from project 'Pods')
    cd /Users/tungstonlabs/Desktop/HealthApp-Mobile/ios/Pods
    write-file /Users/tungstonlabs/Library/Developer/Xcode/DerivedData/HealthApp-fjgvhltvryzvlufiayyipuiynnzt/Build/Intermediates.noindex/Pods.build/Debug-iphoneos/React-Core-React-Core_privacy.build/React-Core_privacy-all-non-framework-target-headers.hmap

WriteAuxiliaryFile /Users/tungstonlabs/Library/Developer/Xcode/DerivedData/HealthApp-fjgvhltvryzvlufiayyipuiynnzt/Build/Intermediates.noindex/Pods.build/Debug-iphoneos/React-Core.build/React-Core.hmap (in target 'React-Core' from project 'Pods')
    cd /Users/tungstonlabs/Desktop/HealthApp-Mobile/ios/Pods
    write-file /Users/tungstonlabs/Library/Developer/Xcode/DerivedData/HealthApp-fjgvhltvryzvlufiayyipuiynnzt/Build/Intermediates.noindex/Pods.build/Debug-iphoneos/React-Core.build/React-Core.hmap

WriteAuxiliaryFile /Users/tungstonlabs/Library/Developer/Xcode/DerivedData/HealthApp-fjgvhltvryzvlufiayyipuiynnzt/Build/Intermediates.noindex/Pods.build/Debug-iphoneos/React-Core.build/React-Core.DependencyStaticMetadataFileList (in target 'React-Core' from project 'Pods')
    cd /Users/tungstonlabs/Desktop/HealthApp-Mobile/ios/Pods
    write-file /Users/tungstonlabs/Library/Developer/Xcode/DerivedData/HealthApp-fjgvhltvryzvlufiayyipuiynnzt/Build/Intermediates.noindex/Pods.build/Debug-iphoneos/React-Core.build/React-Core.DependencyStaticMetadataFileList

WriteAuxiliaryFile /Users/tungstonlabs/Library/Developer/Xcode/DerivedData/HealthApp-fjgvhltvryzvlufiayyipuiynnzt/Build/Intermediates.noindex/Pods.build/Debug-iphoneos/React-Core.build/React-Core.DependencyMetadataFileList (in target 'React-Core' from project 'Pods')
    cd /Users/tungstonlabs/Desktop/HealthApp-Mobile/ios/Pods
    write-file /Users/tungstonlabs/Library/Developer/Xcode/DerivedData/HealthApp-fjgvhltvryzvlufiayyipuiynnzt/Build/Intermediates.noindex/Pods.build/Debug-iphoneos/React-Core.build/React-Core.DependencyMetadataFileList

WriteAuxiliaryFile /Users/tungstonlabs/Library/Developer/Xcode/DerivedData/HealthApp-fjgvhltvryzvlufiayyipuiynnzt/Build/Intermediates.noindex/Pods.build/Debug-iphoneos/React-Core.build/React-Core-project-headers.hmap (in target 'React-Core' from project 'Pods')
    cd /Users/tungstonlabs/Desktop/HealthApp-Mobile/ios/Pods
    write-file /Users/tungstonlabs/Library/Developer/Xcode/DerivedData/HealthApp-fjgvhltvryzvlufiayyipuiynnzt/Build/Intermediates.noindex/Pods.build/Debug-iphoneos/React-Core.build/React-Core-project-headers.hmap

WriteAuxiliaryFile /Users/tungstonlabs/Library/Developer/Xcode/DerivedData/HealthApp-fjgvhltvryzvlufiayyipuiynnzt/Build/Intermediates.noindex/Pods.build/Debug-iphoneos/React-Core.build/React-Core-own-target-headers.hmap (in target 'React-Core' from project 'Pods')
    cd /Users/tungstonlabs/Desktop/HealthApp-Mobile/ios/Pods
    write-file /Users/tungstonlabs/Library/Developer/Xcode/DerivedData/HealthApp-fjgvhltvryzvlufiayyipuiynnzt/Build/Intermediates.noindex/Pods.build/Debug-iphoneos/React-Core.build/React-Core-own-target-headers.hmap

WriteAuxiliaryFile /Users/tungstonlabs/Library/Developer/Xcode/DerivedData/HealthApp-fjgvhltvryzvlufiayyipuiynnzt/Build/Intermediates.noindex/Pods.build/Debug-iphoneos/React-Core.build/React-Core-generated-files.hmap (in target 'React-Core' from project 'Pods')
    cd /Users/tungstonlabs/Desktop/HealthApp-Mobile/ios/Pods
    write-file /Users/tungstonlabs/Library/Developer/Xcode/DerivedData/HealthApp-fjgvhltvryzvlufiayyipuiynnzt/Build/Intermediates.noindex/Pods.build/Debug-iphoneos/React-Core.build/React-Core-generated-files.hmap

WriteAuxiliaryFile /Users/tungstonlabs/Library/Developer/Xcode/DerivedData/HealthApp-fjgvhltvryzvlufiayyipuiynnzt/Build/Intermediates.noindex/Pods.build/Debug-iphoneos/React-Core.build/React-Core-all-target-headers.hmap (in target 'React-Core' from project 'Pods')
    cd /Users/tungstonlabs/Desktop/HealthApp-Mobile/ios/Pods
    write-file /Users/tungstonlabs/Library/Developer/Xcode/DerivedData/HealthApp-fjgvhltvryzvlufiayyipuiynnzt/Build/Intermediates.noindex/Pods.build/Debug-iphoneos/React-Core.build/React-Core-all-target-headers.hmap

WriteAuxiliaryFile /Users/tungstonlabs/Library/Developer/Xcode/DerivedData/HealthApp-fjgvhltvryzvlufiayyipuiynnzt/Build/Intermediates.noindex/Pods.build/Debug-iphoneos/React-Core.build/React-Core-all-non-framework-target-headers.hmap (in target 'React-Core' from project 'Pods')
    cd /Users/tungstonlabs/Desktop/HealthApp-Mobile/ios/Pods
    write-file /Users/tungstonlabs/Library/Developer/Xcode/DerivedData/HealthApp-fjgvhltvryzvlufiayyipuiynnzt/Build/Intermediates.noindex/Pods.build/Debug-iphoneos/React-Core.build/React-Core-all-non-framework-target-headers.hmap

WriteAuxiliaryFile /Users/tungstonlabs/Library/Developer/Xcode/DerivedData/HealthApp-fjgvhltvryzvlufiayyipuiynnzt/Build/Intermediates.noindex/Pods.build/Debug-iphoneos/React-Core.build/Objects-normal/arm64/e6072d4f65d7061329687fe24e3d63a7-common-args.resp (in target 'React-Core' from project 'Pods')
    cd /Users/tungstonlabs/Desktop/HealthApp-Mobile/ios/Pods
    write-file /Users/tungstonlabs/Library/Developer/Xcode/DerivedData/HealthApp-fjgvhltvryzvlufiayyipuiynnzt/Build/Intermediates.noindex/Pods.build/Debug-iphoneos/React-Core.build/Objects-normal/arm64/e6072d4f65d7061329687fe24e3d63a7-common-args.resp
'-std=gnu11' -fobjc-arc -fmodules '-fmodules-cache-path=/Users/tungstonlabs/Library/Developer/Xcode/DerivedData/ModuleCache.noindex' '-fmodule-name=React' -fpascal-strings -O0 -fno-common '-DPOD_CONFIGURATION_DEBUG=1' '-DDEBUG=1' '-DCOCOAPODS=1' '-DRCT_METRO_PORT=' '-DOBJC_OLD_DISPATCH_PROTOTYPES=0' -g -iquote /Users/tungstonlabs/Library/Developer/Xcode/DerivedData/HealthApp-fjgvhltvryzvlufiayyipuiynnzt/Build/Intermediates.noindex/Pods.build/Debug-iphoneos/React-Core.build/React-Core-generated-files.hmap -I/Users/tungstonlabs/Library/Developer/Xcode/DerivedData/HealthApp-fjgvhltvryzvlufiayyipuiynnzt/Build/Intermediates.noindex/Pods.build/Debug-iphoneos/React-Core.build/React-Core-own-target-headers.hmap -I/Users/tungstonlabs/Library/Developer/Xcode/DerivedData/HealthApp-fjgvhltvryzvlufiayyipuiynnzt/Build/Intermediates.noindex/Pods.build/Debug-iphoneos/React-Core.build/React-Core-all-non-framework-target-headers.hmap -ivfsoverlay /Users/tungstonlabs/Library/Developer/Xcode/DerivedData/HealthApp-fjgvhltvryzvlufiayyipuiynnzt/Build/Intermediates.noindex/Pods.build/Debug-iphoneos/Pods-8699adb1dd336b26511df848a716bd42-VFS-iphoneos/all-product-headers.yaml -iquote /Users/tungstonlabs/Library/Developer/Xcode/DerivedData/HealthApp-fjgvhltvryzvlufiayyipuiynnzt/Build/Intermediates.noindex/Pods.build/Debug-iphoneos/React-Core.build/React-Core-project-headers.hmap -I/Users/tungstonlabs/Library/Developer/Xcode/DerivedData/HealthApp-fjgvhltvryzvlufiayyipuiynnzt/Build/Products/Debug-iphoneos/React-Core/include -I/Users/tungstonlabs/Desktop/HealthApp-Mobile/ios/Pods/Headers/Private -I/Users/tungstonlabs/Desktop/HealthApp-Mobile/ios/Pods/Headers/Private/React-Core -I/Users/tungstonlabs/Desktop/HealthApp-Mobile/ios/Pods/Headers/Public -I/Users/tungstonlabs/Desktop/HealthApp-Mobile/ios/Pods/Headers/Public/DoubleConversion -I/Users/tungstonlabs/Desktop/HealthApp-Mobile/ios/Pods/Headers/Public/RCT-Folly -I/Users/tungstonlabs/Desktop/HealthApp-Mobile/ios/Pods/Headers/Public/React-Core -I/Users/tungstonlabs/Desktop/HealthApp-Mobile/ios/Pods/Headers/Public/React-callinvoker -I/Users/tungstonlabs/Desktop/HealthApp-Mobile/ios/Pods/Headers/Public/React-cxxreact -I/Users/tungstonlabs/Desktop/HealthApp-Mobile/ios/Pods/Headers/Public/React-debug -I/Users/tungstonlabs/Desktop/HealthApp-Mobile/ios/Pods/Headers/Public/React-featureflags -I/Users/tungstonlabs/Desktop/HealthApp-Mobile/ios/Pods/Headers/Public/React-hermes -I/Users/tungstonlabs/Desktop/HealthApp-Mobile/ios/Pods/Headers/Public/React-jsi -I/Users/tungstonlabs/Desktop/HealthApp-Mobile/ios/Pods/Headers/Public/React-jsiexecutor -I/Users/tungstonlabs/Desktop/HealthApp-Mobile/ios/Pods/Headers/Public/React-jsinspector -I/Users/tungstonlabs/Desktop/HealthApp-Mobile/ios/Pods/Headers/Public/React-jsinspectorcdp -I/Users/tungstonlabs/Desktop/HealthApp-Mobile/ios/Pods/Headers/Public/React-jsinspectornetwork -I/Users/tungstonlabs/Desktop/HealthApp-Mobile/ios/Pods/Headers/Public/React-jsinspectortracing -I/Users/tungstonlabs/Desktop/HealthApp-Mobile/ios/Pods/Headers/Public/React-jsitooling -I/Users/tungstonlabs/Desktop/HealthApp-Mobile/ios/Pods/Headers/Public/React-logger -I/Users/tungstonlabs/Desktop/HealthApp-Mobile/ios/Pods/Headers/Public/React-oscompat -I/Users/tungstonlabs/Desktop/HealthApp-Mobile/ios/Pods/Headers/Public/React-perflogger -I/Users/tungstonlabs/Desktop/HealthApp-Mobile/ios/Pods/Headers/Public/React-performancetimeline -I/Users/tungstonlabs/Desktop/HealthApp-Mobile/ios/Pods/Headers/Public/React-rendererconsistency -I/Users/tungstonlabs/Desktop/HealthApp-Mobile/ios/Pods/Headers/Public/React-rendererdebug -I/Users/tungstonlabs/Desktop/HealthApp-Mobile/ios/Pods/Headers/Public/React-runtimeexecutor -I/Users/tungstonlabs/Desktop/HealthApp-Mobile/ios/Pods/Headers/Public/React-runtimescheduler -I/Users/tungstonlabs/Desktop/HealthApp-Mobile/ios/Pods/Headers/Public/React-timing -I/Users/tungstonlabs/Desktop/HealthApp-Mobile/ios/Pods/Headers/Public/React-utils -I/Users/tungstonlabs/Desktop/HealthApp-Mobile/ios/Pods/Headers/Public/Yoga -I/Users/tungstonlabs/Desktop/HealthApp-Mobile/ios/Pods/Headers/Public/boost -I/Users/tungstonlabs/Desktop/HealthApp-Mobile/ios/Pods/Headers/Public/fast_float -I/Users/tungstonlabs/Desktop/HealthApp-Mobile/ios/Pods/Headers/Public/fmt -I/Users/tungstonlabs/Desktop/HealthApp-Mobile/ios/Pods/Headers/Public/glog -I/Users/tungstonlabs/Desktop/HealthApp-Mobile/ios/Pods/Headers/Public/hermes-engine -I/Users/tungstonlabs/Desktop/HealthApp-Mobile/node_modules/react-native/ReactCommon -I/Users/tungstonlabs/Desktop/HealthApp-Mobile/ios/Pods/Headers/Public/FlipperKit -I/Users/tungstonlabs/Desktop/HealthApp-Mobile/ios/Pods/Headers/Public/ReactCommon -I/Users/tungstonlabs/Desktop/HealthApp-Mobile/ios/Pods/Headers/Public/React-hermes -I/Users/tungstonlabs/Desktop/HealthApp-Mobile/ios/Pods/Headers/Public/hermes-engine -I/Users/tungstonlabs/Library/Developer/Xcode/DerivedData/HealthApp-fjgvhltvryzvlufiayyipuiynnzt/Build/Products/Debug-iphoneos/React-runtimeexecutor/React_runtimeexecutor.framework/Headers -I/Users/tungstonlabs/Library/Developer/Xcode/DerivedData/HealthApp-fjgvhltvryzvlufiayyipuiynnzt/Build/Products/Debug-iphoneos/React-runtimeexecutor/React_runtimeexecutor.framework/Headers/platform/ios -I/Users/tungstonlabs/Library/Developer/Xcode/DerivedData/HealthApp-fjgvhltvryzvlufiayyipuiynnzt/Build/Products/Debug-iphoneos/React-jsinspector/jsinspector_modern.framework/Headers -I/Users/tungstonlabs/Library/Developer/Xcode/DerivedData/HealthApp-fjgvhltvryzvlufiayyipuiynnzt/Build/Products/Debug-iphoneos/React-jsinspectorcdp/jsinspector_moderncdp.framework/Headers -I/Users/tungstonlabs/Library/Developer/Xcode/DerivedData/HealthApp-fjgvhltvryzvlufiayyipuiynnzt/Build/Products/Debug-iphoneos/React-jsitooling/JSITooling.framework/Headers -I/Users/tungstonlabs/Library/Developer/Xcode/DerivedData/HealthApp-fjgvhltvryzvlufiayyipuiynnzt/Build/Products/Debug-iphoneos/React-utils/React_utils.framework/Headers -I/Users/tungstonlabs/Library/Developer/Xcode/DerivedData/HealthApp-fjgvhltvryzvlufiayyipuiynnzt/Build/Products/Debug-iphoneos/React-utils/React_utils.framework/Headers/react/utils/platform/ios -I/Users/tungstonlabs/Library/Developer/Xcode/DerivedData/HealthApp-fjgvhltvryzvlufiayyipuiynnzt/Build/Products/Debug-iphoneos/RCTDeprecation/RCTDeprecation.framework/Headers -I/Users/tungstonlabs/Desktop/HealthApp-Mobile/ios/Pods/glog -I/Users/tungstonlabs/Desktop/HealthApp-Mobile/ios/Pods/boost -I/Users/tungstonlabs/Desktop/HealthApp-Mobile/ios/Pods/DoubleConversion -I/Users/tungstonlabs/Desktop/HealthApp-Mobile/ios/Pods/fast_float/include -I/Users/tungstonlabs/Desktop/HealthApp-Mobile/ios/Pods/fmt/include -I/Users/tungstonlabs/Desktop/HealthApp-Mobile/ios/Pods/SocketRocket -I/Users/tungstonlabs/Desktop/HealthApp-Mobile/ios/Pods/RCT-Folly -I/Users/tungstonlabs/Library/Developer/Xcode/DerivedData/HealthApp-fjgvhltvryzvlufiayyipuiynnzt/Build/Intermediates.noindex/Pods.build/Debug-iphoneos/React-Core.build/DerivedSources-normal/arm64 -I/Users/tungstonlabs/Library/Developer/Xcode/DerivedData/HealthApp-fjgvhltvryzvlufiayyipuiynnzt/Build/Intermediates.noindex/Pods.build/Debug-iphoneos/React-Core.build/DerivedSources/arm64 -I/Users/tungstonlabs/Library/Developer/Xcode/DerivedData/HealthApp-fjgvhltvryzvlufiayyipuiynnzt/Build/Intermediates.noindex/Pods.build/Debug-iphoneos/React-Core.build/DerivedSources -F/Users/tungstonlabs/Library/Developer/Xcode/DerivedData/HealthApp-fjgvhltvryzvlufiayyipuiynnzt/Build/Products/Debug-iphoneos/React-Core -F/Users/tungstonlabs/Desktop/HealthApp-Mobile/ios/Pods/hermes-engine/destroot/Library/Frameworks/universal -F/Users/tungstonlabs/Library/Developer/Xcode/DerivedData/HealthApp-fjgvhltvryzvlufiayyipuiynnzt/Build/Products/Debug-iphoneos/XCFrameworkIntermediates/hermes-engine/Pre-built -F/Users/tungstonlabs/Library/Developer/Xcode/DerivedData/HealthApp-fjgvhltvryzvlufiayyipuiynnzt/Build/Products/Debug-iphoneos/React-hermes '-fmodule-map-file=/Users/tungstonlabs/Desktop/HealthApp-Mobile/ios/Pods/Headers/Public/DoubleConversion/DoubleConversion.modulemap' '-fmodule-map-file=/Users/tungstonlabs/Desktop/HealthApp-Mobile/ios/Pods/Headers/Public/RCTDeprecation/RCTDeprecation.modulemap' '-fmodule-map-file=/Users/tungstonlabs/Desktop/HealthApp-Mobile/ios/Pods/Headers/Public/React_runtimeexecutor/React-runtimeexecutor.modulemap' '-fmodule-map-file=/Users/tungstonlabs/Desktop/HealthApp-Mobile/ios/Pods/Headers/Public/SocketRocket/SocketRocket.modulemap' '-fmodule-map-file=/Users/tungstonlabs/Desktop/HealthApp-Mobile/ios/Pods/Headers/Public/fmt/fmt.modulemap' '-fmodule-map-file=/Users/tungstonlabs/Desktop/HealthApp-Mobile/ios/Pods/Headers/Public/folly/RCT-Folly.modulemap' '-fmodule-map-file=/Users/tungstonlabs/Desktop/HealthApp-Mobile/ios/Pods/Headers/Public/glog/glog.modulemap' '-fmodule-map-file=/Users/tungstonlabs/Desktop/HealthApp-Mobile/ios/Pods/Headers/Public/jsi/React-jsi.modulemap' '-fmodule-map-file=/Users/tungstonlabs/Desktop/HealthApp-Mobile/ios/Pods/Headers/Public/jsinspector_modern/React-jsinspector.modulemap' '-fmodule-map-file=/Users/tungstonlabs/Desktop/HealthApp-Mobile/ios/Pods/Headers/Public/jsinspector_modern_cdp/React-jsinspectorcdp.modulemap' '-fmodule-map-file=/Users/tungstonlabs/Desktop/HealthApp-Mobile/ios/Pods/Headers/Public/jsinspector_modern_network/React-jsinspectornetwork.modulemap' '-fmodule-map-file=/Users/tungstonlabs/Desktop/HealthApp-Mobile/ios/Pods/Headers/Public/jsinspector_modern_tracing/React-jsinspectortracing.modulemap' '-fmodule-map-file=/Users/tungstonlabs/Desktop/HealthApp-Mobile/ios/Pods/Headers/Public/react_debug/React-debug.modulemap' '-fmodule-map-file=/Users/tungstonlabs/Desktop/HealthApp-Mobile/ios/Pods/Headers/Public/react_featureflags/React-featureflags.modulemap' '-fmodule-map-file=/Users/tungstonlabs/Desktop/HealthApp-Mobile/ios/Pods/Headers/Public/react_renderer_debug/React-rendererdebug.modulemap' '-fmodule-map-file=/Users/tungstonlabs/Desktop/HealthApp-Mobile/ios/Pods/Headers/Public/react_runtime/React-jsitooling.modulemap' '-fmodule-map-file=/Users/tungstonlabs/Desktop/HealthApp-Mobile/ios/Pods/Headers/Public/react_utils/React-utils.modulemap' '-fmodule-map-file=/Users/tungstonlabs/Desktop/HealthApp-Mobile/ios/Pods/Headers/Public/reacthermes/React-hermes.modulemap' '-fmodule-map-file=/Users/tungstonlabs/Desktop/HealthApp-Mobile/ios/Pods/Headers/Public/yoga/Yoga.modulemap'

WriteAuxiliaryFile /Users/tungstonlabs/Library/Developer/Xcode/DerivedData/HealthApp-fjgvhltvryzvlufiayyipuiynnzt/Build/Intermediates.noindex/Pods.build/Debug-iphoneos/React-Core.build/Objects-normal/arm64/af3fcb34312c57c0f52879cdce924b91-common-args.resp (in target 'React-Core' from project 'Pods')
    cd /Users/tungstonlabs/Desktop/HealthApp-Mobile/ios/Pods
    write-file /Users/tungstonlabs/Library/Developer/Xcode/DerivedData/HealthApp-fjgvhltvryzvlufiayyipuiynnzt/Build/Intermediates.noindex/Pods.build/Debug-iphoneos/React-Core.build/Objects-normal/arm64/af3fcb34312c57c0f52879cdce924b91-common-args.resp
'-std=c++20' '-stdlib=libc++' -fobjc-arc -fmodules -fno-cxx-modules '-fmodules-cache-path=/Users/tungstonlabs/Library/Developer/Xcode/DerivedData/ModuleCache.noindex' '-fmodule-name=React' '-D_LIBCPP_HARDENING_MODE=_LIBCPP_HARDENING_MODE_DEBUG' -fpascal-strings -O0 -fno-common '-DPOD_CONFIGURATION_DEBUG=1' '-DDEBUG=1' '-DCOCOAPODS=1' '-DRCT_METRO_PORT=' '-DOBJC_OLD_DISPATCH_PROTOTYPES=0' -g -iquote /Users/tungstonlabs/Library/Developer/Xcode/DerivedData/HealthApp-fjgvhltvryzvlufiayyipuiynnzt/Build/Intermediates.noindex/Pods.build/Debug-iphoneos/React-Core.build/React-Core-generated-files.hmap -I/Users/tungstonlabs/Library/Developer/Xcode/DerivedData/HealthApp-fjgvhltvryzvlufiayyipuiynnzt/Build/Intermediates.noindex/Pods.build/Debug-iphoneos/React-Core.build/React-Core-own-target-headers.hmap -I/Users/tungstonlabs/Library/Developer/Xcode/DerivedData/HealthApp-fjgvhltvryzvlufiayyipuiynnzt/Build/Intermediates.noindex/Pods.build/Debug-iphoneos/React-Core.build/React-Core-all-non-framework-target-headers.hmap -ivfsoverlay /Users/tungstonlabs/Library/Developer/Xcode/DerivedData/HealthApp-fjgvhltvryzvlufiayyipuiynnzt/Build/Intermediates.noindex/Pods.build/Debug-iphoneos/Pods-8699adb1dd336b26511df848a716bd42-VFS-iphoneos/all-product-headers.yaml -iquote /Users/tungstonlabs/Library/Developer/Xcode/DerivedData/HealthApp-fjgvhltvryzvlufiayyipuiynnzt/Build/Intermediates.noindex/Pods.build/Debug-iphoneos/React-Core.build/React-Core-project-headers.hmap -I/Users/tungstonlabs/Library/Developer/Xcode/DerivedData/HealthApp-fjgvhltvryzvlufiayyipuiynnzt/Build/Products/Debug-iphoneos/React-Core/include -I/Users/tungstonlabs/Desktop/HealthApp-Mobile/ios/Pods/Headers/Private -I/Users/tungstonlabs/Desktop/HealthApp-Mobile/ios/Pods/Headers/Private/React-Core -I/Users/tungstonlabs/Desktop/HealthApp-Mobile/ios/Pods/Headers/Public -I/Users/tungstonlabs/Desktop/HealthApp-Mobile/ios/Pods/Headers/Public/DoubleConversion -I/Users/tungstonlabs/Desktop/HealthApp-Mobile/ios/Pods/Headers/Public/RCT-Folly -I/Users/tungstonlabs/Desktop/HealthApp-Mobile/ios/Pods/Headers/Public/React-Core -I/Users/tungstonlabs/Desktop/HealthApp-Mobile/ios/Pods/Headers/Public/React-callinvoker -I/Users/tungstonlabs/Desktop/HealthApp-Mobile/ios/Pods/Headers/Public/React-cxxreact -I/Users/tungstonlabs/Desktop/HealthApp-Mobile/ios/Pods/Headers/Public/React-debug -I/Users/tungstonlabs/Desktop/HealthApp-Mobile/ios/Pods/Headers/Public/React-featureflags -I/Users/tungstonlabs/Desktop/HealthApp-Mobile/ios/Pods/Headers/Public/React-hermes -I/Users/tungstonlabs/Desktop/HealthApp-Mobile/ios/Pods/Headers/Public/React-jsi -I/Users/tungstonlabs/Desktop/HealthApp-Mobile/ios/Pods/Headers/Public/React-jsiexecutor -I/Users/tungstonlabs/Desktop/HealthApp-Mobile/ios/Pods/Headers/Public/React-jsinspector -I/Users/tungstonlabs/Desktop/HealthApp-Mobile/ios/Pods/Headers/Public/React-jsinspectorcdp -I/Users/tungstonlabs/Desktop/HealthApp-Mobile/ios/Pods/Headers/Public/React-jsinspectornetwork -I/Users/tungstonlabs/Desktop/HealthApp-Mobile/ios/Pods/Headers/Public/React-jsinspectortracing -I/Users/tungstonlabs/Desktop/HealthApp-Mobile/ios/Pods/Headers/Public/React-jsitooling -I/Users/tungstonlabs/Desktop/HealthApp-Mobile/ios/Pods/Headers/Public/React-logger -I/Users/tungstonlabs/Desktop/HealthApp-Mobile/ios/Pods/Headers/Public/React-oscompat -I/Users/tungstonlabs/Desktop/HealthApp-Mobile/ios/Pods/Headers/Public/React-perflogger -I/Users/tungstonlabs/Desktop/HealthApp-Mobile/ios/Pods/Headers/Public/React-performancetimeline -I/Users/tungstonlabs/Desktop/HealthApp-Mobile/ios/Pods/Headers/Public/React-rendererconsistency -I/Users/tungstonlabs/Desktop/HealthApp-Mobile/ios/Pods/Headers/Public/React-rendererdebug -I/Users/tungstonlabs/Desktop/HealthApp-Mobile/ios/Pods/Headers/Public/React-runtimeexecutor -I/Users/tungstonlabs/Desktop/HealthApp-Mobile/ios/Pods/Headers/Public/React-runtimescheduler -I/Users/tungstonlabs/Desktop/HealthApp-Mobile/ios/Pods/Headers/Public/React-timing -I/Users/tungstonlabs/Desktop/HealthApp-Mobile/ios/Pods/Headers/Public/React-utils -I/Users/tungstonlabs/Desktop/HealthApp-Mobile/ios/Pods/Headers/Public/Yoga -I/Users/tungstonlabs/Desktop/HealthApp-Mobile/ios/Pods/Headers/Public/boost -I/Users/tungstonlabs/Desktop/HealthApp-Mobile/ios/Pods/Headers/Public/fast_float -I/Users/tungstonlabs/Desktop/HealthApp-Mobile/ios/Pods/Headers/Public/fmt -I/Users/tungstonlabs/Desktop/HealthApp-Mobile/ios/Pods/Headers/Public/glog -I/Users/tungstonlabs/Desktop/HealthApp-Mobile/ios/Pods/Headers/Public/hermes-engine -I/Users/tungstonlabs/Desktop/HealthApp-Mobile/node_modules/react-native/ReactCommon -I/Users/tungstonlabs/Desktop/HealthApp-Mobile/ios/Pods/Headers/Public/FlipperKit -I/Users/tungstonlabs/Desktop/HealthApp-Mobile/ios/Pods/Headers/Public/ReactCommon -I/Users/tungstonlabs/Desktop/HealthApp-Mobile/ios/Pods/Headers/Public/React-hermes -I/Users/tungstonlabs/Desktop/HealthApp-Mobile/ios/Pods/Headers/Public/hermes-engine -I/Users/tungstonlabs/Library/Developer/Xcode/DerivedData/HealthApp-fjgvhltvryzvlufiayyipuiynnzt/Build/Products/Debug-iphoneos/React-runtimeexecutor/React_runtimeexecutor.framework/Headers -I/Users/tungstonlabs/Library/Developer/Xcode/DerivedData/HealthApp-fjgvhltvryzvlufiayyipuiynnzt/Build/Products/Debug-iphoneos/React-runtimeexecutor/React_runtimeexecutor.framework/Headers/platform/ios -I/Users/tungstonlabs/Library/Developer/Xcode/DerivedData/HealthApp-fjgvhltvryzvlufiayyipuiynnzt/Build/Products/Debug-iphoneos/React-jsinspector/jsinspector_modern.framework/Headers -I/Users/tungstonlabs/Library/Developer/Xcode/DerivedData/HealthApp-fjgvhltvryzvlufiayyipuiynnzt/Build/Products/Debug-iphoneos/React-jsinspectorcdp/jsinspector_moderncdp.framework/Headers -I/Users/tungstonlabs/Library/Developer/Xcode/DerivedData/HealthApp-fjgvhltvryzvlufiayyipuiynnzt/Build/Products/Debug-iphoneos/React-jsitooling/JSITooling.framework/Headers -I/Users/tungstonlabs/Library/Developer/Xcode/DerivedData/HealthApp-fjgvhltvryzvlufiayyipuiynnzt/Build/Products/Debug-iphoneos/React-utils/React_utils.framework/Headers -I/Users/tungstonlabs/Library/Developer/Xcode/DerivedData/HealthApp-fjgvhltvryzvlufiayyipuiynnzt/Build/Products/Debug-iphoneos/React-utils/React_utils.framework/Headers/react/utils/platform/ios -I/Users/tungstonlabs/Library/Developer/Xcode/DerivedData/HealthApp-fjgvhltvryzvlufiayyipuiynnzt/Build/Products/Debug-iphoneos/RCTDeprecation/RCTDeprecation.framework/Headers -I/Users/tungstonlabs/Desktop/HealthApp-Mobile/ios/Pods/glog -I/Users/tungstonlabs/Desktop/HealthApp-Mobile/ios/Pods/boost -I/Users/tungstonlabs/Desktop/HealthApp-Mobile/ios/Pods/DoubleConversion -I/Users/tungstonlabs/Desktop/HealthApp-Mobile/ios/Pods/fast_float/include -I/Users/tungstonlabs/Desktop/HealthApp-Mobile/ios/Pods/fmt/include -I/Users/tungstonlabs/Desktop/HealthApp-Mobile/ios/Pods/SocketRocket -I/Users/tungstonlabs/Desktop/HealthApp-Mobile/ios/Pods/RCT-Folly -I/Users/tungstonlabs/Library/Developer/Xcode/DerivedData/HealthApp-fjgvhltvryzvlufiayyipuiynnzt/Build/Intermediates.noindex/Pods.build/Debug-iphoneos/React-Core.build/DerivedSources-normal/arm64 -I/Users/tungstonlabs/Library/Developer/Xcode/DerivedData/HealthApp-fjgvhltvryzvlufiayyipuiynnzt/Build/Intermediates.noindex/Pods.build/Debug-iphoneos/React-Core.build/DerivedSources/arm64 -I/Users/tungstonlabs/Library/Developer/Xcode/DerivedData/HealthApp-fjgvhltvryzvlufiayyipuiynnzt/Build/Intermediates.noindex/Pods.build/Debug-iphoneos/React-Core.build/DerivedSources -F/Users/tungstonlabs/Library/Developer/Xcode/DerivedData/HealthApp-fjgvhltvryzvlufiayyipuiynnzt/Build/Products/Debug-iphoneos/React-Core -F/Users/tungstonlabs/Desktop/HealthApp-Mobile/ios/Pods/hermes-engine/destroot/Library/Frameworks/universal -F/Users/tungstonlabs/Library/Developer/Xcode/DerivedData/HealthApp-fjgvhltvryzvlufiayyipuiynnzt/Build/Products/Debug-iphoneos/XCFrameworkIntermediates/hermes-engine/Pre-built -F/Users/tungstonlabs/Library/Developer/Xcode/DerivedData/HealthApp-fjgvhltvryzvlufiayyipuiynnzt/Build/Products/Debug-iphoneos/React-hermes '-fmodule-map-file=/Users/tungstonlabs/Desktop/HealthApp-Mobile/ios/Pods/Headers/Public/DoubleConversion/DoubleConversion.modulemap' '-fmodule-map-file=/Users/tungstonlabs/Desktop/HealthApp-Mobile/ios/Pods/Headers/Public/RCTDeprecation/RCTDeprecation.modulemap' '-fmodule-map-file=/Users/tungstonlabs/Desktop/HealthApp-Mobile/ios/Pods/Headers/Public/React_runtimeexecutor/React-runtimeexecutor.modulemap' '-fmodule-map-file=/Users/tungstonlabs/Desktop/HealthApp-Mobile/ios/Pods/Headers/Public/SocketRocket/SocketRocket.modulemap' '-fmodule-map-file=/Users/tungstonlabs/Desktop/HealthApp-Mobile/ios/Pods/Headers/Public/fmt/fmt.modulemap' '-fmodule-map-file=/Users/tungstonlabs/Desktop/HealthApp-Mobile/ios/Pods/Headers/Public/folly/RCT-Folly.modulemap' '-fmodule-map-file=/Users/tungstonlabs/Desktop/HealthApp-Mobile/ios/Pods/Headers/Public/glog/glog.modulemap' '-fmodule-map-file=/Users/tungstonlabs/Desktop/HealthApp-Mobile/ios/Pods/Headers/Public/jsi/React-jsi.modulemap' '-fmodule-map-file=/Users/tungstonlabs/Desktop/HealthApp-Mobile/ios/Pods/Headers/Public/jsinspector_modern/React-jsinspector.modulemap' '-fmodule-map-file=/Users/tungstonlabs/Desktop/HealthApp-Mobile/ios/Pods/Headers/Public/jsinspector_modern_cdp/React-jsinspectorcdp.modulemap' '-fmodule-map-file=/Users/tungstonlabs/Desktop/HealthApp-Mobile/ios/Pods/Headers/Public/jsinspector_modern_network/React-jsinspectornetwork.modulemap' '-fmodule-map-file=/Users/tungstonlabs/Desktop/HealthApp-Mobile/ios/Pods/Headers/Public/jsinspector_modern_tracing/React-jsinspectortracing.modulemap' '-fmodule-map-file=/Users/tungstonlabs/Desktop/HealthApp-Mobile/ios/Pods/Headers/Public/react_debug/React-debug.modulemap' '-fmodule-map-file=/Users/tungstonlabs/Desktop/HealthApp-Mobile/ios/Pods/Headers/Public/react_featureflags/React-featureflags.modulemap' '-fmodule-map-file=/Users/tungstonlabs/Desktop/HealthApp-Mobile/ios/Pods/Headers/Public/react_renderer_debug/React-rendererdebug.modulemap' '-fmodule-map-file=/Users/tungstonlabs/Desktop/HealthApp-Mobile/ios/Pods/Headers/Public/react_runtime/React-jsitooling.modulemap' '-fmodule-map-file=/Users/tungstonlabs/Desktop/HealthApp-Mobile/ios/Pods/Headers/Public/react_utils/React-utils.modulemap' '-fmodule-map-file=/Users/tungstonlabs/Desktop/HealthApp-Mobile/ios/Pods/Headers/Public/reacthermes/React-hermes.modulemap' '-fmodule-map-file=/Users/tungstonlabs/Desktop/HealthApp-Mobile/ios/Pods/Headers/Public/yoga/Yoga.modulemap' '-DRCT_NEW_ARCH_ENABLED=1'

WriteAuxiliaryFile /Users/tungstonlabs/Library/Developer/Xcode/DerivedData/HealthApp-fjgvhltvryzvlufiayyipuiynnzt/Build/Intermediates.noindex/Pods.build/Debug-iphoneos/React-Core.build/Objects-normal/arm64/React-Core.LinkFileList (in target 'React-Core' from project 'Pods')
    cd /Users/tungstonlabs/Desktop/HealthApp-Mobile/ios/Pods
    write-file /Users/tungstonlabs/Library/Developer/Xcode/DerivedData/HealthApp-fjgvhltvryzvlufiayyipuiynnzt/Build/Intermediates.noindex/Pods.build/Debug-iphoneos/React-Core.build/Objects-normal/arm64/React-Core.LinkFileList

WriteAuxiliaryFile /Users/tungstonlabs/Library/Developer/Xcode/DerivedData/HealthApp-fjgvhltvryzvlufiayyipuiynnzt/Build/Intermediates.noindex/Pods.build/Debug-iphoneos/React-Core.build/Objects-normal/arm64/533656923a283fa776881f304837ed9e-common-args.resp (in target 'React-Core' from project 'Pods')
    cd /Users/tungstonlabs/Desktop/HealthApp-Mobile/ios/Pods
    write-file /Users/tungstonlabs/Library/Developer/Xcode/DerivedData/HealthApp-fjgvhltvryzvlufiayyipuiynnzt/Build/Intermediates.noindex/Pods.build/Debug-iphoneos/React-Core.build/Objects-normal/arm64/533656923a283fa776881f304837ed9e-common-args.resp
'-fmodules-cache-path=/Users/tungstonlabs/Library/Developer/Xcode/DerivedData/ModuleCache.noindex' '-fmodule-name=React' -fpascal-strings -O0 -fno-common '-DPOD_CONFIGURATION_DEBUG=1' '-DDEBUG=1' '-DCOCOAPODS=1' '-DRCT_METRO_PORT=' -g -iquote /Users/tungstonlabs/Library/Developer/Xcode/DerivedData/HealthApp-fjgvhltvryzvlufiayyipuiynnzt/Build/Intermediates.noindex/Pods.build/Debug-iphoneos/React-Core.build/React-Core-generated-files.hmap -I/Users/tungstonlabs/Library/Developer/Xcode/DerivedData/HealthApp-fjgvhltvryzvlufiayyipuiynnzt/Build/Intermediates.noindex/Pods.build/Debug-iphoneos/React-Core.build/React-Core-own-target-headers.hmap -I/Users/tungstonlabs/Library/Developer/Xcode/DerivedData/HealthApp-fjgvhltvryzvlufiayyipuiynnzt/Build/Intermediates.noindex/Pods.build/Debug-iphoneos/React-Core.build/React-Core-all-non-framework-target-headers.hmap -ivfsoverlay /Users/tungstonlabs/Library/Developer/Xcode/DerivedData/HealthApp-fjgvhltvryzvlufiayyipuiynnzt/Build/Intermediates.noindex/Pods.build/Debug-iphoneos/Pods-8699adb1dd336b26511df848a716bd42-VFS-iphoneos/all-product-headers.yaml -iquote /Users/tungstonlabs/Library/Developer/Xcode/DerivedData/HealthApp-fjgvhltvryzvlufiayyipuiynnzt/Build/Intermediates.noindex/Pods.build/Debug-iphoneos/React-Core.build/React-Core-project-headers.hmap -I/Users/tungstonlabs/Library/Developer/Xcode/DerivedData/HealthApp-fjgvhltvryzvlufiayyipuiynnzt/Build/Products/Debug-iphoneos/React-Core/include -I/Users/tungstonlabs/Desktop/HealthApp-Mobile/ios/Pods/Headers/Private -I/Users/tungstonlabs/Desktop/HealthApp-Mobile/ios/Pods/Headers/Private/React-Core -I/Users/tungstonlabs/Desktop/HealthApp-Mobile/ios/Pods/Headers/Public -I/Users/tungstonlabs/Desktop/HealthApp-Mobile/ios/Pods/Headers/Public/DoubleConversion -I/Users/tungstonlabs/Desktop/HealthApp-Mobile/ios/Pods/Headers/Public/RCT-Folly -I/Users/tungstonlabs/Desktop/HealthApp-Mobile/ios/Pods/Headers/Public/React-Core -I/Users/tungstonlabs/Desktop/HealthApp-Mobile/ios/Pods/Headers/Public/React-callinvoker -I/Users/tungstonlabs/Desktop/HealthApp-Mobile/ios/Pods/Headers/Public/React-cxxreact -I/Users/tungstonlabs/Desktop/HealthApp-Mobile/ios/Pods/Headers/Public/React-debug -I/Users/tungstonlabs/Desktop/HealthApp-Mobile/ios/Pods/Headers/Public/React-featureflags -I/Users/tungstonlabs/Desktop/HealthApp-Mobile/ios/Pods/Headers/Public/React-hermes -I/Users/tungstonlabs/Desktop/HealthApp-Mobile/ios/Pods/Headers/Public/React-jsi -I/Users/tungstonlabs/Desktop/HealthApp-Mobile/ios/Pods/Headers/Public/React-jsiexecutor -I/Users/tungstonlabs/Desktop/HealthApp-Mobile/ios/Pods/Headers/Public/React-jsinspector -I/Users/tungstonlabs/Desktop/HealthApp-Mobile/ios/Pods/Headers/Public/React-jsinspectorcdp -I/Users/tungstonlabs/Desktop/HealthApp-Mobile/ios/Pods/Headers/Public/React-jsinspectornetwork -I/Users/tungstonlabs/Desktop/HealthApp-Mobile/ios/Pods/Headers/Public/React-jsinspectortracing -I/Users/tungstonlabs/Desktop/HealthApp-Mobile/ios/Pods/Headers/Public/React-jsitooling -I/Users/tungstonlabs/Desktop/HealthApp-Mobile/ios/Pods/Headers/Public/React-logger -I/Users/tungstonlabs/Desktop/HealthApp-Mobile/ios/Pods/Headers/Public/React-oscompat -I/Users/tungstonlabs/Desktop/HealthApp-Mobile/ios/Pods/Headers/Public/React-perflogger -I/Users/tungstonlabs/Desktop/HealthApp-Mobile/ios/Pods/Headers/Public/React-performancetimeline -I/Users/tungstonlabs/Desktop/HealthApp-Mobile/ios/Pods/Headers/Public/React-rendererconsistency -I/Users/tungstonlabs/Desktop/HealthApp-Mobile/ios/Pods/Headers/Public/React-rendererdebug -I/Users/tungstonlabs/Desktop/HealthApp-Mobile/ios/Pods/Headers/Public/React-runtimeexecutor -I/Users/tungstonlabs/Desktop/HealthApp-Mobile/ios/Pods/Headers/Public/React-runtimescheduler -I/Users/tungstonlabs/Desktop/HealthApp-Mobile/ios/Pods/Headers/Public/React-timing -I/Users/tungstonlabs/Desktop/HealthApp-Mobile/ios/Pods/Headers/Public/React-utils -I/Users/tungstonlabs/Desktop/HealthApp-Mobile/ios/Pods/Headers/Public/Yoga -I/Users/tungstonlabs/Desktop/HealthApp-Mobile/ios/Pods/Headers/Public/boost -I/Users/tungstonlabs/Desktop/HealthApp-Mobile/ios/Pods/Headers/Public/fast_float -I/Users/tungstonlabs/Desktop/HealthApp-Mobile/ios/Pods/Headers/Public/fmt -I/Users/tungstonlabs/Desktop/HealthApp-Mobile/ios/Pods/Headers/Public/glog -I/Users/tungstonlabs/Desktop/HealthApp-Mobile/ios/Pods/Headers/Public/hermes-engine -I/Users/tungstonlabs/Desktop/HealthApp-Mobile/node_modules/react-native/ReactCommon -I/Users/tungstonlabs/Desktop/HealthApp-Mobile/ios/Pods/Headers/Public/FlipperKit -I/Users/tungstonlabs/Desktop/HealthApp-Mobile/ios/Pods/Headers/Public/ReactCommon -I/Users/tungstonlabs/Desktop/HealthApp-Mobile/ios/Pods/Headers/Public/React-hermes -I/Users/tungstonlabs/Desktop/HealthApp-Mobile/ios/Pods/Headers/Public/hermes-engine -I/Users/tungstonlabs/Library/Developer/Xcode/DerivedData/HealthApp-fjgvhltvryzvlufiayyipuiynnzt/Build/Products/Debug-iphoneos/React-runtimeexecutor/React_runtimeexecutor.framework/Headers -I/Users/tungstonlabs/Library/Developer/Xcode/DerivedData/HealthApp-fjgvhltvryzvlufiayyipuiynnzt/Build/Products/Debug-iphoneos/React-runtimeexecutor/React_runtimeexecutor.framework/Headers/platform/ios -I/Users/tungstonlabs/Library/Developer/Xcode/DerivedData/HealthApp-fjgvhltvryzvlufiayyipuiynnzt/Build/Products/Debug-iphoneos/React-jsinspector/jsinspector_modern.framework/Headers -I/Users/tungstonlabs/Library/Developer/Xcode/DerivedData/HealthApp-fjgvhltvryzvlufiayyipuiynnzt/Build/Products/Debug-iphoneos/React-jsinspectorcdp/jsinspector_moderncdp.framework/Headers -I/Users/tungstonlabs/Library/Developer/Xcode/DerivedData/HealthApp-fjgvhltvryzvlufiayyipuiynnzt/Build/Products/Debug-iphoneos/React-jsitooling/JSITooling.framework/Headers -I/Users/tungstonlabs/Library/Developer/Xcode/DerivedData/HealthApp-fjgvhltvryzvlufiayyipuiynnzt/Build/Products/Debug-iphoneos/React-utils/React_utils.framework/Headers -I/Users/tungstonlabs/Library/Developer/Xcode/DerivedData/HealthApp-fjgvhltvryzvlufiayyipuiynnzt/Build/Products/Debug-iphoneos/React-utils/React_utils.framework/Headers/react/utils/platform/ios -I/Users/tungstonlabs/Library/Developer/Xcode/DerivedData/HealthApp-fjgvhltvryzvlufiayyipuiynnzt/Build/Products/Debug-iphoneos/RCTDeprecation/RCTDeprecation.framework/Headers -I/Users/tungstonlabs/Desktop/HealthApp-Mobile/ios/Pods/glog -I/Users/tungstonlabs/Desktop/HealthApp-Mobile/ios/Pods/boost -I/Users/tungstonlabs/Desktop/HealthApp-Mobile/ios/Pods/DoubleConversion -I/Users/tungstonlabs/Desktop/HealthApp-Mobile/ios/Pods/fast_float/include -I/Users/tungstonlabs/Desktop/HealthApp-Mobile/ios/Pods/fmt/include -I/Users/tungstonlabs/Desktop/HealthApp-Mobile/ios/Pods/SocketRocket -I/Users/tungstonlabs/Desktop/HealthApp-Mobile/ios/Pods/RCT-Folly -I/Users/tungstonlabs/Library/Developer/Xcode/DerivedData/HealthApp-fjgvhltvryzvlufiayyipuiynnzt/Build/Intermediates.noindex/Pods.build/Debug-iphoneos/React-Core.build/DerivedSources-normal/arm64 -I/Users/tungstonlabs/Library/Developer/Xcode/DerivedData/HealthApp-fjgvhltvryzvlufiayyipuiynnzt/Build/Intermediates.noindex/Pods.build/Debug-iphoneos/React-Core.build/DerivedSources/arm64 -I/Users/tungstonlabs/Library/Developer/Xcode/DerivedData/HealthApp-fjgvhltvryzvlufiayyipuiynnzt/Build/Intermediates.noindex/Pods.build/Debug-iphoneos/React-Core.build/DerivedSources -F/Users/tungstonlabs/Library/Developer/Xcode/DerivedData/HealthApp-fjgvhltvryzvlufiayyipuiynnzt/Build/Products/Debug-iphoneos/React-Core -F/Users/tungstonlabs/Desktop/HealthApp-Mobile/ios/Pods/hermes-engine/destroot/Library/Frameworks/universal -F/Users/tungstonlabs/Library/Developer/Xcode/DerivedData/HealthApp-fjgvhltvryzvlufiayyipuiynnzt/Build/Products/Debug-iphoneos/XCFrameworkIntermediates/hermes-engine/Pre-built -F/Users/tungstonlabs/Library/Developer/Xcode/DerivedData/HealthApp-fjgvhltvryzvlufiayyipuiynnzt/Build/Products/Debug-iphoneos/React-hermes '-fmodule-map-file=/Users/tungstonlabs/Desktop/HealthApp-Mobile/ios/Pods/Headers/Public/DoubleConversion/DoubleConversion.modulemap' '-fmodule-map-file=/Users/tungstonlabs/Desktop/HealthApp-Mobile/ios/Pods/Headers/Public/RCTDeprecation/RCTDeprecation.modulemap' '-fmodule-map-file=/Users/tungstonlabs/Desktop/HealthApp-Mobile/ios/Pods/Headers/Public/React_runtimeexecutor/React-runtimeexecutor.modulemap' '-fmodule-map-file=/Users/tungstonlabs/Desktop/HealthApp-Mobile/ios/Pods/Headers/Public/SocketRocket/SocketRocket.modulemap' '-fmodule-map-file=/Users/tungstonlabs/Desktop/HealthApp-Mobile/ios/Pods/Headers/Public/fmt/fmt.modulemap' '-fmodule-map-file=/Users/tungstonlabs/Desktop/HealthApp-Mobile/ios/Pods/Headers/Public/folly/RCT-Folly.modulemap' '-fmodule-map-file=/Users/tungstonlabs/Desktop/HealthApp-Mobile/ios/Pods/Headers/Public/glog/glog.modulemap' '-fmodule-map-file=/Users/tungstonlabs/Desktop/HealthApp-Mobile/ios/Pods/Headers/Public/jsi/React-jsi.modulemap' '-fmodule-map-file=/Users/tungstonlabs/Desktop/HealthApp-Mobile/ios/Pods/Headers/Public/jsinspector_modern/React-jsinspector.modulemap' '-fmodule-map-file=/Users/tungstonlabs/Desktop/HealthApp-Mobile/ios/Pods/Headers/Public/jsinspector_modern_cdp/React-jsinspectorcdp.modulemap' '-fmodule-map-file=/Users/tungstonlabs/Desktop/HealthApp-Mobile/ios/Pods/Headers/Public/jsinspector_modern_network/React-jsinspectornetwork.modulemap' '-fmodule-map-file=/Users/tungstonlabs/Desktop/HealthApp-Mobile/ios/Pods/Headers/Public/jsinspector_modern_tracing/React-jsinspectortracing.modulemap' '-fmodule-map-file=/Users/tungstonlabs/Desktop/HealthApp-Mobile/ios/Pods/Headers/Public/react_debug/React-debug.modulemap' '-fmodule-map-file=/Users/tungstonlabs/Desktop/HealthApp-Mobile/ios/Pods/Headers/Public/react_featureflags/React-featureflags.modulemap' '-fmodule-map-file=/Users/tungstonlabs/Desktop/HealthApp-Mobile/ios/Pods/Headers/Public/react_renderer_debug/React-rendererdebug.modulemap' '-fmodule-map-file=/Users/tungstonlabs/Desktop/HealthApp-Mobile/ios/Pods/Headers/Public/react_runtime/React-jsitooling.modulemap' '-fmodule-map-file=/Users/tungstonlabs/Desktop/HealthApp-Mobile/ios/Pods/Headers/Public/react_utils/React-utils.modulemap' '-fmodule-map-file=/Users/tungstonlabs/Desktop/HealthApp-Mobile/ios/Pods/Headers/Public/reacthermes/React-hermes.modulemap' '-fmodule-map-file=/Users/tungstonlabs/Desktop/HealthApp-Mobile/ios/Pods/Headers/Public/yoga/Yoga.modulemap'

WriteAuxiliaryFile /Users/tungstonlabs/Library/Developer/Xcode/DerivedData/HealthApp-fjgvhltvryzvlufiayyipuiynnzt/Build/Intermediates.noindex/Pods.build/Debug-iphoneos/RNWorklets.build/RNWorklets.hmap (in target 'RNWorklets' from project 'Pods')
    cd /Users/tungstonlabs/Desktop/HealthApp-Mobile/ios/Pods
    write-file /Users/tungstonlabs/Library/Developer/Xcode/DerivedData/HealthApp-fjgvhltvryzvlufiayyipuiynnzt/Build/Intermediates.noindex/Pods.build/Debug-iphoneos/RNWorklets.build/RNWorklets.hmap

WriteAuxiliaryFile /Users/tungstonlabs/Library/Developer/Xcode/DerivedData/HealthApp-fjgvhltvryzvlufiayyipuiynnzt/Build/Intermediates.noindex/Pods.build/Debug-iphoneos/RNWorklets.build/RNWorklets.DependencyStaticMetadataFileList (in target 'RNWorklets' from project 'Pods')
    cd /Users/tungstonlabs/Desktop/HealthApp-Mobile/ios/Pods
    write-file /Users/tungstonlabs/Library/Developer/Xcode/DerivedData/HealthApp-fjgvhltvryzvlufiayyipuiynnzt/Build/Intermediates.noindex/Pods.build/Debug-iphoneos/RNWorklets.build/RNWorklets.DependencyStaticMetadataFileList

WriteAuxiliaryFile /Users/tungstonlabs/Library/Developer/Xcode/DerivedData/HealthApp-fjgvhltvryzvlufiayyipuiynnzt/Build/Intermediates.noindex/Pods.build/Debug-iphoneos/RNWorklets.build/RNWorklets.DependencyMetadataFileList (in target 'RNWorklets' from project 'Pods')
    cd /Users/tungstonlabs/Desktop/HealthApp-Mobile/ios/Pods
    write-file /Users/tungstonlabs/Library/Developer/Xcode/DerivedData/HealthApp-fjgvhltvryzvlufiayyipuiynnzt/Build/Intermediates.noindex/Pods.build/Debug-iphoneos/RNWorklets.build/RNWorklets.DependencyMetadataFileList

WriteAuxiliaryFile /Users/tungstonlabs/Library/Developer/Xcode/DerivedData/HealthApp-fjgvhltvryzvlufiayyipuiynnzt/Build/Intermediates.noindex/Pods.build/Debug-iphoneos/RNWorklets.build/RNWorklets-project-headers.hmap (in target 'RNWorklets' from project 'Pods')
    cd /Users/tungstonlabs/Desktop/HealthApp-Mobile/ios/Pods
    write-file /Users/tungstonlabs/Library/Developer/Xcode/DerivedData/HealthApp-fjgvhltvryzvlufiayyipuiynnzt/Build/Intermediates.noindex/Pods.build/Debug-iphoneos/RNWorklets.build/RNWorklets-project-headers.hmap

WriteAuxiliaryFile /Users/tungstonlabs/Library/Developer/Xcode/DerivedData/HealthApp-fjgvhltvryzvlufiayyipuiynnzt/Build/Intermediates.noindex/Pods.build/Debug-iphoneos/RNWorklets.build/RNWorklets-own-target-headers.hmap (in target 'RNWorklets' from project 'Pods')
    cd /Users/tungstonlabs/Desktop/HealthApp-Mobile/ios/Pods
    write-file /Users/tungstonlabs/Library/Developer/Xcode/DerivedData/HealthApp-fjgvhltvryzvlufiayyipuiynnzt/Build/Intermediates.noindex/Pods.build/Debug-iphoneos/RNWorklets.build/RNWorklets-own-target-headers.hmap

WriteAuxiliaryFile /Users/tungstonlabs/Library/Developer/Xcode/DerivedData/HealthApp-fjgvhltvryzvlufiayyipuiynnzt/Build/Intermediates.noindex/Pods.build/Debug-iphoneos/RNWorklets.build/RNWorklets-generated-files.hmap (in target 'RNWorklets' from project 'Pods')
    cd /Users/tungstonlabs/Desktop/HealthApp-Mobile/ios/Pods
    write-file /Users/tungstonlabs/Library/Developer/Xcode/DerivedData/HealthApp-fjgvhltvryzvlufiayyipuiynnzt/Build/Intermediates.noindex/Pods.build/Debug-iphoneos/RNWorklets.build/RNWorklets-generated-files.hmap

WriteAuxiliaryFile /Users/tungstonlabs/Library/Developer/Xcode/DerivedData/HealthApp-fjgvhltvryzvlufiayyipuiynnzt/Build/Intermediates.noindex/Pods.build/Debug-iphoneos/RNWorklets.build/RNWorklets-all-target-headers.hmap (in target 'RNWorklets' from project 'Pods')
    cd /Users/tungstonlabs/Desktop/HealthApp-Mobile/ios/Pods
    write-file /Users/tungstonlabs/Library/Developer/Xcode/DerivedData/HealthApp-fjgvhltvryzvlufiayyipuiynnzt/Build/Intermediates.noindex/Pods.build/Debug-iphoneos/RNWorklets.build/RNWorklets-all-target-headers.hmap

WriteAuxiliaryFile /Users/tungstonlabs/Library/Developer/Xcode/DerivedData/HealthApp-fjgvhltvryzvlufiayyipuiynnzt/Build/Intermediates.noindex/Pods.build/Debug-iphoneos/RNWorklets.build/RNWorklets-all-non-framework-target-headers.hmap (in target 'RNWorklets' from project 'Pods')
    cd /Users/tungstonlabs/Desktop/HealthApp-Mobile/ios/Pods
    write-file /Users/tungstonlabs/Library/Developer/Xcode/DerivedData/HealthApp-fjgvhltvryzvlufiayyipuiynnzt/Build/Intermediates.noindex/Pods.build/Debug-iphoneos/RNWorklets.build/RNWorklets-all-non-framework-target-headers.hmap

WriteAuxiliaryFile /Users/tungstonlabs/Library/Developer/Xcode/DerivedData/HealthApp-fjgvhltvryzvlufiayyipuiynnzt/Build/Intermediates.noindex/Pods.build/Debug-iphoneos/RNWorklets.build/Objects-normal/arm64/e6072d4f65d7061329687fe24e3d63a7-common-args.resp (in target 'RNWorklets' from project 'Pods')
    cd /Users/tungstonlabs/Desktop/HealthApp-Mobile/ios/Pods
    write-file /Users/tungstonlabs/Library/Developer/Xcode/DerivedData/HealthApp-fjgvhltvryzvlufiayyipuiynnzt/Build/Intermediates.noindex/Pods.build/Debug-iphoneos/RNWorklets.build/Objects-normal/arm64/e6072d4f65d7061329687fe24e3d63a7-common-args.resp
'-std=gnu11' -fobjc-arc -fmodules '-fmodules-cache-path=/Users/tungstonlabs/Library/Developer/Xcode/DerivedData/ModuleCache.noindex' '-fmodule-name=RNWorklets' -fpascal-strings -O0 -fno-common '-DPOD_CONFIGURATION_DEBUG=1' '-DDEBUG=1' '-DCOCOAPODS=1' '-DHERMES_ENABLE_DEBUGGER=1' '-DOBJC_OLD_DISPATCH_PROTOTYPES=0' -g -iquote /Users/tungstonlabs/Library/Developer/Xcode/DerivedData/HealthApp-fjgvhltvryzvlufiayyipuiynnzt/Build/Intermediates.noindex/Pods.build/Debug-iphoneos/RNWorklets.build/RNWorklets-generated-files.hmap -I/Users/tungstonlabs/Library/Developer/Xcode/DerivedData/HealthApp-fjgvhltvryzvlufiayyipuiynnzt/Build/Intermediates.noindex/Pods.build/Debug-iphoneos/RNWorklets.build/RNWorklets-own-target-headers.hmap -I/Users/tungstonlabs/Library/Developer/Xcode/DerivedData/HealthApp-fjgvhltvryzvlufiayyipuiynnzt/Build/Intermediates.noindex/Pods.build/Debug-iphoneos/RNWorklets.build/RNWorklets-all-non-framework-target-headers.hmap -ivfsoverlay /Users/tungstonlabs/Library/Developer/Xcode/DerivedData/HealthApp-fjgvhltvryzvlufiayyipuiynnzt/Build/Intermediates.noindex/Pods.build/Debug-iphoneos/Pods-8699adb1dd336b26511df848a716bd42-VFS-iphoneos/all-product-headers.yaml -iquote /Users/tungstonlabs/Library/Developer/Xcode/DerivedData/HealthApp-fjgvhltvryzvlufiayyipuiynnzt/Build/Intermediates.noindex/Pods.build/Debug-iphoneos/RNWorklets.build/RNWorklets-project-headers.hmap -I/Users/tungstonlabs/Library/Developer/Xcode/DerivedData/HealthApp-fjgvhltvryzvlufiayyipuiynnzt/Build/Products/Debug-iphoneos/RNWorklets/include -I/Users/tungstonlabs/Desktop/HealthApp-Mobile/ios/Pods/Headers/Private -I/Users/tungstonlabs/Desktop/HealthApp-Mobile/ios/Pods/Headers/Private/RNWorklets -I/Users/tungstonlabs/Desktop/HealthApp-Mobile/ios/Pods/Headers/Public -I/Users/tungstonlabs/Desktop/HealthApp-Mobile/ios/Pods/Headers/Public/DoubleConversion -I/Users/tungstonlabs/Desktop/HealthApp-Mobile/ios/Pods/Headers/Public/FBLazyVector -I/Users/tungstonlabs/Desktop/HealthApp-Mobile/ios/Pods/Headers/Public/RCT-Folly -I/Users/tungstonlabs/Desktop/HealthApp-Mobile/ios/Pods/Headers/Public/RCTRequired -I/Users/tungstonlabs/Desktop/HealthApp-Mobile/ios/Pods/Headers/Public/RCTTypeSafety -I/Users/tungstonlabs/Desktop/HealthApp-Mobile/ios/Pods/Headers/Public/RNWorklets -I/Users/tungstonlabs/Desktop/HealthApp-Mobile/ios/Pods/Headers/Public/React-Core -I/Users/tungstonlabs/Desktop/HealthApp-Mobile/ios/Pods/Headers/Public/React-Fabric -I/Users/tungstonlabs/Desktop/HealthApp-Mobile/ios/Pods/Headers/Public/React-FabricComponents -I/Users/tungstonlabs/Desktop/HealthApp-Mobile/ios/Pods/Headers/Public/React-FabricImage -I/Users/tungstonlabs/Desktop/HealthApp-Mobile/ios/Pods/Headers/Public/React-ImageManager -I/Users/tungstonlabs/Desktop/HealthApp-Mobile/ios/Pods/Headers/Public/React-Mapbuffer -I/Users/tungstonlabs/Desktop/HealthApp-Mobile/ios/Pods/Headers/Public/React-NativeModulesApple -I/Users/tungstonlabs/Desktop/HealthApp-Mobile/ios/Pods/Headers/Public/React-RCTAnimation -I/Users/tungstonlabs/Desktop/HealthApp-Mobile/ios/Pods/Headers/Public/React-RCTBlob -I/Users/tungstonlabs/Desktop/HealthApp-Mobile/ios/Pods/Headers/Public/React-RCTFBReactNativeSpec -I/Users/tungstonlabs/Desktop/HealthApp-Mobile/ios/Pods/Headers/Public/React-RCTFabric -I/Users/tungstonlabs/Desktop/HealthApp-Mobile/ios/Pods/Headers/Public/React-RCTRuntime -I/Users/tungstonlabs/Desktop/HealthApp-Mobile/ios/Pods/Headers/Public/React-RCTText -I/Users/tungstonlabs/Desktop/HealthApp-Mobile/ios/Pods/Headers/Public/React-RuntimeApple -I/Users/tungstonlabs/Desktop/HealthApp-Mobile/ios/Pods/Headers/Public/React-RuntimeCore -I/Users/tungstonlabs/Desktop/HealthApp-Mobile/ios/Pods/Headers/Public/React-RuntimeHermes -I/Users/tungstonlabs/Desktop/HealthApp-Mobile/ios/Pods/Headers/Public/React-callinvoker -I/Users/tungstonlabs/Desktop/HealthApp-Mobile/ios/Pods/Headers/Public/React-cxxreact -I/Users/tungstonlabs/Desktop/HealthApp-Mobile/ios/Pods/Headers/Public/React-debug -I/Users/tungstonlabs/Desktop/HealthApp-Mobile/ios/Pods/Headers/Public/React-defaultsnativemodule -I/Users/tungstonlabs/Desktop/HealthApp-Mobile/ios/Pods/Headers/Public/React-domnativemodule -I/Users/tungstonlabs/Desktop/HealthApp-Mobile/ios/Pods/Headers/Public/React-featureflags -I/Users/tungstonlabs/Desktop/HealthApp-Mobile/ios/Pods/Headers/Public/React-featureflagsnativemodule -I/Users/tungstonlabs/Desktop/HealthApp-Mobile/ios/Pods/Headers/Public/React-graphics -I/Users/tungstonlabs/Desktop/HealthApp-Mobile/ios/Pods/Headers/Public/React-hermes -I/Users/tungstonlabs/Desktop/HealthApp-Mobile/ios/Pods/Headers/Public/React-idlecallbacksnativemodule -I/Users/tungstonlabs/Desktop/HealthApp-Mobile/ios/Pods/Headers/Public/React-jserrorhandler -I/Users/tungstonlabs/Desktop/HealthApp-Mobile/ios/Pods/Headers/Public/React-jsi -I/Users/tungstonlabs/Desktop/HealthApp-Mobile/ios/Pods/Headers/Public/React-jsiexecutor -I/Users/tungstonlabs/Desktop/HealthApp-Mobile/ios/Pods/Headers/Public/React-jsinspector -I/Users/tungstonlabs/Desktop/HealthApp-Mobile/ios/Pods/Headers/Public/React-jsinspectorcdp -I/Users/tungstonlabs/Desktop/HealthApp-Mobile/ios/Pods/Headers/Public/React-jsinspectornetwork -I/Users/tungstonlabs/Desktop/HealthApp-Mobile/ios/Pods/Headers/Public/React-jsinspectortracing -I/Users/tungstonlabs/Desktop/HealthApp-Mobile/ios/Pods/Headers/Public/React-jsitooling -I/Users/tungstonlabs/Desktop/HealthApp-Mobile/ios/Pods/Headers/Public/React-logger -I/Users/tungstonlabs/Desktop/HealthApp-Mobile/ios/Pods/Headers/Public/React-microtasksnativemodule -I/Users/tungstonlabs/Desktop/HealthApp-Mobile/ios/Pods/Headers/Public/React-oscompat -I/Users/tungstonlabs/Desktop/HealthApp-Mobile/ios/Pods/Headers/Public/React-perflogger -I/Users/tungstonlabs/Desktop/HealthApp-Mobile/ios/Pods/Headers/Public/React-performancecdpmetrics -I/Users/tungstonlabs/Desktop/HealthApp-Mobile/ios/Pods/Headers/Public/React-performancetimeline -I/Users/tungstonlabs/Desktop/HealthApp-Mobile/ios/Pods/Headers/Public/React-rendererconsistency -I/Users/tungstonlabs/Desktop/HealthApp-Mobile/ios/Pods/Headers/Public/React-renderercss -I/Users/tungstonlabs/Desktop/HealthApp-Mobile/ios/Pods/Headers/Public/React-rendererdebug -I/Users/tungstonlabs/Desktop/HealthApp-Mobile/ios/Pods/Headers/Public/React-runtimeexecutor -I/Users/tungstonlabs/Desktop/HealthApp-Mobile/ios/Pods/Headers/Public/React-runtimescheduler -I/Users/tungstonlabs/Desktop/HealthApp-Mobile/ios/Pods/Headers/Public/React-timing -I/Users/tungstonlabs/Desktop/HealthApp-Mobile/ios/Pods/Headers/Public/React-utils -I/Users/tungstonlabs/Desktop/HealthApp-Mobile/ios/Pods/Headers/Public/React-webperformancenativemodule -I/Users/tungstonlabs/Desktop/HealthApp-Mobile/ios/Pods/Headers/Public/ReactCodegen -I/Users/tungstonlabs/Desktop/HealthApp-Mobile/ios/Pods/Headers/Public/ReactCommon -I/Users/tungstonlabs/Desktop/HealthApp-Mobile/ios/Pods/Headers/Public/Yoga -I/Users/tungstonlabs/Desktop/HealthApp-Mobile/ios/Pods/Headers/Public/boost -I/Users/tungstonlabs/Desktop/HealthApp-Mobile/ios/Pods/Headers/Public/fast_float -I/Users/tungstonlabs/Desktop/HealthApp-Mobile/ios/Pods/Headers/Public/fmt -I/Users/tungstonlabs/Desktop/HealthApp-Mobile/ios/Pods/Headers/Public/glog -I/Users/tungstonlabs/Desktop/HealthApp-Mobile/ios/Pods/Headers/Public/hermes-engine -I/Users/tungstonlabs/Desktop/HealthApp-Mobile/ios/Pods/boost -I/Users/tungstonlabs/Desktop/HealthApp-Mobile/ios/Pods/boost-for-react-native -I/Users/tungstonlabs/Desktop/HealthApp-Mobile/ios/Pods/glog -I/Users/tungstonlabs/Desktop/HealthApp-Mobile/ios/Pods/RCT-Folly -I/Users/tungstonlabs/Desktop/HealthApp-Mobile/ios/Pods/Headers/Public/React-hermes -I/Users/tungstonlabs/Desktop/HealthApp-Mobile/ios/Pods/Headers/Public/hermes-engine -I/Users/tungstonlabs/Desktop/HealthApp-Mobile/node_modules/react-native/ReactCommon -I/Users/tungstonlabs/Desktop/HealthApp-Mobile/node_modules/react-native-worklets/apple -I/Users/tungstonlabs/Desktop/HealthApp-Mobile/node_modules/react-native-worklets/Common/cpp -I/Users/tungstonlabs/Desktop/HealthApp-Mobile/node_modules/react-native-worklets/ReactCommon -I/Users/tungstonlabs/Desktop/HealthApp-Mobile/node_modules/react-native-worklets -I/Users/tungstonlabs/Desktop/HealthApp-Mobile/ios/Pods/RCT-Folly -I/Users/tungstonlabs/Desktop/HealthApp-Mobile/ios/Pods/boost -I/Users/tungstonlabs/Desktop/HealthApp-Mobile/ios/Pods/boost-for-react-native -I/Users/tungstonlabs/Desktop/HealthApp-Mobile/ios/Pods/DoubleConversion -I/Users/tungstonlabs/Desktop/HealthApp-Mobile/ios/Pods/Headers/Private/React-Core -I/Users/tungstonlabs/Desktop/HealthApp-Mobile/ios/Pods/Headers/Private/Yoga -I/Users/tungstonlabs/Library/Developer/Xcode/DerivedData/HealthApp-fjgvhltvryzvlufiayyipuiynnzt/Build/Intermediates.noindex/Pods.build/Debug-iphoneos/RNWorklets.build/DerivedSources-normal/arm64 -I/Users/tungstonlabs/Library/Developer/Xcode/DerivedData/HealthApp-fjgvhltvryzvlufiayyipuiynnzt/Build/Intermediates.noindex/Pods.build/Debug-iphoneos/RNWorklets.build/DerivedSources/arm64 -I/Users/tungstonlabs/Library/Developer/Xcode/DerivedData/HealthApp-fjgvhltvryzvlufiayyipuiynnzt/Build/Intermediates.noindex/Pods.build/Debug-iphoneos/RNWorklets.build/DerivedSources -F/Users/tungstonlabs/Library/Developer/Xcode/DerivedData/HealthApp-fjgvhltvryzvlufiayyipuiynnzt/Build/Products/Debug-iphoneos/RNWorklets -F/Users/tungstonlabs/Desktop/HealthApp-Mobile/ios/Pods/hermes-engine/destroot/Library/Frameworks/universal -F/Users/tungstonlabs/Library/Developer/Xcode/DerivedData/HealthApp-fjgvhltvryzvlufiayyipuiynnzt/Build/Products/Debug-iphoneos/XCFrameworkIntermediates/hermes-engine/Pre-built -F/Users/tungstonlabs/Library/Developer/Xcode/DerivedData/HealthApp-fjgvhltvryzvlufiayyipuiynnzt/Build/Products/Debug-iphoneos/React-hermes '-fmodule-map-file=/Users/tungstonlabs/Desktop/HealthApp-Mobile/ios/Pods/Headers/Public/DoubleConversion/DoubleConversion.modulemap' '-fmodule-map-file=/Users/tungstonlabs/Desktop/HealthApp-Mobile/ios/Pods/Headers/Public/RCTDeprecation/RCTDeprecation.modulemap' '-fmodule-map-file=/Users/tungstonlabs/Desktop/HealthApp-Mobile/ios/Pods/Headers/Public/RCTFabric/React-RCTFabric.modulemap' '-fmodule-map-file=/Users/tungstonlabs/Desktop/HealthApp-Mobile/ios/Pods/Headers/Public/RCTImage/React-RCTImage.modulemap' '-fmodule-map-file=/Users/tungstonlabs/Desktop/HealthApp-Mobile/ios/Pods/Headers/Public/RCTRuntime/React-RCTRuntime.modulemap' '-fmodule-map-file=/Users/tungstonlabs/Desktop/HealthApp-Mobile/ios/Pods/Headers/Public/RCTTypeSafety/RCTTypeSafety.modulemap' '-fmodule-map-file=/Users/tungstonlabs/Desktop/HealthApp-Mobile/ios/Pods/Headers/Public/React/React-Core.modulemap' '-fmodule-map-file=/Users/tungstonlabs/Desktop/HealthApp-Mobile/ios/Pods/Headers/Public/ReactCodegen/ReactCodegen.modulemap' '-fmodule-map-file=/Users/tungstonlabs/Desktop/HealthApp-Mobile/ios/Pods/Headers/Public/ReactCommon/ReactCommon.modulemap' '-fmodule-map-file=/Users/tungstonlabs/Desktop/HealthApp-Mobile/ios/Pods/Headers/Public/React_Fabric/React-Fabric.modulemap' '-fmodule-map-file=/Users/tungstonlabs/Desktop/HealthApp-Mobile/ios/Pods/Headers/Public/React_FabricComponents/React-FabricComponents.modulemap' '-fmodule-map-file=/Users/tungstonlabs/Desktop/HealthApp-Mobile/ios/Pods/Headers/Public/React_NativeModulesApple/React-NativeModulesApple.modulemap' '-fmodule-map-file=/Users/tungstonlabs/Desktop/HealthApp-Mobile/ios/Pods/Headers/Public/React_RCTAppDelegate/React-RCTAppDelegate.modulemap' '-fmodule-map-file=/Users/tungstonlabs/Desktop/HealthApp-Mobile/ios/Pods/Headers/Public/React_runtimeexecutor/React-runtimeexecutor.modulemap' '-fmodule-map-file=/Users/tungstonlabs/Desktop/HealthApp-Mobile/ios/Pods/Headers/Public/SocketRocket/SocketRocket.modulemap' '-fmodule-map-file=/Users/tungstonlabs/Desktop/HealthApp-Mobile/ios/Pods/Headers/Public/fmt/fmt.modulemap' '-fmodule-map-file=/Users/tungstonlabs/Desktop/HealthApp-Mobile/ios/Pods/Headers/Public/folly/RCT-Folly.modulemap' '-fmodule-map-file=/Users/tungstonlabs/Desktop/HealthApp-Mobile/ios/Pods/Headers/Public/glog/glog.modulemap' '-fmodule-map-file=/Users/tungstonlabs/Desktop/HealthApp-Mobile/ios/Pods/Headers/Public/jsi/React-jsi.modulemap' '-fmodule-map-file=/Users/tungstonlabs/Desktop/HealthApp-Mobile/ios/Pods/Headers/Public/jsinspector_modern/React-jsinspector.modulemap' '-fmodule-map-file=/Users/tungstonlabs/Desktop/HealthApp-Mobile/ios/Pods/Headers/Public/jsinspector_modern_cdp/React-jsinspectorcdp.modulemap' '-fmodule-map-file=/Users/tungstonlabs/Desktop/HealthApp-Mobile/ios/Pods/Headers/Public/jsinspector_modern_network/React-jsinspectornetwork.modulemap' '-fmodule-map-file=/Users/tungstonlabs/Desktop/HealthApp-Mobile/ios/Pods/Headers/Public/jsinspector_modern_tracing/React-jsinspectortracing.modulemap' '-fmodule-map-file=/Users/tungstonlabs/Desktop/HealthApp-Mobile/ios/Pods/Headers/Public/react_debug/React-debug.modulemap' '-fmodule-map-file=/Users/tungstonlabs/Desktop/HealthApp-Mobile/ios/Pods/Headers/Public/react_featureflags/React-featureflags.modulemap' '-fmodule-map-file=/Users/tungstonlabs/Desktop/HealthApp-Mobile/ios/Pods/Headers/Public/react_nativemodule_defaults/React-defaultsnativemodule.modulemap' '-fmodule-map-file=/Users/tungstonlabs/Desktop/HealthApp-Mobile/ios/Pods/Headers/Public/react_nativemodule_dom/React-domnativemodule.modulemap' '-fmodule-map-file=/Users/tungstonlabs/Desktop/HealthApp-Mobile/ios/Pods/Headers/Public/react_nativemodule_featureflags/React-featureflagsnativemodule.modulemap' '-fmodule-map-file=/Users/tungstonlabs/Desktop/HealthApp-Mobile/ios/Pods/Headers/Public/react_nativemodule_idlecallbacks/React-idlecallbacksnativemodule.modulemap' '-fmodule-map-file=/Users/tungstonlabs/Desktop/HealthApp-Mobile/ios/Pods/Headers/Public/react_nativemodule_microtasks/React-microtasksnativemodule.modulemap' '-fmodule-map-file=/Users/tungstonlabs/Desktop/HealthApp-Mobile/ios/Pods/Headers/Public/react_nativemodule_webperformance/React-webperformancenativemodule.modulemap' '-fmodule-map-file=/Users/tungstonlabs/Desktop/HealthApp-Mobile/ios/Pods/Headers/Public/react_renderer_css/React-renderercss.modulemap' '-fmodule-map-file=/Users/tungstonlabs/Desktop/HealthApp-Mobile/ios/Pods/Headers/Public/react_renderer_debug/React-rendererdebug.modulemap' '-fmodule-map-file=/Users/tungstonlabs/Desktop/HealthApp-Mobile/ios/Pods/Headers/Public/react_renderer_graphics/React-graphics.modulemap' '-fmodule-map-file=/Users/tungstonlabs/Desktop/HealthApp-Mobile/ios/Pods/Headers/Public/react_renderer_imagemanager/React-ImageManager.modulemap' '-fmodule-map-file=/Users/tungstonlabs/Desktop/HealthApp-Mobile/ios/Pods/Headers/Public/react_runtime/React-jsitooling.modulemap' '-fmodule-map-file=/Users/tungstonlabs/Desktop/HealthApp-Mobile/ios/Pods/Headers/Public/react_utils/React-utils.modulemap' '-fmodule-map-file=/Users/tungstonlabs/Desktop/HealthApp-Mobile/ios/Pods/Headers/Public/reacthermes/React-hermes.modulemap' '-fmodule-map-file=/Users/tungstonlabs/Desktop/HealthApp-Mobile/ios/Pods/Headers/Public/yoga/Yoga.modulemap' '-DWORKLETS_FEATURE_FLAGS=[RUNTIME_TEST_FLAG:false][IOS_DYNAMIC_FRAMERATE_ENABLED:true]' '-DWORKLETS_VERSION=0.7.2' '-DREACT_NATIVE_MINOR_VERSION=82'

WriteAuxiliaryFile /Users/tungstonlabs/Library/Developer/Xcode/DerivedData/HealthApp-fjgvhltvryzvlufiayyipuiynnzt/Build/Intermediates.noindex/Pods.build/Debug-iphoneos/RNWorklets.build/Objects-normal/arm64/af3fcb34312c57c0f52879cdce924b91-common-args.resp (in target 'RNWorklets' from project 'Pods')
    cd /Users/tungstonlabs/Desktop/HealthApp-Mobile/ios/Pods
    write-file /Users/tungstonlabs/Library/Developer/Xcode/DerivedData/HealthApp-fjgvhltvryzvlufiayyipuiynnzt/Build/Intermediates.noindex/Pods.build/Debug-iphoneos/RNWorklets.build/Objects-normal/arm64/af3fcb34312c57c0f52879cdce924b91-common-args.resp
'-std=c++20' '-stdlib=libc++' -fobjc-arc -fmodules -fno-cxx-modules '-fmodules-cache-path=/Users/tungstonlabs/Library/Developer/Xcode/DerivedData/ModuleCache.noindex' '-fmodule-name=RNWorklets' '-D_LIBCPP_HARDENING_MODE=_LIBCPP_HARDENING_MODE_DEBUG' -fpascal-strings -O0 -fno-common '-DPOD_CONFIGURATION_DEBUG=1' '-DDEBUG=1' '-DCOCOAPODS=1' '-DHERMES_ENABLE_DEBUGGER=1' '-DOBJC_OLD_DISPATCH_PROTOTYPES=0' -g -iquote /Users/tungstonlabs/Library/Developer/Xcode/DerivedData/HealthApp-fjgvhltvryzvlufiayyipuiynnzt/Build/Intermediates.noindex/Pods.build/Debug-iphoneos/RNWorklets.build/RNWorklets-generated-files.hmap -I/Users/tungstonlabs/Library/Developer/Xcode/DerivedData/HealthApp-fjgvhltvryzvlufiayyipuiynnzt/Build/Intermediates.noindex/Pods.build/Debug-iphoneos/RNWorklets.build/RNWorklets-own-target-headers.hmap -I/Users/tungstonlabs/Library/Developer/Xcode/DerivedData/HealthApp-fjgvhltvryzvlufiayyipuiynnzt/Build/Intermediates.noindex/Pods.build/Debug-iphoneos/RNWorklets.build/RNWorklets-all-non-framework-target-headers.hmap -ivfsoverlay /Users/tungstonlabs/Library/Developer/Xcode/DerivedData/HealthApp-fjgvhltvryzvlufiayyipuiynnzt/Build/Intermediates.noindex/Pods.build/Debug-iphoneos/Pods-8699adb1dd336b26511df848a716bd42-VFS-iphoneos/all-product-headers.yaml -iquote /Users/tungstonlabs/Library/Developer/Xcode/DerivedData/HealthApp-fjgvhltvryzvlufiayyipuiynnzt/Build/Intermediates.noindex/Pods.build/Debug-iphoneos/RNWorklets.build/RNWorklets-project-headers.hmap -I/Users/tungstonlabs/Library/Developer/Xcode/DerivedData/HealthApp-fjgvhltvryzvlufiayyipuiynnzt/Build/Products/Debug-iphoneos/RNWorklets/include -I/Users/tungstonlabs/Desktop/HealthApp-Mobile/ios/Pods/Headers/Private -I/Users/tungstonlabs/Desktop/HealthApp-Mobile/ios/Pods/Headers/Private/RNWorklets -I/Users/tungstonlabs/Desktop/HealthApp-Mobile/ios/Pods/Headers/Public -I/Users/tungstonlabs/Desktop/HealthApp-Mobile/ios/Pods/Headers/Public/DoubleConversion -I/Users/tungstonlabs/Desktop/HealthApp-Mobile/ios/Pods/Headers/Public/FBLazyVector -I/Users/tungstonlabs/Desktop/HealthApp-Mobile/ios/Pods/Headers/Public/RCT-Folly -I/Users/tungstonlabs/Desktop/HealthApp-Mobile/ios/Pods/Headers/Public/RCTRequired -I/Users/tungstonlabs/Desktop/HealthApp-Mobile/ios/Pods/Headers/Public/RCTTypeSafety -I/Users/tungstonlabs/Desktop/HealthApp-Mobile/ios/Pods/Headers/Public/RNWorklets -I/Users/tungstonlabs/Desktop/HealthApp-Mobile/ios/Pods/Headers/Public/React-Core -I/Users/tungstonlabs/Desktop/HealthApp-Mobile/ios/Pods/Headers/Public/React-Fabric -I/Users/tungstonlabs/Desktop/HealthApp-Mobile/ios/Pods/Headers/Public/React-FabricComponents -I/Users/tungstonlabs/Desktop/HealthApp-Mobile/ios/Pods/Headers/Public/React-FabricImage -I/Users/tungstonlabs/Desktop/HealthApp-Mobile/ios/Pods/Headers/Public/React-ImageManager -I/Users/tungstonlabs/Desktop/HealthApp-Mobile/ios/Pods/Headers/Public/React-Mapbuffer -I/Users/tungstonlabs/Desktop/HealthApp-Mobile/ios/Pods/Headers/Public/React-NativeModulesApple -I/Users/tungstonlabs/Desktop/HealthApp-Mobile/ios/Pods/Headers/Public/React-RCTAnimation -I/Users/tungstonlabs/Desktop/HealthApp-Mobile/ios/Pods/Headers/Public/React-RCTBlob -I/Users/tungstonlabs/Desktop/HealthApp-Mobile/ios/Pods/Headers/Public/React-RCTFBReactNativeSpec -I/Users/tungstonlabs/Desktop/HealthApp-Mobile/ios/Pods/Headers/Public/React-RCTFabric -I/Users/tungstonlabs/Desktop/HealthApp-Mobile/ios/Pods/Headers/Public/React-RCTRuntime -I/Users/tungstonlabs/Desktop/HealthApp-Mobile/ios/Pods/Headers/Public/React-RCTText -I/Users/tungstonlabs/Desktop/HealthApp-Mobile/ios/Pods/Headers/Public/React-RuntimeApple -I/Users/tungstonlabs/Desktop/HealthApp-Mobile/ios/Pods/Headers/Public/React-RuntimeCore -I/Users/tungstonlabs/Desktop/HealthApp-Mobile/ios/Pods/Headers/Public/React-RuntimeHermes -I/Users/tungstonlabs/Desktop/HealthApp-Mobile/ios/Pods/Headers/Public/React-callinvoker -I/Users/tungstonlabs/Desktop/HealthApp-Mobile/ios/Pods/Headers/Public/React-cxxreact -I/Users/tungstonlabs/Desktop/HealthApp-Mobile/ios/Pods/Headers/Public/React-debug -I/Users/tungstonlabs/Desktop/HealthApp-Mobile/ios/Pods/Headers/Public/React-defaultsnativemodule -I/Users/tungstonlabs/Desktop/HealthApp-Mobile/ios/Pods/Headers/Public/React-domnativemodule -I/Users/tungstonlabs/Desktop/HealthApp-Mobile/ios/Pods/Headers/Public/React-featureflags -I/Users/tungstonlabs/Desktop/HealthApp-Mobile/ios/Pods/Headers/Public/React-featureflagsnativemodule -I/Users/tungstonlabs/Desktop/HealthApp-Mobile/ios/Pods/Headers/Public/React-graphics -I/Users/tungstonlabs/Desktop/HealthApp-Mobile/ios/Pods/Headers/Public/React-hermes -I/Users/tungstonlabs/Desktop/HealthApp-Mobile/ios/Pods/Headers/Public/React-idlecallbacksnativemodule -I/Users/tungstonlabs/Desktop/HealthApp-Mobile/ios/Pods/Headers/Public/React-jserrorhandler -I/Users/tungstonlabs/Desktop/HealthApp-Mobile/ios/Pods/Headers/Public/React-jsi -I/Users/tungstonlabs/Desktop/HealthApp-Mobile/ios/Pods/Headers/Public/React-jsiexecutor -I/Users/tungstonlabs/Desktop/HealthApp-Mobile/ios/Pods/Headers/Public/React-jsinspector -I/Users/tungstonlabs/Desktop/HealthApp-Mobile/ios/Pods/Headers/Public/React-jsinspectorcdp -I/Users/tungstonlabs/Desktop/HealthApp-Mobile/ios/Pods/Headers/Public/React-jsinspectornetwork -I/Users/tungstonlabs/Desktop/HealthApp-Mobile/ios/Pods/Headers/Public/React-jsinspectortracing -I/Users/tungstonlabs/Desktop/HealthApp-Mobile/ios/Pods/Headers/Public/React-jsitooling -I/Users/tungstonlabs/Desktop/HealthApp-Mobile/ios/Pods/Headers/Public/React-logger -I/Users/tungstonlabs/Desktop/HealthApp-Mobile/ios/Pods/Headers/Public/React-microtasksnativemodule -I/Users/tungstonlabs/Desktop/HealthApp-Mobile/ios/Pods/Headers/Public/React-oscompat -I/Users/tungstonlabs/Desktop/HealthApp-Mobile/ios/Pods/Headers/Public/React-perflogger -I/Users/tungstonlabs/Desktop/HealthApp-Mobile/ios/Pods/Headers/Public/React-performancecdpmetrics -I/Users/tungstonlabs/Desktop/HealthApp-Mobile/ios/Pods/Headers/Public/React-performancetimeline -I/Users/tungstonlabs/Desktop/HealthApp-Mobile/ios/Pods/Headers/Public/React-rendererconsistency -I/Users/tungstonlabs/Desktop/HealthApp-Mobile/ios/Pods/Headers/Public/React-renderercss -I/Users/tungstonlabs/Desktop/HealthApp-Mobile/ios/Pods/Headers/Public/React-rendererdebug -I/Users/tungstonlabs/Desktop/HealthApp-Mobile/ios/Pods/Headers/Public/React-runtimeexecutor -I/Users/tungstonlabs/Desktop/HealthApp-Mobile/ios/Pods/Headers/Public/React-runtimescheduler -I/Users/tungstonlabs/Desktop/HealthApp-Mobile/ios/Pods/Headers/Public/React-timing -I/Users/tungstonlabs/Desktop/HealthApp-Mobile/ios/Pods/Headers/Public/React-utils -I/Users/tungstonlabs/Desktop/HealthApp-Mobile/ios/Pods/Headers/Public/React-webperformancenativemodule -I/Users/tungstonlabs/Desktop/HealthApp-Mobile/ios/Pods/Headers/Public/ReactCodegen -I/Users/tungstonlabs/Desktop/HealthApp-Mobile/ios/Pods/Headers/Public/ReactCommon -I/Users/tungstonlabs/Desktop/HealthApp-Mobile/ios/Pods/Headers/Public/Yoga -I/Users/tungstonlabs/Desktop/HealthApp-Mobile/ios/Pods/Headers/Public/boost -I/Users/tungstonlabs/Desktop/HealthApp-Mobile/ios/Pods/Headers/Public/fast_float -I/Users/tungstonlabs/Desktop/HealthApp-Mobile/ios/Pods/Headers/Public/fmt -I/Users/tungstonlabs/Desktop/HealthApp-Mobile/ios/Pods/Headers/Public/glog -I/Users/tungstonlabs/Desktop/HealthApp-Mobile/ios/Pods/Headers/Public/hermes-engine -I/Users/tungstonlabs/Desktop/HealthApp-Mobile/ios/Pods/boost -I/Users/tungstonlabs/Desktop/HealthApp-Mobile/ios/Pods/boost-for-react-native -I/Users/tungstonlabs/Desktop/HealthApp-Mobile/ios/Pods/glog -I/Users/tungstonlabs/Desktop/HealthApp-Mobile/ios/Pods/RCT-Folly -I/Users/tungstonlabs/Desktop/HealthApp-Mobile/ios/Pods/Headers/Public/React-hermes -I/Users/tungstonlabs/Desktop/HealthApp-Mobile/ios/Pods/Headers/Public/hermes-engine -I/Users/tungstonlabs/Desktop/HealthApp-Mobile/node_modules/react-native/ReactCommon -I/Users/tungstonlabs/Desktop/HealthApp-Mobile/node_modules/react-native-worklets/apple -I/Users/tungstonlabs/Desktop/HealthApp-Mobile/node_modules/react-native-worklets/Common/cpp -I/Users/tungstonlabs/Desktop/HealthApp-Mobile/node_modules/react-native-worklets/ReactCommon -I/Users/tungstonlabs/Desktop/HealthApp-Mobile/node_modules/react-native-worklets -I/Users/tungstonlabs/Desktop/HealthApp-Mobile/ios/Pods/RCT-Folly -I/Users/tungstonlabs/Desktop/HealthApp-Mobile/ios/Pods/boost -I/Users/tungstonlabs/Desktop/HealthApp-Mobile/ios/Pods/boost-for-react-native -I/Users/tungstonlabs/Desktop/HealthApp-Mobile/ios/Pods/DoubleConversion -I/Users/tungstonlabs/Desktop/HealthApp-Mobile/ios/Pods/Headers/Private/React-Core -I/Users/tungstonlabs/Desktop/HealthApp-Mobile/ios/Pods/Headers/Private/Yoga -I/Users/tungstonlabs/Library/Developer/Xcode/DerivedData/HealthApp-fjgvhltvryzvlufiayyipuiynnzt/Build/Intermediates.noindex/Pods.build/Debug-iphoneos/RNWorklets.build/DerivedSources-normal/arm64 -I/Users/tungstonlabs/Library/Developer/Xcode/DerivedData/HealthApp-fjgvhltvryzvlufiayyipuiynnzt/Build/Intermediates.noindex/Pods.build/Debug-iphoneos/RNWorklets.build/DerivedSources/arm64 -I/Users/tungstonlabs/Library/Developer/Xcode/DerivedData/HealthApp-fjgvhltvryzvlufiayyipuiynnzt/Build/Intermediates.noindex/Pods.build/Debug-iphoneos/RNWorklets.build/DerivedSources -F/Users/tungstonlabs/Library/Developer/Xcode/DerivedData/HealthApp-fjgvhltvryzvlufiayyipuiynnzt/Build/Products/Debug-iphoneos/RNWorklets -F/Users/tungstonlabs/Desktop/HealthApp-Mobile/ios/Pods/hermes-engine/destroot/Library/Frameworks/universal -F/Users/tungstonlabs/Library/Developer/Xcode/DerivedData/HealthApp-fjgvhltvryzvlufiayyipuiynnzt/Build/Products/Debug-iphoneos/XCFrameworkIntermediates/hermes-engine/Pre-built -F/Users/tungstonlabs/Library/Developer/Xcode/DerivedData/HealthApp-fjgvhltvryzvlufiayyipuiynnzt/Build/Products/Debug-iphoneos/React-hermes '-fmodule-map-file=/Users/tungstonlabs/Desktop/HealthApp-Mobile/ios/Pods/Headers/Public/DoubleConversion/DoubleConversion.modulemap' '-fmodule-map-file=/Users/tungstonlabs/Desktop/HealthApp-Mobile/ios/Pods/Headers/Public/RCTDeprecation/RCTDeprecation.modulemap' '-fmodule-map-file=/Users/tungstonlabs/Desktop/HealthApp-Mobile/ios/Pods/Headers/Public/RCTFabric/React-RCTFabric.modulemap' '-fmodule-map-file=/Users/tungstonlabs/Desktop/HealthApp-Mobile/ios/Pods/Headers/Public/RCTImage/React-RCTImage.modulemap' '-fmodule-map-file=/Users/tungstonlabs/Desktop/HealthApp-Mobile/ios/Pods/Headers/Public/RCTRuntime/React-RCTRuntime.modulemap' '-fmodule-map-file=/Users/tungstonlabs/Desktop/HealthApp-Mobile/ios/Pods/Headers/Public/RCTTypeSafety/RCTTypeSafety.modulemap' '-fmodule-map-file=/Users/tungstonlabs/Desktop/HealthApp-Mobile/ios/Pods/Headers/Public/React/React-Core.modulemap' '-fmodule-map-file=/Users/tungstonlabs/Desktop/HealthApp-Mobile/ios/Pods/Headers/Public/ReactCodegen/ReactCodegen.modulemap' '-fmodule-map-file=/Users/tungstonlabs/Desktop/HealthApp-Mobile/ios/Pods/Headers/Public/ReactCommon/ReactCommon.modulemap' '-fmodule-map-file=/Users/tungstonlabs/Desktop/HealthApp-Mobile/ios/Pods/Headers/Public/React_Fabric/React-Fabric.modulemap' '-fmodule-map-file=/Users/tungstonlabs/Desktop/HealthApp-Mobile/ios/Pods/Headers/Public/React_FabricComponents/React-FabricComponents.modulemap' '-fmodule-map-file=/Users/tungstonlabs/Desktop/HealthApp-Mobile/ios/Pods/Headers/Public/React_NativeModulesApple/React-NativeModulesApple.modulemap' '-fmodule-map-file=/Users/tungstonlabs/Desktop/HealthApp-Mobile/ios/Pods/Headers/Public/React_RCTAppDelegate/React-RCTAppDelegate.modulemap' '-fmodule-map-file=/Users/tungstonlabs/Desktop/HealthApp-Mobile/ios/Pods/Headers/Public/React_runtimeexecutor/React-runtimeexecutor.modulemap' '-fmodule-map-file=/Users/tungstonlabs/Desktop/HealthApp-Mobile/ios/Pods/Headers/Public/SocketRocket/SocketRocket.modulemap' '-fmodule-map-file=/Users/tungstonlabs/Desktop/HealthApp-Mobile/ios/Pods/Headers/Public/fmt/fmt.modulemap' '-fmodule-map-file=/Users/tungstonlabs/Desktop/HealthApp-Mobile/ios/Pods/Headers/Public/folly/RCT-Folly.modulemap' '-fmodule-map-file=/Users/tungstonlabs/Desktop/HealthApp-Mobile/ios/Pods/Headers/Public/glog/glog.modulemap' '-fmodule-map-file=/Users/tungstonlabs/Desktop/HealthApp-Mobile/ios/Pods/Headers/Public/jsi/React-jsi.modulemap' '-fmodule-map-file=/Users/tungstonlabs/Desktop/HealthApp-Mobile/ios/Pods/Headers/Public/jsinspector_modern/React-jsinspector.modulemap' '-fmodule-map-file=/Users/tungstonlabs/Desktop/HealthApp-Mobile/ios/Pods/Headers/Public/jsinspector_modern_cdp/React-jsinspectorcdp.modulemap' '-fmodule-map-file=/Users/tungstonlabs/Desktop/HealthApp-Mobile/ios/Pods/Headers/Public/jsinspector_modern_network/React-jsinspectornetwork.modulemap' '-fmodule-map-file=/Users/tungstonlabs/Desktop/HealthApp-Mobile/ios/Pods/Headers/Public/jsinspector_modern_tracing/React-jsinspectortracing.modulemap' '-fmodule-map-file=/Users/tungstonlabs/Desktop/HealthApp-Mobile/ios/Pods/Headers/Public/react_debug/React-debug.modulemap' '-fmodule-map-file=/Users/tungstonlabs/Desktop/HealthApp-Mobile/ios/Pods/Headers/Public/react_featureflags/React-featureflags.modulemap' '-fmodule-map-file=/Users/tungstonlabs/Desktop/HealthApp-Mobile/ios/Pods/Headers/Public/react_nativemodule_defaults/React-defaultsnativemodule.modulemap' '-fmodule-map-file=/Users/tungstonlabs/Desktop/HealthApp-Mobile/ios/Pods/Headers/Public/react_nativemodule_dom/React-domnativemodule.modulemap' '-fmodule-map-file=/Users/tungstonlabs/Desktop/HealthApp-Mobile/ios/Pods/Headers/Public/react_nativemodule_featureflags/React-featureflagsnativemodule.modulemap' '-fmodule-map-file=/Users/tungstonlabs/Desktop/HealthApp-Mobile/ios/Pods/Headers/Public/react_nativemodule_idlecallbacks/React-idlecallbacksnativemodule.modulemap' '-fmodule-map-file=/Users/tungstonlabs/Desktop/HealthApp-Mobile/ios/Pods/Headers/Public/react_nativemodule_microtasks/React-microtasksnativemodule.modulemap' '-fmodule-map-file=/Users/tungstonlabs/Desktop/HealthApp-Mobile/ios/Pods/Headers/Public/react_nativemodule_webperformance/React-webperformancenativemodule.modulemap' '-fmodule-map-file=/Users/tungstonlabs/Desktop/HealthApp-Mobile/ios/Pods/Headers/Public/react_renderer_css/React-renderercss.modulemap' '-fmodule-map-file=/Users/tungstonlabs/Desktop/HealthApp-Mobile/ios/Pods/Headers/Public/react_renderer_debug/React-rendererdebug.modulemap' '-fmodule-map-file=/Users/tungstonlabs/Desktop/HealthApp-Mobile/ios/Pods/Headers/Public/react_renderer_graphics/React-graphics.modulemap' '-fmodule-map-file=/Users/tungstonlabs/Desktop/HealthApp-Mobile/ios/Pods/Headers/Public/react_renderer_imagemanager/React-ImageManager.modulemap' '-fmodule-map-file=/Users/tungstonlabs/Desktop/HealthApp-Mobile/ios/Pods/Headers/Public/react_runtime/React-jsitooling.modulemap' '-fmodule-map-file=/Users/tungstonlabs/Desktop/HealthApp-Mobile/ios/Pods/Headers/Public/react_utils/React-utils.modulemap' '-fmodule-map-file=/Users/tungstonlabs/Desktop/HealthApp-Mobile/ios/Pods/Headers/Public/reacthermes/React-hermes.modulemap' '-fmodule-map-file=/Users/tungstonlabs/Desktop/HealthApp-Mobile/ios/Pods/Headers/Public/yoga/Yoga.modulemap' '-DWORKLETS_FEATURE_FLAGS=[RUNTIME_TEST_FLAG:false][IOS_DYNAMIC_FRAMERATE_ENABLED:true]' '-DWORKLETS_VERSION=0.7.2' '-DREACT_NATIVE_MINOR_VERSION=82'

WriteAuxiliaryFile /Users/tungstonlabs/Library/Developer/Xcode/DerivedData/HealthApp-fjgvhltvryzvlufiayyipuiynnzt/Build/Intermediates.noindex/Pods.build/Debug-iphoneos/RNWorklets.build/Objects-normal/arm64/RNWorklets.LinkFileList (in target 'RNWorklets' from project 'Pods')
    cd /Users/tungstonlabs/Desktop/HealthApp-Mobile/ios/Pods
    write-file /Users/tungstonlabs/Library/Developer/Xcode/DerivedData/HealthApp-fjgvhltvryzvlufiayyipuiynnzt/Build/Intermediates.noindex/Pods.build/Debug-iphoneos/RNWorklets.build/Objects-normal/arm64/RNWorklets.LinkFileList

WriteAuxiliaryFile /Users/tungstonlabs/Library/Developer/Xcode/DerivedData/HealthApp-fjgvhltvryzvlufiayyipuiynnzt/Build/Intermediates.noindex/Pods.build/Debug-iphoneos/RNWorklets.build/Objects-normal/arm64/82b82416624d2658e5098eb0a28c15c5-common-args.resp (in target 'RNWorklets' from project 'Pods')
    cd /Users/tungstonlabs/Desktop/HealthApp-Mobile/ios/Pods
    write-file /Users/tungstonlabs/Library/Developer/Xcode/DerivedData/HealthApp-fjgvhltvryzvlufiayyipuiynnzt/Build/Intermediates.noindex/Pods.build/Debug-iphoneos/RNWorklets.build/Objects-normal/arm64/82b82416624d2658e5098eb0a28c15c5-common-args.resp
'-std=c++20' '-stdlib=libc++' -fmodules -fno-cxx-modules '-fmodules-cache-path=/Users/tungstonlabs/Library/Developer/Xcode/DerivedData/ModuleCache.noindex' '-fmodule-name=RNWorklets' '-D_LIBCPP_HARDENING_MODE=_LIBCPP_HARDENING_MODE_DEBUG' -fpascal-strings -O0 -fno-common '-DPOD_CONFIGURATION_DEBUG=1' '-DDEBUG=1' '-DCOCOAPODS=1' '-DHERMES_ENABLE_DEBUGGER=1' -g -iquote /Users/tungstonlabs/Library/Developer/Xcode/DerivedData/HealthApp-fjgvhltvryzvlufiayyipuiynnzt/Build/Intermediates.noindex/Pods.build/Debug-iphoneos/RNWorklets.build/RNWorklets-generated-files.hmap -I/Users/tungstonlabs/Library/Developer/Xcode/DerivedData/HealthApp-fjgvhltvryzvlufiayyipuiynnzt/Build/Intermediates.noindex/Pods.build/Debug-iphoneos/RNWorklets.build/RNWorklets-own-target-headers.hmap -I/Users/tungstonlabs/Library/Developer/Xcode/DerivedData/HealthApp-fjgvhltvryzvlufiayyipuiynnzt/Build/Intermediates.noindex/Pods.build/Debug-iphoneos/RNWorklets.build/RNWorklets-all-non-framework-target-headers.hmap -ivfsoverlay /Users/tungstonlabs/Library/Developer/Xcode/DerivedData/HealthApp-fjgvhltvryzvlufiayyipuiynnzt/Build/Intermediates.noindex/Pods.build/Debug-iphoneos/Pods-8699adb1dd336b26511df848a716bd42-VFS-iphoneos/all-product-headers.yaml -iquote /Users/tungstonlabs/Library/Developer/Xcode/DerivedData/HealthApp-fjgvhltvryzvlufiayyipuiynnzt/Build/Intermediates.noindex/Pods.build/Debug-iphoneos/RNWorklets.build/RNWorklets-project-headers.hmap -I/Users/tungstonlabs/Library/Developer/Xcode/DerivedData/HealthApp-fjgvhltvryzvlufiayyipuiynnzt/Build/Products/Debug-iphoneos/RNWorklets/include -I/Users/tungstonlabs/Desktop/HealthApp-Mobile/ios/Pods/Headers/Private -I/Users/tungstonlabs/Desktop/HealthApp-Mobile/ios/Pods/Headers/Private/RNWorklets -I/Users/tungstonlabs/Desktop/HealthApp-Mobile/ios/Pods/Headers/Public -I/Users/tungstonlabs/Desktop/HealthApp-Mobile/ios/Pods/Headers/Public/DoubleConversion -I/Users/tungstonlabs/Desktop/HealthApp-Mobile/ios/Pods/Headers/Public/FBLazyVector -I/Users/tungstonlabs/Desktop/HealthApp-Mobile/ios/Pods/Headers/Public/RCT-Folly -I/Users/tungstonlabs/Desktop/HealthApp-Mobile/ios/Pods/Headers/Public/RCTRequired -I/Users/tungstonlabs/Desktop/HealthApp-Mobile/ios/Pods/Headers/Public/RCTTypeSafety -I/Users/tungstonlabs/Desktop/HealthApp-Mobile/ios/Pods/Headers/Public/RNWorklets -I/Users/tungstonlabs/Desktop/HealthApp-Mobile/ios/Pods/Headers/Public/React-Core -I/Users/tungstonlabs/Desktop/HealthApp-Mobile/ios/Pods/Headers/Public/React-Fabric -I/Users/tungstonlabs/Desktop/HealthApp-Mobile/ios/Pods/Headers/Public/React-FabricComponents -I/Users/tungstonlabs/Desktop/HealthApp-Mobile/ios/Pods/Headers/Public/React-FabricImage -I/Users/tungstonlabs/Desktop/HealthApp-Mobile/ios/Pods/Headers/Public/React-ImageManager -I/Users/tungstonlabs/Desktop/HealthApp-Mobile/ios/Pods/Headers/Public/React-Mapbuffer -I/Users/tungstonlabs/Desktop/HealthApp-Mobile/ios/Pods/Headers/Public/React-NativeModulesApple -I/Users/tungstonlabs/Desktop/HealthApp-Mobile/ios/Pods/Headers/Public/React-RCTAnimation -I/Users/tungstonlabs/Desktop/HealthApp-Mobile/ios/Pods/Headers/Public/React-RCTBlob -I/Users/tungstonlabs/Desktop/HealthApp-Mobile/ios/Pods/Headers/Public/React-RCTFBReactNativeSpec -I/Users/tungstonlabs/Desktop/HealthApp-Mobile/ios/Pods/Headers/Public/React-RCTFabric -I/Users/tungstonlabs/Desktop/HealthApp-Mobile/ios/Pods/Headers/Public/React-RCTRuntime -I/Users/tungstonlabs/Desktop/HealthApp-Mobile/ios/Pods/Headers/Public/React-RCTText -I/Users/tungstonlabs/Desktop/HealthApp-Mobile/ios/Pods/Headers/Public/React-RuntimeApple -I/Users/tungstonlabs/Desktop/HealthApp-Mobile/ios/Pods/Headers/Public/React-RuntimeCore -I/Users/tungstonlabs/Desktop/HealthApp-Mobile/ios/Pods/Headers/Public/React-RuntimeHermes -I/Users/tungstonlabs/Desktop/HealthApp-Mobile/ios/Pods/Headers/Public/React-callinvoker -I/Users/tungstonlabs/Desktop/HealthApp-Mobile/ios/Pods/Headers/Public/React-cxxreact -I/Users/tungstonlabs/Desktop/HealthApp-Mobile/ios/Pods/Headers/Public/React-debug -I/Users/tungstonlabs/Desktop/HealthApp-Mobile/ios/Pods/Headers/Public/React-defaultsnativemodule -I/Users/tungstonlabs/Desktop/HealthApp-Mobile/ios/Pods/Headers/Public/React-domnativemodule -I/Users/tungstonlabs/Desktop/HealthApp-Mobile/ios/Pods/Headers/Public/React-featureflags -I/Users/tungstonlabs/Desktop/HealthApp-Mobile/ios/Pods/Headers/Public/React-featureflagsnativemodule -I/Users/tungstonlabs/Desktop/HealthApp-Mobile/ios/Pods/Headers/Public/React-graphics -I/Users/tungstonlabs/Desktop/HealthApp-Mobile/ios/Pods/Headers/Public/React-hermes -I/Users/tungstonlabs/Desktop/HealthApp-Mobile/ios/Pods/Headers/Public/React-idlecallbacksnativemodule -I/Users/tungstonlabs/Desktop/HealthApp-Mobile/ios/Pods/Headers/Public/React-jserrorhandler -I/Users/tungstonlabs/Desktop/HealthApp-Mobile/ios/Pods/Headers/Public/React-jsi -I/Users/tungstonlabs/Desktop/HealthApp-Mobile/ios/Pods/Headers/Public/React-jsiexecutor -I/Users/tungstonlabs/Desktop/HealthApp-Mobile/ios/Pods/Headers/Public/React-jsinspector -I/Users/tungstonlabs/Desktop/HealthApp-Mobile/ios/Pods/Headers/Public/React-jsinspectorcdp -I/Users/tungstonlabs/Desktop/HealthApp-Mobile/ios/Pods/Headers/Public/React-jsinspectornetwork -I/Users/tungstonlabs/Desktop/HealthApp-Mobile/ios/Pods/Headers/Public/React-jsinspectortracing -I/Users/tungstonlabs/Desktop/HealthApp-Mobile/ios/Pods/Headers/Public/React-jsitooling -I/Users/tungstonlabs/Desktop/HealthApp-Mobile/ios/Pods/Headers/Public/React-logger -I/Users/tungstonlabs/Desktop/HealthApp-Mobile/ios/Pods/Headers/Public/React-microtasksnativemodule -I/Users/tungstonlabs/Desktop/HealthApp-Mobile/ios/Pods/Headers/Public/React-oscompat -I/Users/tungstonlabs/Desktop/HealthApp-Mobile/ios/Pods/Headers/Public/React-perflogger -I/Users/tungstonlabs/Desktop/HealthApp-Mobile/ios/Pods/Headers/Public/React-performancecdpmetrics -I/Users/tungstonlabs/Desktop/HealthApp-Mobile/ios/Pods/Headers/Public/React-performancetimeline -I/Users/tungstonlabs/Desktop/HealthApp-Mobile/ios/Pods/Headers/Public/React-rendererconsistency -I/Users/tungstonlabs/Desktop/HealthApp-Mobile/ios/Pods/Headers/Public/React-renderercss -I/Users/tungstonlabs/Desktop/HealthApp-Mobile/ios/Pods/Headers/Public/React-rendererdebug -I/Users/tungstonlabs/Desktop/HealthApp-Mobile/ios/Pods/Headers/Public/React-runtimeexecutor -I/Users/tungstonlabs/Desktop/HealthApp-Mobile/ios/Pods/Headers/Public/React-runtimescheduler -I/Users/tungstonlabs/Desktop/HealthApp-Mobile/ios/Pods/Headers/Public/React-timing -I/Users/tungstonlabs/Desktop/HealthApp-Mobile/ios/Pods/Headers/Public/React-utils -I/Users/tungstonlabs/Desktop/HealthApp-Mobile/ios/Pods/Headers/Public/React-webperformancenativemodule -I/Users/tungstonlabs/Desktop/HealthApp-Mobile/ios/Pods/Headers/Public/ReactCodegen -I/Users/tungstonlabs/Desktop/HealthApp-Mobile/ios/Pods/Headers/Public/ReactCommon -I/Users/tungstonlabs/Desktop/HealthApp-Mobile/ios/Pods/Headers/Public/Yoga -I/Users/tungstonlabs/Desktop/HealthApp-Mobile/ios/Pods/Headers/Public/boost -I/Users/tungstonlabs/Desktop/HealthApp-Mobile/ios/Pods/Headers/Public/fast_float -I/Users/tungstonlabs/Desktop/HealthApp-Mobile/ios/Pods/Headers/Public/fmt -I/Users/tungstonlabs/Desktop/HealthApp-Mobile/ios/Pods/Headers/Public/glog -I/Users/tungstonlabs/Desktop/HealthApp-Mobile/ios/Pods/Headers/Public/hermes-engine -I/Users/tungstonlabs/Desktop/HealthApp-Mobile/ios/Pods/boost -I/Users/tungstonlabs/Desktop/HealthApp-Mobile/ios/Pods/boost-for-react-native -I/Users/tungstonlabs/Desktop/HealthApp-Mobile/ios/Pods/glog -I/Users/tungstonlabs/Desktop/HealthApp-Mobile/ios/Pods/RCT-Folly -I/Users/tungstonlabs/Desktop/HealthApp-Mobile/ios/Pods/Headers/Public/React-hermes -I/Users/tungstonlabs/Desktop/HealthApp-Mobile/ios/Pods/Headers/Public/hermes-engine -I/Users/tungstonlabs/Desktop/HealthApp-Mobile/node_modules/react-native/ReactCommon -I/Users/tungstonlabs/Desktop/HealthApp-Mobile/node_modules/react-native-worklets/apple -I/Users/tungstonlabs/Desktop/HealthApp-Mobile/node_modules/react-native-worklets/Common/cpp -I/Users/tungstonlabs/Desktop/HealthApp-Mobile/node_modules/react-native-worklets/ReactCommon -I/Users/tungstonlabs/Desktop/HealthApp-Mobile/node_modules/react-native-worklets -I/Users/tungstonlabs/Desktop/HealthApp-Mobile/ios/Pods/RCT-Folly -I/Users/tungstonlabs/Desktop/HealthApp-Mobile/ios/Pods/boost -I/Users/tungstonlabs/Desktop/HealthApp-Mobile/ios/Pods/boost-for-react-native -I/Users/tungstonlabs/Desktop/HealthApp-Mobile/ios/Pods/DoubleConversion -I/Users/tungstonlabs/Desktop/HealthApp-Mobile/ios/Pods/Headers/Private/React-Core -I/Users/tungstonlabs/Desktop/HealthApp-Mobile/ios/Pods/Headers/Private/Yoga -I/Users/tungstonlabs/Library/Developer/Xcode/DerivedData/HealthApp-fjgvhltvryzvlufiayyipuiynnzt/Build/Intermediates.noindex/Pods.build/Debug-iphoneos/RNWorklets.build/DerivedSources-normal/arm64 -I/Users/tungstonlabs/Library/Developer/Xcode/DerivedData/HealthApp-fjgvhltvryzvlufiayyipuiynnzt/Build/Intermediates.noindex/Pods.build/Debug-iphoneos/RNWorklets.build/DerivedSources/arm64 -I/Users/tungstonlabs/Library/Developer/Xcode/DerivedData/HealthApp-fjgvhltvryzvlufiayyipuiynnzt/Build/Intermediates.noindex/Pods.build/Debug-iphoneos/RNWorklets.build/DerivedSources -F/Users/tungstonlabs/Library/Developer/Xcode/DerivedData/HealthApp-fjgvhltvryzvlufiayyipuiynnzt/Build/Products/Debug-iphoneos/RNWorklets -F/Users/tungstonlabs/Desktop/HealthApp-Mobile/ios/Pods/hermes-engine/destroot/Library/Frameworks/universal -F/Users/tungstonlabs/Library/Developer/Xcode/DerivedData/HealthApp-fjgvhltvryzvlufiayyipuiynnzt/Build/Products/Debug-iphoneos/XCFrameworkIntermediates/hermes-engine/Pre-built -F/Users/tungstonlabs/Library/Developer/Xcode/DerivedData/HealthApp-fjgvhltvryzvlufiayyipuiynnzt/Build/Products/Debug-iphoneos/React-hermes '-fmodule-map-file=/Users/tungstonlabs/Desktop/HealthApp-Mobile/ios/Pods/Headers/Public/DoubleConversion/DoubleConversion.modulemap' '-fmodule-map-file=/Users/tungstonlabs/Desktop/HealthApp-Mobile/ios/Pods/Headers/Public/RCTDeprecation/RCTDeprecation.modulemap' '-fmodule-map-file=/Users/tungstonlabs/Desktop/HealthApp-Mobile/ios/Pods/Headers/Public/RCTFabric/React-RCTFabric.modulemap' '-fmodule-map-file=/Users/tungstonlabs/Desktop/HealthApp-Mobile/ios/Pods/Headers/Public/RCTImage/React-RCTImage.modulemap' '-fmodule-map-file=/Users/tungstonlabs/Desktop/HealthApp-Mobile/ios/Pods/Headers/Public/RCTRuntime/React-RCTRuntime.modulemap' '-fmodule-map-file=/Users/tungstonlabs/Desktop/HealthApp-Mobile/ios/Pods/Headers/Public/RCTTypeSafety/RCTTypeSafety.modulemap' '-fmodule-map-file=/Users/tungstonlabs/Desktop/HealthApp-Mobile/ios/Pods/Headers/Public/React/React-Core.modulemap' '-fmodule-map-file=/Users/tungstonlabs/Desktop/HealthApp-Mobile/ios/Pods/Headers/Public/ReactCodegen/ReactCodegen.modulemap' '-fmodule-map-file=/Users/tungstonlabs/Desktop/HealthApp-Mobile/ios/Pods/Headers/Public/ReactCommon/ReactCommon.modulemap' '-fmodule-map-file=/Users/tungstonlabs/Desktop/HealthApp-Mobile/ios/Pods/Headers/Public/React_Fabric/React-Fabric.modulemap' '-fmodule-map-file=/Users/tungstonlabs/Desktop/HealthApp-Mobile/ios/Pods/Headers/Public/React_FabricComponents/React-FabricComponents.modulemap' '-fmodule-map-file=/Users/tungstonlabs/Desktop/HealthApp-Mobile/ios/Pods/Headers/Public/React_NativeModulesApple/React-NativeModulesApple.modulemap' '-fmodule-map-file=/Users/tungstonlabs/Desktop/HealthApp-Mobile/ios/Pods/Headers/Public/React_RCTAppDelegate/React-RCTAppDelegate.modulemap' '-fmodule-map-file=/Users/tungstonlabs/Desktop/HealthApp-Mobile/ios/Pods/Headers/Public/React_runtimeexecutor/React-runtimeexecutor.modulemap' '-fmodule-map-file=/Users/tungstonlabs/Desktop/HealthApp-Mobile/ios/Pods/Headers/Public/SocketRocket/SocketRocket.modulemap' '-fmodule-map-file=/Users/tungstonlabs/Desktop/HealthApp-Mobile/ios/Pods/Headers/Public/fmt/fmt.modulemap' '-fmodule-map-file=/Users/tungstonlabs/Desktop/HealthApp-Mobile/ios/Pods/Headers/Public/folly/RCT-Folly.modulemap' '-fmodule-map-file=/Users/tungstonlabs/Desktop/HealthApp-Mobile/ios/Pods/Headers/Public/glog/glog.modulemap' '-fmodule-map-file=/Users/tungstonlabs/Desktop/HealthApp-Mobile/ios/Pods/Headers/Public/jsi/React-jsi.modulemap' '-fmodule-map-file=/Users/tungstonlabs/Desktop/HealthApp-Mobile/ios/Pods/Headers/Public/jsinspector_modern/React-jsinspector.modulemap' '-fmodule-map-file=/Users/tungstonlabs/Desktop/HealthApp-Mobile/ios/Pods/Headers/Public/jsinspector_modern_cdp/React-jsinspectorcdp.modulemap' '-fmodule-map-file=/Users/tungstonlabs/Desktop/HealthApp-Mobile/ios/Pods/Headers/Public/jsinspector_modern_network/React-jsinspectornetwork.modulemap' '-fmodule-map-file=/Users/tungstonlabs/Desktop/HealthApp-Mobile/ios/Pods/Headers/Public/jsinspector_modern_tracing/React-jsinspectortracing.modulemap' '-fmodule-map-file=/Users/tungstonlabs/Desktop/HealthApp-Mobile/ios/Pods/Headers/Public/react_debug/React-debug.modulemap' '-fmodule-map-file=/Users/tungstonlabs/Desktop/HealthApp-Mobile/ios/Pods/Headers/Public/react_featureflags/React-featureflags.modulemap' '-fmodule-map-file=/Users/tungstonlabs/Desktop/HealthApp-Mobile/ios/Pods/Headers/Public/react_nativemodule_defaults/React-defaultsnativemodule.modulemap' '-fmodule-map-file=/Users/tungstonlabs/Desktop/HealthApp-Mobile/ios/Pods/Headers/Public/react_nativemodule_dom/React-domnativemodule.modulemap' '-fmodule-map-file=/Users/tungstonlabs/Desktop/HealthApp-Mobile/ios/Pods/Headers/Public/react_nativemodule_featureflags/React-featureflagsnativemodule.modulemap' '-fmodule-map-file=/Users/tungstonlabs/Desktop/HealthApp-Mobile/ios/Pods/Headers/Public/react_nativemodule_idlecallbacks/React-idlecallbacksnativemodule.modulemap' '-fmodule-map-file=/Users/tungstonlabs/Desktop/HealthApp-Mobile/ios/Pods/Headers/Public/react_nativemodule_microtasks/React-microtasksnativemodule.modulemap' '-fmodule-map-file=/Users/tungstonlabs/Desktop/HealthApp-Mobile/ios/Pods/Headers/Public/react_nativemodule_webperformance/React-webperformancenativemodule.modulemap' '-fmodule-map-file=/Users/tungstonlabs/Desktop/HealthApp-Mobile/ios/Pods/Headers/Public/react_renderer_css/React-renderercss.modulemap' '-fmodule-map-file=/Users/tungstonlabs/Desktop/HealthApp-Mobile/ios/Pods/Headers/Public/react_renderer_debug/React-rendererdebug.modulemap' '-fmodule-map-file=/Users/tungstonlabs/Desktop/HealthApp-Mobile/ios/Pods/Headers/Public/react_renderer_graphics/React-graphics.modulemap' '-fmodule-map-file=/Users/tungstonlabs/Desktop/HealthApp-Mobile/ios/Pods/Headers/Public/react_renderer_imagemanager/React-ImageManager.modulemap' '-fmodule-map-file=/Users/tungstonlabs/Desktop/HealthApp-Mobile/ios/Pods/Headers/Public/react_runtime/React-jsitooling.modulemap' '-fmodule-map-file=/Users/tungstonlabs/Desktop/HealthApp-Mobile/ios/Pods/Headers/Public/react_utils/React-utils.modulemap' '-fmodule-map-file=/Users/tungstonlabs/Desktop/HealthApp-Mobile/ios/Pods/Headers/Public/reacthermes/React-hermes.modulemap' '-fmodule-map-file=/Users/tungstonlabs/Desktop/HealthApp-Mobile/ios/Pods/Headers/Public/yoga/Yoga.modulemap' '-DWORKLETS_FEATURE_FLAGS=[RUNTIME_TEST_FLAG:false][IOS_DYNAMIC_FRAMERATE_ENABLED:true]' '-DWORKLETS_VERSION=0.7.2' '-DREACT_NATIVE_MINOR_VERSION=82'

WriteAuxiliaryFile /Users/tungstonlabs/Library/Developer/Xcode/DerivedData/HealthApp-fjgvhltvryzvlufiayyipuiynnzt/Build/Intermediates.noindex/Pods.build/Debug-iphoneos/RNVectorIcons.build/RNVectorIcons.hmap (in target 'RNVectorIcons' from project 'Pods')
    cd /Users/tungstonlabs/Desktop/HealthApp-Mobile/ios/Pods
    write-file /Users/tungstonlabs/Library/Developer/Xcode/DerivedData/HealthApp-fjgvhltvryzvlufiayyipuiynnzt/Build/Intermediates.noindex/Pods.build/Debug-iphoneos/RNVectorIcons.build/RNVectorIcons.hmap

WriteAuxiliaryFile /Users/tungstonlabs/Library/Developer/Xcode/DerivedData/HealthApp-fjgvhltvryzvlufiayyipuiynnzt/Build/Intermediates.noindex/Pods.build/Debug-iphoneos/RNVectorIcons.build/RNVectorIcons.DependencyStaticMetadataFileList (in target 'RNVectorIcons' from project 'Pods')
    cd /Users/tungstonlabs/Desktop/HealthApp-Mobile/ios/Pods
    write-file /Users/tungstonlabs/Library/Developer/Xcode/DerivedData/HealthApp-fjgvhltvryzvlufiayyipuiynnzt/Build/Intermediates.noindex/Pods.build/Debug-iphoneos/RNVectorIcons.build/RNVectorIcons.DependencyStaticMetadataFileList

WriteAuxiliaryFile /Users/tungstonlabs/Library/Developer/Xcode/DerivedData/HealthApp-fjgvhltvryzvlufiayyipuiynnzt/Build/Intermediates.noindex/Pods.build/Debug-iphoneos/RNVectorIcons.build/RNVectorIcons.DependencyMetadataFileList (in target 'RNVectorIcons' from project 'Pods')
    cd /Users/tungstonlabs/Desktop/HealthApp-Mobile/ios/Pods
    write-file /Users/tungstonlabs/Library/Developer/Xcode/DerivedData/HealthApp-fjgvhltvryzvlufiayyipuiynnzt/Build/Intermediates.noindex/Pods.build/Debug-iphoneos/RNVectorIcons.build/RNVectorIcons.DependencyMetadataFileList

WriteAuxiliaryFile /Users/tungstonlabs/Library/Developer/Xcode/DerivedData/HealthApp-fjgvhltvryzvlufiayyipuiynnzt/Build/Intermediates.noindex/Pods.build/Debug-iphoneos/RNVectorIcons.build/RNVectorIcons-project-headers.hmap (in target 'RNVectorIcons' from project 'Pods')
    cd /Users/tungstonlabs/Desktop/HealthApp-Mobile/ios/Pods
    write-file /Users/tungstonlabs/Library/Developer/Xcode/DerivedData/HealthApp-fjgvhltvryzvlufiayyipuiynnzt/Build/Intermediates.noindex/Pods.build/Debug-iphoneos/RNVectorIcons.build/RNVectorIcons-project-headers.hmap

WriteAuxiliaryFile /Users/tungstonlabs/Library/Developer/Xcode/DerivedData/HealthApp-fjgvhltvryzvlufiayyipuiynnzt/Build/Intermediates.noindex/Pods.build/Debug-iphoneos/RNVectorIcons.build/RNVectorIcons-own-target-headers.hmap (in target 'RNVectorIcons' from project 'Pods')
    cd /Users/tungstonlabs/Desktop/HealthApp-Mobile/ios/Pods
    write-file /Users/tungstonlabs/Library/Developer/Xcode/DerivedData/HealthApp-fjgvhltvryzvlufiayyipuiynnzt/Build/Intermediates.noindex/Pods.build/Debug-iphoneos/RNVectorIcons.build/RNVectorIcons-own-target-headers.hmap

WriteAuxiliaryFile /Users/tungstonlabs/Library/Developer/Xcode/DerivedData/HealthApp-fjgvhltvryzvlufiayyipuiynnzt/Build/Intermediates.noindex/Pods.build/Debug-iphoneos/RNVectorIcons.build/RNVectorIcons-generated-files.hmap (in target 'RNVectorIcons' from project 'Pods')
    cd /Users/tungstonlabs/Desktop/HealthApp-Mobile/ios/Pods
    write-file /Users/tungstonlabs/Library/Developer/Xcode/DerivedData/HealthApp-fjgvhltvryzvlufiayyipuiynnzt/Build/Intermediates.noindex/Pods.build/Debug-iphoneos/RNVectorIcons.build/RNVectorIcons-generated-files.hmap

WriteAuxiliaryFile /Users/tungstonlabs/Library/Developer/Xcode/DerivedData/HealthApp-fjgvhltvryzvlufiayyipuiynnzt/Build/Intermediates.noindex/Pods.build/Debug-iphoneos/RNVectorIcons.build/RNVectorIcons-all-target-headers.hmap (in target 'RNVectorIcons' from project 'Pods')
    cd /Users/tungstonlabs/Desktop/HealthApp-Mobile/ios/Pods
    write-file /Users/tungstonlabs/Library/Developer/Xcode/DerivedData/HealthApp-fjgvhltvryzvlufiayyipuiynnzt/Build/Intermediates.noindex/Pods.build/Debug-iphoneos/RNVectorIcons.build/RNVectorIcons-all-target-headers.hmap

WriteAuxiliaryFile /Users/tungstonlabs/Library/Developer/Xcode/DerivedData/HealthApp-fjgvhltvryzvlufiayyipuiynnzt/Build/Intermediates.noindex/Pods.build/Debug-iphoneos/RNVectorIcons.build/RNVectorIcons-all-non-framework-target-headers.hmap (in target 'RNVectorIcons' from project 'Pods')
    cd /Users/tungstonlabs/Desktop/HealthApp-Mobile/ios/Pods
    write-file /Users/tungstonlabs/Library/Developer/Xcode/DerivedData/HealthApp-fjgvhltvryzvlufiayyipuiynnzt/Build/Intermediates.noindex/Pods.build/Debug-iphoneos/RNVectorIcons.build/RNVectorIcons-all-non-framework-target-headers.hmap

WriteAuxiliaryFile /Users/tungstonlabs/Library/Developer/Xcode/DerivedData/HealthApp-fjgvhltvryzvlufiayyipuiynnzt/Build/Intermediates.noindex/Pods.build/Debug-iphoneos/RNVectorIcons.build/Objects-normal/arm64/e6072d4f65d7061329687fe24e3d63a7-common-args.resp (in target 'RNVectorIcons' from project 'Pods')
    cd /Users/tungstonlabs/Desktop/HealthApp-Mobile/ios/Pods
    write-file /Users/tungstonlabs/Library/Developer/Xcode/DerivedData/HealthApp-fjgvhltvryzvlufiayyipuiynnzt/Build/Intermediates.noindex/Pods.build/Debug-iphoneos/RNVectorIcons.build/Objects-normal/arm64/e6072d4f65d7061329687fe24e3d63a7-common-args.resp
'-std=gnu11' -fobjc-arc -fobjc-weak -fmodules '-fmodules-cache-path=/Users/tungstonlabs/Library/Developer/Xcode/DerivedData/ModuleCache.noindex' -fpascal-strings -O0 -fno-common '-DPOD_CONFIGURATION_DEBUG=1' '-DDEBUG=1' '-DCOCOAPODS=1' '-DOBJC_OLD_DISPATCH_PROTOTYPES=0' -g -iquote /Users/tungstonlabs/Library/Developer/Xcode/DerivedData/HealthApp-fjgvhltvryzvlufiayyipuiynnzt/Build/Intermediates.noindex/Pods.build/Debug-iphoneos/RNVectorIcons.build/RNVectorIcons-generated-files.hmap -I/Users/tungstonlabs/Library/Developer/Xcode/DerivedData/HealthApp-fjgvhltvryzvlufiayyipuiynnzt/Build/Intermediates.noindex/Pods.build/Debug-iphoneos/RNVectorIcons.build/RNVectorIcons-own-target-headers.hmap -I/Users/tungstonlabs/Library/Developer/Xcode/DerivedData/HealthApp-fjgvhltvryzvlufiayyipuiynnzt/Build/Intermediates.noindex/Pods.build/Debug-iphoneos/RNVectorIcons.build/RNVectorIcons-all-non-framework-target-headers.hmap -ivfsoverlay /Users/tungstonlabs/Library/Developer/Xcode/DerivedData/HealthApp-fjgvhltvryzvlufiayyipuiynnzt/Build/Intermediates.noindex/Pods.build/Debug-iphoneos/Pods-8699adb1dd336b26511df848a716bd42-VFS-iphoneos/all-product-headers.yaml -iquote /Users/tungstonlabs/Library/Developer/Xcode/DerivedData/HealthApp-fjgvhltvryzvlufiayyipuiynnzt/Build/Intermediates.noindex/Pods.build/Debug-iphoneos/RNVectorIcons.build/RNVectorIcons-project-headers.hmap -I/Users/tungstonlabs/Library/Developer/Xcode/DerivedData/HealthApp-fjgvhltvryzvlufiayyipuiynnzt/Build/Products/Debug-iphoneos/RNVectorIcons/include -I/Users/tungstonlabs/Desktop/HealthApp-Mobile/ios/Pods/Headers/Private -I/Users/tungstonlabs/Desktop/HealthApp-Mobile/ios/Pods/Headers/Private/RNVectorIcons -I/Users/tungstonlabs/Desktop/HealthApp-Mobile/ios/Pods/Headers/Public -I/Users/tungstonlabs/Desktop/HealthApp-Mobile/ios/Pods/Headers/Public/DoubleConversion -I/Users/tungstonlabs/Desktop/HealthApp-Mobile/ios/Pods/Headers/Public/RCT-Folly -I/Users/tungstonlabs/Desktop/HealthApp-Mobile/ios/Pods/Headers/Public/RCTDeprecation -I/Users/tungstonlabs/Desktop/HealthApp-Mobile/ios/Pods/Headers/Public/RNVectorIcons -I/Users/tungstonlabs/Desktop/HealthApp-Mobile/ios/Pods/Headers/Public/React-Core -I/Users/tungstonlabs/Desktop/HealthApp-Mobile/ios/Pods/Headers/Public/React-callinvoker -I/Users/tungstonlabs/Desktop/HealthApp-Mobile/ios/Pods/Headers/Public/React-cxxreact -I/Users/tungstonlabs/Desktop/HealthApp-Mobile/ios/Pods/Headers/Public/React-debug -I/Users/tungstonlabs/Desktop/HealthApp-Mobile/ios/Pods/Headers/Public/React-featureflags -I/Users/tungstonlabs/Desktop/HealthApp-Mobile/ios/Pods/Headers/Public/React-hermes -I/Users/tungstonlabs/Desktop/HealthApp-Mobile/ios/Pods/Headers/Public/React-jsi -I/Users/tungstonlabs/Desktop/HealthApp-Mobile/ios/Pods/Headers/Public/React-jsiexecutor -I/Users/tungstonlabs/Desktop/HealthApp-Mobile/ios/Pods/Headers/Public/React-jsinspector -I/Users/tungstonlabs/Desktop/HealthApp-Mobile/ios/Pods/Headers/Public/React-jsinspectorcdp -I/Users/tungstonlabs/Desktop/HealthApp-Mobile/ios/Pods/Headers/Public/React-jsinspectornetwork -I/Users/tungstonlabs/Desktop/HealthApp-Mobile/ios/Pods/Headers/Public/React-jsinspectortracing -I/Users/tungstonlabs/Desktop/HealthApp-Mobile/ios/Pods/Headers/Public/React-jsitooling -I/Users/tungstonlabs/Desktop/HealthApp-Mobile/ios/Pods/Headers/Public/React-logger -I/Users/tungstonlabs/Desktop/HealthApp-Mobile/ios/Pods/Headers/Public/React-oscompat -I/Users/tungstonlabs/Desktop/HealthApp-Mobile/ios/Pods/Headers/Public/React-perflogger -I/Users/tungstonlabs/Desktop/HealthApp-Mobile/ios/Pods/Headers/Public/React-performancetimeline -I/Users/tungstonlabs/Desktop/HealthApp-Mobile/ios/Pods/Headers/Public/React-rendererconsistency -I/Users/tungstonlabs/Desktop/HealthApp-Mobile/ios/Pods/Headers/Public/React-rendererdebug -I/Users/tungstonlabs/Desktop/HealthApp-Mobile/ios/Pods/Headers/Public/React-runtimeexecutor -I/Users/tungstonlabs/Desktop/HealthApp-Mobile/ios/Pods/Headers/Public/React-runtimescheduler -I/Users/tungstonlabs/Desktop/HealthApp-Mobile/ios/Pods/Headers/Public/React-timing -I/Users/tungstonlabs/Desktop/HealthApp-Mobile/ios/Pods/Headers/Public/React-utils -I/Users/tungstonlabs/Desktop/HealthApp-Mobile/ios/Pods/Headers/Public/SocketRocket -I/Users/tungstonlabs/Desktop/HealthApp-Mobile/ios/Pods/Headers/Public/Yoga -I/Users/tungstonlabs/Desktop/HealthApp-Mobile/ios/Pods/Headers/Public/boost -I/Users/tungstonlabs/Desktop/HealthApp-Mobile/ios/Pods/Headers/Public/fast_float -I/Users/tungstonlabs/Desktop/HealthApp-Mobile/ios/Pods/Headers/Public/fmt -I/Users/tungstonlabs/Desktop/HealthApp-Mobile/ios/Pods/Headers/Public/glog -I/Users/tungstonlabs/Desktop/HealthApp-Mobile/ios/Pods/Headers/Public/hermes-engine -I/Users/tungstonlabs/Library/Developer/Xcode/DerivedData/HealthApp-fjgvhltvryzvlufiayyipuiynnzt/Build/Intermediates.noindex/Pods.build/Debug-iphoneos/RNVectorIcons.build/DerivedSources-normal/arm64 -I/Users/tungstonlabs/Library/Developer/Xcode/DerivedData/HealthApp-fjgvhltvryzvlufiayyipuiynnzt/Build/Intermediates.noindex/Pods.build/Debug-iphoneos/RNVectorIcons.build/DerivedSources/arm64 -I/Users/tungstonlabs/Library/Developer/Xcode/DerivedData/HealthApp-fjgvhltvryzvlufiayyipuiynnzt/Build/Intermediates.noindex/Pods.build/Debug-iphoneos/RNVectorIcons.build/DerivedSources -F/Users/tungstonlabs/Library/Developer/Xcode/DerivedData/HealthApp-fjgvhltvryzvlufiayyipuiynnzt/Build/Products/Debug-iphoneos/RNVectorIcons -F/Users/tungstonlabs/Desktop/HealthApp-Mobile/ios/Pods/hermes-engine/destroot/Library/Frameworks/universal -F/Users/tungstonlabs/Library/Developer/Xcode/DerivedData/HealthApp-fjgvhltvryzvlufiayyipuiynnzt/Build/Products/Debug-iphoneos/XCFrameworkIntermediates/hermes-engine/Pre-built '-fmodule-map-file=/Users/tungstonlabs/Desktop/HealthApp-Mobile/ios/Pods/Headers/Public/DoubleConversion/DoubleConversion.modulemap' '-fmodule-map-file=/Users/tungstonlabs/Desktop/HealthApp-Mobile/ios/Pods/Headers/Public/RCTDeprecation/RCTDeprecation.modulemap' '-fmodule-map-file=/Users/tungstonlabs/Desktop/HealthApp-Mobile/ios/Pods/Headers/Public/React/React-Core.modulemap' '-fmodule-map-file=/Users/tungstonlabs/Desktop/HealthApp-Mobile/ios/Pods/Headers/Public/React_runtimeexecutor/React-runtimeexecutor.modulemap' '-fmodule-map-file=/Users/tungstonlabs/Desktop/HealthApp-Mobile/ios/Pods/Headers/Public/SocketRocket/SocketRocket.modulemap' '-fmodule-map-file=/Users/tungstonlabs/Desktop/HealthApp-Mobile/ios/Pods/Headers/Public/fmt/fmt.modulemap' '-fmodule-map-file=/Users/tungstonlabs/Desktop/HealthApp-Mobile/ios/Pods/Headers/Public/folly/RCT-Folly.modulemap' '-fmodule-map-file=/Users/tungstonlabs/Desktop/HealthApp-Mobile/ios/Pods/Headers/Public/glog/glog.modulemap' '-fmodule-map-file=/Users/tungstonlabs/Desktop/HealthApp-Mobile/ios/Pods/Headers/Public/jsi/React-jsi.modulemap' '-fmodule-map-file=/Users/tungstonlabs/Desktop/HealthApp-Mobile/ios/Pods/Headers/Public/jsinspector_modern/React-jsinspector.modulemap' '-fmodule-map-file=/Users/tungstonlabs/Desktop/HealthApp-Mobile/ios/Pods/Headers/Public/jsinspector_modern_cdp/React-jsinspectorcdp.modulemap' '-fmodule-map-file=/Users/tungstonlabs/Desktop/HealthApp-Mobile/ios/Pods/Headers/Public/jsinspector_modern_network/React-jsinspectornetwork.modulemap' '-fmodule-map-file=/Users/tungstonlabs/Desktop/HealthApp-Mobile/ios/Pods/Headers/Public/jsinspector_modern_tracing/React-jsinspectortracing.modulemap' '-fmodule-map-file=/Users/tungstonlabs/Desktop/HealthApp-Mobile/ios/Pods/Headers/Public/react_debug/React-debug.modulemap' '-fmodule-map-file=/Users/tungstonlabs/Desktop/HealthApp-Mobile/ios/Pods/Headers/Public/react_featureflags/React-featureflags.modulemap' '-fmodule-map-file=/Users/tungstonlabs/Desktop/HealthApp-Mobile/ios/Pods/Headers/Public/react_renderer_debug/React-rendererdebug.modulemap' '-fmodule-map-file=/Users/tungstonlabs/Desktop/HealthApp-Mobile/ios/Pods/Headers/Public/react_runtime/React-jsitooling.modulemap' '-fmodule-map-file=/Users/tungstonlabs/Desktop/HealthApp-Mobile/ios/Pods/Headers/Public/react_utils/React-utils.modulemap' '-fmodule-map-file=/Users/tungstonlabs/Desktop/HealthApp-Mobile/ios/Pods/Headers/Public/reacthermes/React-hermes.modulemap' '-fmodule-map-file=/Users/tungstonlabs/Desktop/HealthApp-Mobile/ios/Pods/Headers/Public/yoga/Yoga.modulemap'

WriteAuxiliaryFile /Users/tungstonlabs/Library/Developer/Xcode/DerivedData/HealthApp-fjgvhltvryzvlufiayyipuiynnzt/Build/Intermediates.noindex/Pods.build/Debug-iphoneos/RNVectorIcons.build/Objects-normal/arm64/RNVectorIcons.LinkFileList (in target 'RNVectorIcons' from project 'Pods')
    cd /Users/tungstonlabs/Desktop/HealthApp-Mobile/ios/Pods
    write-file /Users/tungstonlabs/Library/Developer/Xcode/DerivedData/HealthApp-fjgvhltvryzvlufiayyipuiynnzt/Build/Intermediates.noindex/Pods.build/Debug-iphoneos/RNVectorIcons.build/Objects-normal/arm64/RNVectorIcons.LinkFileList

WriteAuxiliaryFile /Users/tungstonlabs/Library/Developer/Xcode/DerivedData/HealthApp-fjgvhltvryzvlufiayyipuiynnzt/Build/Intermediates.noindex/Pods.build/Debug-iphoneos/RNSVG-RNSVGFilters.build/RNSVGFilters.DependencyStaticMetadataFileList (in target 'RNSVG-RNSVGFilters' from project 'Pods')
    cd /Users/tungstonlabs/Desktop/HealthApp-Mobile/ios/Pods
    write-file /Users/tungstonlabs/Library/Developer/Xcode/DerivedData/HealthApp-fjgvhltvryzvlufiayyipuiynnzt/Build/Intermediates.noindex/Pods.build/Debug-iphoneos/RNSVG-RNSVGFilters.build/RNSVGFilters.DependencyStaticMetadataFileList

WriteAuxiliaryFile /Users/tungstonlabs/Library/Developer/Xcode/DerivedData/HealthApp-fjgvhltvryzvlufiayyipuiynnzt/Build/Intermediates.noindex/Pods.build/Debug-iphoneos/RNSVG-RNSVGFilters.build/RNSVGFilters.DependencyMetadataFileList (in target 'RNSVG-RNSVGFilters' from project 'Pods')
    cd /Users/tungstonlabs/Desktop/HealthApp-Mobile/ios/Pods
    write-file /Users/tungstonlabs/Library/Developer/Xcode/DerivedData/HealthApp-fjgvhltvryzvlufiayyipuiynnzt/Build/Intermediates.noindex/Pods.build/Debug-iphoneos/RNSVG-RNSVGFilters.build/RNSVGFilters.DependencyMetadataFileList

WriteAuxiliaryFile /Users/tungstonlabs/Library/Developer/Xcode/DerivedData/HealthApp-fjgvhltvryzvlufiayyipuiynnzt/Build/Intermediates.noindex/Pods.build/Debug-iphoneos/RNSVG-RNSVGFilters.build/RNSVGFilters.hmap (in target 'RNSVG-RNSVGFilters' from project 'Pods')
    cd /Users/tungstonlabs/Desktop/HealthApp-Mobile/ios/Pods
    write-file /Users/tungstonlabs/Library/Developer/Xcode/DerivedData/HealthApp-fjgvhltvryzvlufiayyipuiynnzt/Build/Intermediates.noindex/Pods.build/Debug-iphoneos/RNSVG-RNSVGFilters.build/RNSVGFilters.hmap

WriteAuxiliaryFile /Users/tungstonlabs/Library/Developer/Xcode/DerivedData/HealthApp-fjgvhltvryzvlufiayyipuiynnzt/Build/Intermediates.noindex/Pods.build/Debug-iphoneos/RNSVG-RNSVGFilters.build/RNSVGFilters-project-headers.hmap (in target 'RNSVG-RNSVGFilters' from project 'Pods')
    cd /Users/tungstonlabs/Desktop/HealthApp-Mobile/ios/Pods
    write-file /Users/tungstonlabs/Library/Developer/Xcode/DerivedData/HealthApp-fjgvhltvryzvlufiayyipuiynnzt/Build/Intermediates.noindex/Pods.build/Debug-iphoneos/RNSVG-RNSVGFilters.build/RNSVGFilters-project-headers.hmap

WriteAuxiliaryFile /Users/tungstonlabs/Library/Developer/Xcode/DerivedData/HealthApp-fjgvhltvryzvlufiayyipuiynnzt/Build/Intermediates.noindex/Pods.build/Debug-iphoneos/RNSVG-RNSVGFilters.build/RNSVGFilters-own-target-headers.hmap (in target 'RNSVG-RNSVGFilters' from project 'Pods')
    cd /Users/tungstonlabs/Desktop/HealthApp-Mobile/ios/Pods
    write-file /Users/tungstonlabs/Library/Developer/Xcode/DerivedData/HealthApp-fjgvhltvryzvlufiayyipuiynnzt/Build/Intermediates.noindex/Pods.build/Debug-iphoneos/RNSVG-RNSVGFilters.build/RNSVGFilters-own-target-headers.hmap

WriteAuxiliaryFile /Users/tungstonlabs/Library/Developer/Xcode/DerivedData/HealthApp-fjgvhltvryzvlufiayyipuiynnzt/Build/Intermediates.noindex/Pods.build/Debug-iphoneos/RNSVG-RNSVGFilters.build/RNSVGFilters-generated-files.hmap (in target 'RNSVG-RNSVGFilters' from project 'Pods')
    cd /Users/tungstonlabs/Desktop/HealthApp-Mobile/ios/Pods
    write-file /Users/tungstonlabs/Library/Developer/Xcode/DerivedData/HealthApp-fjgvhltvryzvlufiayyipuiynnzt/Build/Intermediates.noindex/Pods.build/Debug-iphoneos/RNSVG-RNSVGFilters.build/RNSVGFilters-generated-files.hmap

WriteAuxiliaryFile /Users/tungstonlabs/Library/Developer/Xcode/DerivedData/HealthApp-fjgvhltvryzvlufiayyipuiynnzt/Build/Intermediates.noindex/Pods.build/Debug-iphoneos/RNSVG-RNSVGFilters.build/RNSVGFilters-all-target-headers.hmap (in target 'RNSVG-RNSVGFilters' from project 'Pods')
    cd /Users/tungstonlabs/Desktop/HealthApp-Mobile/ios/Pods
    write-file /Users/tungstonlabs/Library/Developer/Xcode/DerivedData/HealthApp-fjgvhltvryzvlufiayyipuiynnzt/Build/Intermediates.noindex/Pods.build/Debug-iphoneos/RNSVG-RNSVGFilters.build/RNSVGFilters-all-target-headers.hmap

WriteAuxiliaryFile /Users/tungstonlabs/Library/Developer/Xcode/DerivedData/HealthApp-fjgvhltvryzvlufiayyipuiynnzt/Build/Intermediates.noindex/Pods.build/Debug-iphoneos/RNSVG-RNSVGFilters.build/RNSVGFilters-all-non-framework-target-headers.hmap (in target 'RNSVG-RNSVGFilters' from project 'Pods')
    cd /Users/tungstonlabs/Desktop/HealthApp-Mobile/ios/Pods
    write-file /Users/tungstonlabs/Library/Developer/Xcode/DerivedData/HealthApp-fjgvhltvryzvlufiayyipuiynnzt/Build/Intermediates.noindex/Pods.build/Debug-iphoneos/RNSVG-RNSVGFilters.build/RNSVGFilters-all-non-framework-target-headers.hmap

ProcessInfoPlistFile /Users/tungstonlabs/Library/Developer/Xcode/DerivedData/HealthApp-fjgvhltvryzvlufiayyipuiynnzt/Build/Products/Debug-iphoneos/react-native-image-picker/RNImagePickerPrivacyInfo.bundle/Info.plist /Users/tungstonlabs/Desktop/HealthApp-Mobile/ios/Pods/Target\ Support\ Files/react-native-image-picker/ResourceBundle-RNImagePickerPrivacyInfo-react-native-image-picker-Info.plist (in target 'react-native-image-picker-RNImagePickerPrivacyInfo' from project 'Pods')
    cd /Users/tungstonlabs/Desktop/HealthApp-Mobile/ios/Pods
    builtin-infoPlistUtility /Users/tungstonlabs/Desktop/HealthApp-Mobile/ios/Pods/Target\ Support\ Files/react-native-image-picker/ResourceBundle-RNImagePickerPrivacyInfo-react-native-image-picker-Info.plist -producttype com.apple.product-type.bundle -expandbuildsettings -format binary -platform iphoneos -requiredArchitecture arm64 -o /Users/tungstonlabs/Library/Developer/Xcode/DerivedData/HealthApp-fjgvhltvryzvlufiayyipuiynnzt/Build/Products/Debug-iphoneos/react-native-image-picker/RNImagePickerPrivacyInfo.bundle/Info.plist

MkDir /Users/tungstonlabs/Library/Developer/Xcode/DerivedData/HealthApp-fjgvhltvryzvlufiayyipuiynnzt/Build/Products/Debug-iphoneos/React-Core/React-Core_privacy.bundle (in target 'React-Core-React-Core_privacy' from project 'Pods')
    cd /Users/tungstonlabs/Desktop/HealthApp-Mobile/ios/Pods
    /bin/mkdir -p /Users/tungstonlabs/Library/Developer/Xcode/DerivedData/HealthApp-fjgvhltvryzvlufiayyipuiynnzt/Build/Products/Debug-iphoneos/React-Core/React-Core_privacy.bundle

MkDir /Users/tungstonlabs/Library/Developer/Xcode/DerivedData/HealthApp-fjgvhltvryzvlufiayyipuiynnzt/Build/Products/Debug-iphoneos/RNSVG/RNSVGFilters.bundle (in target 'RNSVG-RNSVGFilters' from project 'Pods')
    cd /Users/tungstonlabs/Desktop/HealthApp-Mobile/ios/Pods
    /bin/mkdir -p /Users/tungstonlabs/Library/Developer/Xcode/DerivedData/HealthApp-fjgvhltvryzvlufiayyipuiynnzt/Build/Products/Debug-iphoneos/RNSVG/RNSVGFilters.bundle

WriteAuxiliaryFile /Users/tungstonlabs/Library/Developer/Xcode/DerivedData/HealthApp-fjgvhltvryzvlufiayyipuiynnzt/Build/Intermediates.noindex/Pods.build/Debug-iphoneos/RNScreens.build/RNScreens.hmap (in target 'RNScreens' from project 'Pods')
    cd /Users/tungstonlabs/Desktop/HealthApp-Mobile/ios/Pods
    write-file /Users/tungstonlabs/Library/Developer/Xcode/DerivedData/HealthApp-fjgvhltvryzvlufiayyipuiynnzt/Build/Intermediates.noindex/Pods.build/Debug-iphoneos/RNScreens.build/RNScreens.hmap

WriteAuxiliaryFile /Users/tungstonlabs/Library/Developer/Xcode/DerivedData/HealthApp-fjgvhltvryzvlufiayyipuiynnzt/Build/Intermediates.noindex/Pods.build/Debug-iphoneos/RNScreens.build/RNScreens.DependencyStaticMetadataFileList (in target 'RNScreens' from project 'Pods')
    cd /Users/tungstonlabs/Desktop/HealthApp-Mobile/ios/Pods
    write-file /Users/tungstonlabs/Library/Developer/Xcode/DerivedData/HealthApp-fjgvhltvryzvlufiayyipuiynnzt/Build/Intermediates.noindex/Pods.build/Debug-iphoneos/RNScreens.build/RNScreens.DependencyStaticMetadataFileList

WriteAuxiliaryFile /Users/tungstonlabs/Library/Developer/Xcode/DerivedData/HealthApp-fjgvhltvryzvlufiayyipuiynnzt/Build/Intermediates.noindex/Pods.build/Debug-iphoneos/RNScreens.build/RNScreens.DependencyMetadataFileList (in target 'RNScreens' from project 'Pods')
    cd /Users/tungstonlabs/Desktop/HealthApp-Mobile/ios/Pods
    write-file /Users/tungstonlabs/Library/Developer/Xcode/DerivedData/HealthApp-fjgvhltvryzvlufiayyipuiynnzt/Build/Intermediates.noindex/Pods.build/Debug-iphoneos/RNScreens.build/RNScreens.DependencyMetadataFileList

WriteAuxiliaryFile /Users/tungstonlabs/Library/Developer/Xcode/DerivedData/HealthApp-fjgvhltvryzvlufiayyipuiynnzt/Build/Intermediates.noindex/Pods.build/Debug-iphoneos/RNScreens.build/RNScreens-project-headers.hmap (in target 'RNScreens' from project 'Pods')
    cd /Users/tungstonlabs/Desktop/HealthApp-Mobile/ios/Pods
    write-file /Users/tungstonlabs/Library/Developer/Xcode/DerivedData/HealthApp-fjgvhltvryzvlufiayyipuiynnzt/Build/Intermediates.noindex/Pods.build/Debug-iphoneos/RNScreens.build/RNScreens-project-headers.hmap

WriteAuxiliaryFile /Users/tungstonlabs/Library/Developer/Xcode/DerivedData/HealthApp-fjgvhltvryzvlufiayyipuiynnzt/Build/Intermediates.noindex/Pods.build/Debug-iphoneos/RNScreens.build/RNScreens-own-target-headers.hmap (in target 'RNScreens' from project 'Pods')
    cd /Users/tungstonlabs/Desktop/HealthApp-Mobile/ios/Pods
    write-file /Users/tungstonlabs/Library/Developer/Xcode/DerivedData/HealthApp-fjgvhltvryzvlufiayyipuiynnzt/Build/Intermediates.noindex/Pods.build/Debug-iphoneos/RNScreens.build/RNScreens-own-target-headers.hmap

WriteAuxiliaryFile /Users/tungstonlabs/Library/Developer/Xcode/DerivedData/HealthApp-fjgvhltvryzvlufiayyipuiynnzt/Build/Intermediates.noindex/Pods.build/Debug-iphoneos/RNScreens.build/RNScreens-generated-files.hmap (in target 'RNScreens' from project 'Pods')
    cd /Users/tungstonlabs/Desktop/HealthApp-Mobile/ios/Pods
    write-file /Users/tungstonlabs/Library/Developer/Xcode/DerivedData/HealthApp-fjgvhltvryzvlufiayyipuiynnzt/Build/Intermediates.noindex/Pods.build/Debug-iphoneos/RNScreens.build/RNScreens-generated-files.hmap

WriteAuxiliaryFile /Users/tungstonlabs/Library/Developer/Xcode/DerivedData/HealthApp-fjgvhltvryzvlufiayyipuiynnzt/Build/Intermediates.noindex/Pods.build/Debug-iphoneos/RNScreens.build/RNScreens-all-target-headers.hmap (in target 'RNScreens' from project 'Pods')
    cd /Users/tungstonlabs/Desktop/HealthApp-Mobile/ios/Pods
    write-file /Users/tungstonlabs/Library/Developer/Xcode/DerivedData/HealthApp-fjgvhltvryzvlufiayyipuiynnzt/Build/Intermediates.noindex/Pods.build/Debug-iphoneos/RNScreens.build/RNScreens-all-target-headers.hmap

WriteAuxiliaryFile /Users/tungstonlabs/Library/Developer/Xcode/DerivedData/HealthApp-fjgvhltvryzvlufiayyipuiynnzt/Build/Intermediates.noindex/Pods.build/Debug-iphoneos/RNScreens.build/RNScreens-all-non-framework-target-headers.hmap (in target 'RNScreens' from project 'Pods')
    cd /Users/tungstonlabs/Desktop/HealthApp-Mobile/ios/Pods
    write-file /Users/tungstonlabs/Library/Developer/Xcode/DerivedData/HealthApp-fjgvhltvryzvlufiayyipuiynnzt/Build/Intermediates.noindex/Pods.build/Debug-iphoneos/RNScreens.build/RNScreens-all-non-framework-target-headers.hmap

WriteAuxiliaryFile /Users/tungstonlabs/Library/Developer/Xcode/DerivedData/HealthApp-fjgvhltvryzvlufiayyipuiynnzt/Build/Intermediates.noindex/Pods.build/Debug-iphoneos/RNScreens.build/Objects-normal/arm64/af3fcb34312c57c0f52879cdce924b91-common-args.resp (in target 'RNScreens' from project 'Pods')
    cd /Users/tungstonlabs/Desktop/HealthApp-Mobile/ios/Pods
    write-file /Users/tungstonlabs/Library/Developer/Xcode/DerivedData/HealthApp-fjgvhltvryzvlufiayyipuiynnzt/Build/Intermediates.noindex/Pods.build/Debug-iphoneos/RNScreens.build/Objects-normal/arm64/af3fcb34312c57c0f52879cdce924b91-common-args.resp
'-std=c++20' '-stdlib=libc++' -fobjc-arc -fmodules -fno-cxx-modules '-fmodules-cache-path=/Users/tungstonlabs/Library/Developer/Xcode/DerivedData/ModuleCache.noindex' '-D_LIBCPP_HARDENING_MODE=_LIBCPP_HARDENING_MODE_DEBUG' -fpascal-strings -O0 -fno-common '-DPOD_CONFIGURATION_DEBUG=1' '-DDEBUG=1' '-DCOCOAPODS=1' '-DOBJC_OLD_DISPATCH_PROTOTYPES=0' -g -iquote /Users/tungstonlabs/Library/Developer/Xcode/DerivedData/HealthApp-fjgvhltvryzvlufiayyipuiynnzt/Build/Intermediates.noindex/Pods.build/Debug-iphoneos/RNScreens.build/RNScreens-generated-files.hmap -I/Users/tungstonlabs/Library/Developer/Xcode/DerivedData/HealthApp-fjgvhltvryzvlufiayyipuiynnzt/Build/Intermediates.noindex/Pods.build/Debug-iphoneos/RNScreens.build/RNScreens-own-target-headers.hmap -I/Users/tungstonlabs/Library/Developer/Xcode/DerivedData/HealthApp-fjgvhltvryzvlufiayyipuiynnzt/Build/Intermediates.noindex/Pods.build/Debug-iphoneos/RNScreens.build/RNScreens-all-non-framework-target-headers.hmap -ivfsoverlay /Users/tungstonlabs/Library/Developer/Xcode/DerivedData/HealthApp-fjgvhltvryzvlufiayyipuiynnzt/Build/Intermediates.noindex/Pods.build/Debug-iphoneos/Pods-8699adb1dd336b26511df848a716bd42-VFS-iphoneos/all-product-headers.yaml -iquote /Users/tungstonlabs/Library/Developer/Xcode/DerivedData/HealthApp-fjgvhltvryzvlufiayyipuiynnzt/Build/Intermediates.noindex/Pods.build/Debug-iphoneos/RNScreens.build/RNScreens-project-headers.hmap -I/Users/tungstonlabs/Library/Developer/Xcode/DerivedData/HealthApp-fjgvhltvryzvlufiayyipuiynnzt/Build/Products/Debug-iphoneos/RNScreens/include -I/Users/tungstonlabs/Desktop/HealthApp-Mobile/ios/Pods/Headers/Private -I/Users/tungstonlabs/Desktop/HealthApp-Mobile/ios/Pods/Headers/Private/RNScreens -I/Users/tungstonlabs/Desktop/HealthApp-Mobile/ios/Pods/Headers/Public -I/Users/tungstonlabs/Desktop/HealthApp-Mobile/ios/Pods/Headers/Public/DoubleConversion -I/Users/tungstonlabs/Desktop/HealthApp-Mobile/ios/Pods/Headers/Public/FBLazyVector -I/Users/tungstonlabs/Desktop/HealthApp-Mobile/ios/Pods/Headers/Public/RCT-Folly -I/Users/tungstonlabs/Desktop/HealthApp-Mobile/ios/Pods/Headers/Public/RCTDeprecation -I/Users/tungstonlabs/Desktop/HealthApp-Mobile/ios/Pods/Headers/Public/RCTRequired -I/Users/tungstonlabs/Desktop/HealthApp-Mobile/ios/Pods/Headers/Public/RCTTypeSafety -I/Users/tungstonlabs/Desktop/HealthApp-Mobile/ios/Pods/Headers/Public/RNScreens -I/Users/tungstonlabs/Desktop/HealthApp-Mobile/ios/Pods/Headers/Public/React-Core -I/Users/tungstonlabs/Desktop/HealthApp-Mobile/ios/Pods/Headers/Public/React-Fabric -I/Users/tungstonlabs/Desktop/HealthApp-Mobile/ios/Pods/Headers/Public/React-FabricComponents -I/Users/tungstonlabs/Desktop/HealthApp-Mobile/ios/Pods/Headers/Public/React-FabricImage -I/Users/tungstonlabs/Desktop/HealthApp-Mobile/ios/Pods/Headers/Public/React-ImageManager -I/Users/tungstonlabs/Desktop/HealthApp-Mobile/ios/Pods/Headers/Public/React-Mapbuffer -I/Users/tungstonlabs/Desktop/HealthApp-Mobile/ios/Pods/Headers/Public/React-NativeModulesApple -I/Users/tungstonlabs/Desktop/HealthApp-Mobile/ios/Pods/Headers/Public/React-RCTAnimation -I/Users/tungstonlabs/Desktop/HealthApp-Mobile/ios/Pods/Headers/Public/React-RCTAppDelegate -I/Users/tungstonlabs/Desktop/HealthApp-Mobile/ios/Pods/Headers/Public/React-RCTBlob -I/Users/tungstonlabs/Desktop/HealthApp-Mobile/ios/Pods/Headers/Public/React-RCTFBReactNativeSpec -I/Users/tungstonlabs/Desktop/HealthApp-Mobile/ios/Pods/Headers/Public/React-RCTFabric -I/Users/tungstonlabs/Desktop/HealthApp-Mobile/ios/Pods/Headers/Public/React-RCTRuntime -I/Users/tungstonlabs/Desktop/HealthApp-Mobile/ios/Pods/Headers/Public/React-RCTText -I/Users/tungstonlabs/Desktop/HealthApp-Mobile/ios/Pods/Headers/Public/React-RuntimeApple -I/Users/tungstonlabs/Desktop/HealthApp-Mobile/ios/Pods/Headers/Public/React-RuntimeCore -I/Users/tungstonlabs/Desktop/HealthApp-Mobile/ios/Pods/Headers/Public/React-RuntimeHermes -I/Users/tungstonlabs/Desktop/HealthApp-Mobile/ios/Pods/Headers/Public/React-callinvoker -I/Users/tungstonlabs/Desktop/HealthApp-Mobile/ios/Pods/Headers/Public/React-cxxreact -I/Users/tungstonlabs/Desktop/HealthApp-Mobile/ios/Pods/Headers/Public/React-debug -I/Users/tungstonlabs/Desktop/HealthApp-Mobile/ios/Pods/Headers/Public/React-defaultsnativemodule -I/Users/tungstonlabs/Desktop/HealthApp-Mobile/ios/Pods/Headers/Public/React-domnativemodule -I/Users/tungstonlabs/Desktop/HealthApp-Mobile/ios/Pods/Headers/Public/React-featureflags -I/Users/tungstonlabs/Desktop/HealthApp-Mobile/ios/Pods/Headers/Public/React-featureflagsnativemodule -I/Users/tungstonlabs/Desktop/HealthApp-Mobile/ios/Pods/Headers/Public/React-graphics -I/Users/tungstonlabs/Desktop/HealthApp-Mobile/ios/Pods/Headers/Public/React-hermes -I/Users/tungstonlabs/Desktop/HealthApp-Mobile/ios/Pods/Headers/Public/React-idlecallbacksnativemodule -I/Users/tungstonlabs/Desktop/HealthApp-Mobile/ios/Pods/Headers/Public/React-jserrorhandler -I/Users/tungstonlabs/Desktop/HealthApp-Mobile/ios/Pods/Headers/Public/React-jsi -I/Users/tungstonlabs/Desktop/HealthApp-Mobile/ios/Pods/Headers/Public/React-jsiexecutor -I/Users/tungstonlabs/Desktop/HealthApp-Mobile/ios/Pods/Headers/Public/React-jsinspector -I/Users/tungstonlabs/Desktop/HealthApp-Mobile/ios/Pods/Headers/Public/React-jsinspectorcdp -I/Users/tungstonlabs/Desktop/HealthApp-Mobile/ios/Pods/Headers/Public/React-jsinspectornetwork -I/Users/tungstonlabs/Desktop/HealthApp-Mobile/ios/Pods/Headers/Public/React-jsinspectortracing -I/Users/tungstonlabs/Desktop/HealthApp-Mobile/ios/Pods/Headers/Public/React-jsitooling -I/Users/tungstonlabs/Desktop/HealthApp-Mobile/ios/Pods/Headers/Public/React-logger -I/Users/tungstonlabs/Desktop/HealthApp-Mobile/ios/Pods/Headers/Public/React-microtasksnativemodule -I/Users/tungstonlabs/Desktop/HealthApp-Mobile/ios/Pods/Headers/Public/React-oscompat -I/Users/tungstonlabs/Desktop/HealthApp-Mobile/ios/Pods/Headers/Public/React-perflogger -I/Users/tungstonlabs/Desktop/HealthApp-Mobile/ios/Pods/Headers/Public/React-performancecdpmetrics -I/Users/tungstonlabs/Desktop/HealthApp-Mobile/ios/Pods/Headers/Public/React-performancetimeline -I/Users/tungstonlabs/Desktop/HealthApp-Mobile/ios/Pods/Headers/Public/React-rendererconsistency -I/Users/tungstonlabs/Desktop/HealthApp-Mobile/ios/Pods/Headers/Public/React-renderercss -I/Users/tungstonlabs/Desktop/HealthApp-Mobile/ios/Pods/Headers/Public/React-rendererdebug -I/Users/tungstonlabs/Desktop/HealthApp-Mobile/ios/Pods/Headers/Public/React-runtimeexecutor -I/Users/tungstonlabs/Desktop/HealthApp-Mobile/ios/Pods/Headers/Public/React-runtimescheduler -I/Users/tungstonlabs/Desktop/HealthApp-Mobile/ios/Pods/Headers/Public/React-timing -I/Users/tungstonlabs/Desktop/HealthApp-Mobile/ios/Pods/Headers/Public/React-utils -I/Users/tungstonlabs/Desktop/HealthApp-Mobile/ios/Pods/Headers/Public/React-webperformancenativemodule -I/Users/tungstonlabs/Desktop/HealthApp-Mobile/ios/Pods/Headers/Public/ReactCodegen -I/Users/tungstonlabs/Desktop/HealthApp-Mobile/ios/Pods/Headers/Public/ReactCommon -I/Users/tungstonlabs/Desktop/HealthApp-Mobile/ios/Pods/Headers/Public/SocketRocket -I/Users/tungstonlabs/Desktop/HealthApp-Mobile/ios/Pods/Headers/Public/Yoga -I/Users/tungstonlabs/Desktop/HealthApp-Mobile/ios/Pods/Headers/Public/boost -I/Users/tungstonlabs/Desktop/HealthApp-Mobile/ios/Pods/Headers/Public/fast_float -I/Users/tungstonlabs/Desktop/HealthApp-Mobile/ios/Pods/Headers/Public/fmt -I/Users/tungstonlabs/Desktop/HealthApp-Mobile/ios/Pods/Headers/Public/glog -I/Users/tungstonlabs/Desktop/HealthApp-Mobile/ios/Pods/Headers/Public/hermes-engine -I/Users/tungstonlabs/Desktop/HealthApp-Mobile/ios/Pods/Headers/Private/Yoga -I/Users/tungstonlabs/Desktop/HealthApp-Mobile/ios/Pods/glog -I/Users/tungstonlabs/Desktop/HealthApp-Mobile/ios/Pods/boost -I/Users/tungstonlabs/Desktop/HealthApp-Mobile/ios/Pods/DoubleConversion -I/Users/tungstonlabs/Desktop/HealthApp-Mobile/ios/Pods/fast_float/include -I/Users/tungstonlabs/Desktop/HealthApp-Mobile/ios/Pods/fmt/include -I/Users/tungstonlabs/Desktop/HealthApp-Mobile/ios/Pods/SocketRocket -I/Users/tungstonlabs/Desktop/HealthApp-Mobile/ios/Pods/RCT-Folly -I/Users/tungstonlabs/Desktop/HealthApp-Mobile/ios/Pods/Headers/Private/Yoga -I/Users/tungstonlabs/Desktop/HealthApp-Mobile/ios/Pods/glog -I/Users/tungstonlabs/Desktop/HealthApp-Mobile/ios/Pods/boost -I/Users/tungstonlabs/Desktop/HealthApp-Mobile/ios/Pods/DoubleConversion -I/Users/tungstonlabs/Desktop/HealthApp-Mobile/ios/Pods/fast_float/include -I/Users/tungstonlabs/Desktop/HealthApp-Mobile/ios/Pods/fmt/include -I/Users/tungstonlabs/Desktop/HealthApp-Mobile/ios/Pods/SocketRocket -I/Users/tungstonlabs/Desktop/HealthApp-Mobile/ios/Pods/RCT-Folly -I/Users/tungstonlabs/Desktop/HealthApp-Mobile/node_modules/react-native-screens/common/cpp -I/Users/tungstonlabs/Library/Developer/Xcode/DerivedData/HealthApp-fjgvhltvryzvlufiayyipuiynnzt/Build/Intermediates.noindex/Pods.build/Debug-iphoneos/RNScreens.build/DerivedSources-normal/arm64 -I/Users/tungstonlabs/Library/Developer/Xcode/DerivedData/HealthApp-fjgvhltvryzvlufiayyipuiynnzt/Build/Intermediates.noindex/Pods.build/Debug-iphoneos/RNScreens.build/DerivedSources/arm64 -I/Users/tungstonlabs/Library/Developer/Xcode/DerivedData/HealthApp-fjgvhltvryzvlufiayyipuiynnzt/Build/Intermediates.noindex/Pods.build/Debug-iphoneos/RNScreens.build/DerivedSources -F/Users/tungstonlabs/Library/Developer/Xcode/DerivedData/HealthApp-fjgvhltvryzvlufiayyipuiynnzt/Build/Products/Debug-iphoneos/RNScreens -F/Users/tungstonlabs/Desktop/HealthApp-Mobile/ios/Pods/hermes-engine/destroot/Library/Frameworks/universal -F/Users/tungstonlabs/Library/Developer/Xcode/DerivedData/HealthApp-fjgvhltvryzvlufiayyipuiynnzt/Build/Products/Debug-iphoneos/XCFrameworkIntermediates/hermes-engine/Pre-built '-fmodule-map-file=/Users/tungstonlabs/Desktop/HealthApp-Mobile/ios/Pods/Headers/Public/DoubleConversion/DoubleConversion.modulemap' '-fmodule-map-file=/Users/tungstonlabs/Desktop/HealthApp-Mobile/ios/Pods/Headers/Public/RCTDeprecation/RCTDeprecation.modulemap' '-fmodule-map-file=/Users/tungstonlabs/Desktop/HealthApp-Mobile/ios/Pods/Headers/Public/RCTFabric/React-RCTFabric.modulemap' '-fmodule-map-file=/Users/tungstonlabs/Desktop/HealthApp-Mobile/ios/Pods/Headers/Public/RCTImage/React-RCTImage.modulemap' '-fmodule-map-file=/Users/tungstonlabs/Desktop/HealthApp-Mobile/ios/Pods/Headers/Public/RCTRuntime/React-RCTRuntime.modulemap' '-fmodule-map-file=/Users/tungstonlabs/Desktop/HealthApp-Mobile/ios/Pods/Headers/Public/RCTTypeSafety/RCTTypeSafety.modulemap' '-fmodule-map-file=/Users/tungstonlabs/Desktop/HealthApp-Mobile/ios/Pods/Headers/Public/React/React-Core.modulemap' '-fmodule-map-file=/Users/tungstonlabs/Desktop/HealthApp-Mobile/ios/Pods/Headers/Public/ReactCodegen/ReactCodegen.modulemap' '-fmodule-map-file=/Users/tungstonlabs/Desktop/HealthApp-Mobile/ios/Pods/Headers/Public/ReactCommon/ReactCommon.modulemap' '-fmodule-map-file=/Users/tungstonlabs/Desktop/HealthApp-Mobile/ios/Pods/Headers/Public/React_Fabric/React-Fabric.modulemap' '-fmodule-map-file=/Users/tungstonlabs/Desktop/HealthApp-Mobile/ios/Pods/Headers/Public/React_FabricComponents/React-FabricComponents.modulemap' '-fmodule-map-file=/Users/tungstonlabs/Desktop/HealthApp-Mobile/ios/Pods/Headers/Public/React_NativeModulesApple/React-NativeModulesApple.modulemap' '-fmodule-map-file=/Users/tungstonlabs/Desktop/HealthApp-Mobile/ios/Pods/Headers/Public/React_RCTAppDelegate/React-RCTAppDelegate.modulemap' '-fmodule-map-file=/Users/tungstonlabs/Desktop/HealthApp-Mobile/ios/Pods/Headers/Public/React_runtimeexecutor/React-runtimeexecutor.modulemap' '-fmodule-map-file=/Users/tungstonlabs/Desktop/HealthApp-Mobile/ios/Pods/Headers/Public/SocketRocket/SocketRocket.modulemap' '-fmodule-map-file=/Users/tungstonlabs/Desktop/HealthApp-Mobile/ios/Pods/Headers/Public/fmt/fmt.modulemap' '-fmodule-map-file=/Users/tungstonlabs/Desktop/HealthApp-Mobile/ios/Pods/Headers/Public/folly/RCT-Folly.modulemap' '-fmodule-map-file=/Users/tungstonlabs/Desktop/HealthApp-Mobile/ios/Pods/Headers/Public/glog/glog.modulemap' '-fmodule-map-file=/Users/tungstonlabs/Desktop/HealthApp-Mobile/ios/Pods/Headers/Public/jsi/React-jsi.modulemap' '-fmodule-map-file=/Users/tungstonlabs/Desktop/HealthApp-Mobile/ios/Pods/Headers/Public/jsinspector_modern/React-jsinspector.modulemap' '-fmodule-map-file=/Users/tungstonlabs/Desktop/HealthApp-Mobile/ios/Pods/Headers/Public/jsinspector_modern_cdp/React-jsinspectorcdp.modulemap' '-fmodule-map-file=/Users/tungstonlabs/Desktop/HealthApp-Mobile/ios/Pods/Headers/Public/jsinspector_modern_network/React-jsinspectornetwork.modulemap' '-fmodule-map-file=/Users/tungstonlabs/Desktop/HealthApp-Mobile/ios/Pods/Headers/Public/jsinspector_modern_tracing/React-jsinspectortracing.modulemap' '-fmodule-map-file=/Users/tungstonlabs/Desktop/HealthApp-Mobile/ios/Pods/Headers/Public/react_debug/React-debug.modulemap' '-fmodule-map-file=/Users/tungstonlabs/Desktop/HealthApp-Mobile/ios/Pods/Headers/Public/react_featureflags/React-featureflags.modulemap' '-fmodule-map-file=/Users/tungstonlabs/Desktop/HealthApp-Mobile/ios/Pods/Headers/Public/react_nativemodule_defaults/React-defaultsnativemodule.modulemap' '-fmodule-map-file=/Users/tungstonlabs/Desktop/HealthApp-Mobile/ios/Pods/Headers/Public/react_nativemodule_dom/React-domnativemodule.modulemap' '-fmodule-map-file=/Users/tungstonlabs/Desktop/HealthApp-Mobile/ios/Pods/Headers/Public/react_nativemodule_featureflags/React-featureflagsnativemodule.modulemap' '-fmodule-map-file=/Users/tungstonlabs/Desktop/HealthApp-Mobile/ios/Pods/Headers/Public/react_nativemodule_idlecallbacks/React-idlecallbacksnativemodule.modulemap' '-fmodule-map-file=/Users/tungstonlabs/Desktop/HealthApp-Mobile/ios/Pods/Headers/Public/react_nativemodule_microtasks/React-microtasksnativemodule.modulemap' '-fmodule-map-file=/Users/tungstonlabs/Desktop/HealthApp-Mobile/ios/Pods/Headers/Public/react_nativemodule_webperformance/React-webperformancenativemodule.modulemap' '-fmodule-map-file=/Users/tungstonlabs/Desktop/HealthApp-Mobile/ios/Pods/Headers/Public/react_renderer_css/React-renderercss.modulemap' '-fmodule-map-file=/Users/tungstonlabs/Desktop/HealthApp-Mobile/ios/Pods/Headers/Public/react_renderer_debug/React-rendererdebug.modulemap' '-fmodule-map-file=/Users/tungstonlabs/Desktop/HealthApp-Mobile/ios/Pods/Headers/Public/react_renderer_graphics/React-graphics.modulemap' '-fmodule-map-file=/Users/tungstonlabs/Desktop/HealthApp-Mobile/ios/Pods/Headers/Public/react_renderer_imagemanager/React-ImageManager.modulemap' '-fmodule-map-file=/Users/tungstonlabs/Desktop/HealthApp-Mobile/ios/Pods/Headers/Public/react_runtime/React-jsitooling.modulemap' '-fmodule-map-file=/Users/tungstonlabs/Desktop/HealthApp-Mobile/ios/Pods/Headers/Public/react_utils/React-utils.modulemap' '-fmodule-map-file=/Users/tungstonlabs/Desktop/HealthApp-Mobile/ios/Pods/Headers/Public/reacthermes/React-hermes.modulemap' '-fmodule-map-file=/Users/tungstonlabs/Desktop/HealthApp-Mobile/ios/Pods/Headers/Public/yoga/Yoga.modulemap' '-DRCT_NEW_ARCH_ENABLED=1'

WriteAuxiliaryFile /Users/tungstonlabs/Library/Developer/Xcode/DerivedData/HealthApp-fjgvhltvryzvlufiayyipuiynnzt/Build/Intermediates.noindex/Pods.build/Debug-iphoneos/RNScreens.build/Objects-normal/arm64/RNScreens.LinkFileList (in target 'RNScreens' from project 'Pods')
    cd /Users/tungstonlabs/Desktop/HealthApp-Mobile/ios/Pods
    write-file /Users/tungstonlabs/Library/Developer/Xcode/DerivedData/HealthApp-fjgvhltvryzvlufiayyipuiynnzt/Build/Intermediates.noindex/Pods.build/Debug-iphoneos/RNScreens.build/Objects-normal/arm64/RNScreens.LinkFileList

WriteAuxiliaryFile /Users/tungstonlabs/Library/Developer/Xcode/DerivedData/HealthApp-fjgvhltvryzvlufiayyipuiynnzt/Build/Intermediates.noindex/Pods.build/Debug-iphoneos/RNScreens.build/Objects-normal/arm64/e6072d4f65d7061329687fe24e3d63a7-common-args.resp (in target 'RNScreens' from project 'Pods')
    cd /Users/tungstonlabs/Desktop/HealthApp-Mobile/ios/Pods
    write-file /Users/tungstonlabs/Library/Developer/Xcode/DerivedData/HealthApp-fjgvhltvryzvlufiayyipuiynnzt/Build/Intermediates.noindex/Pods.build/Debug-iphoneos/RNScreens.build/Objects-normal/arm64/e6072d4f65d7061329687fe24e3d63a7-common-args.resp
'-std=gnu11' -fobjc-arc -fmodules '-fmodules-cache-path=/Users/tungstonlabs/Library/Developer/Xcode/DerivedData/ModuleCache.noindex' -fpascal-strings -O0 -fno-common '-DPOD_CONFIGURATION_DEBUG=1' '-DDEBUG=1' '-DCOCOAPODS=1' '-DOBJC_OLD_DISPATCH_PROTOTYPES=0' -g -iquote /Users/tungstonlabs/Library/Developer/Xcode/DerivedData/HealthApp-fjgvhltvryzvlufiayyipuiynnzt/Build/Intermediates.noindex/Pods.build/Debug-iphoneos/RNScreens.build/RNScreens-generated-files.hmap -I/Users/tungstonlabs/Library/Developer/Xcode/DerivedData/HealthApp-fjgvhltvryzvlufiayyipuiynnzt/Build/Intermediates.noindex/Pods.build/Debug-iphoneos/RNScreens.build/RNScreens-own-target-headers.hmap -I/Users/tungstonlabs/Library/Developer/Xcode/DerivedData/HealthApp-fjgvhltvryzvlufiayyipuiynnzt/Build/Intermediates.noindex/Pods.build/Debug-iphoneos/RNScreens.build/RNScreens-all-non-framework-target-headers.hmap -ivfsoverlay /Users/tungstonlabs/Library/Developer/Xcode/DerivedData/HealthApp-fjgvhltvryzvlufiayyipuiynnzt/Build/Intermediates.noindex/Pods.build/Debug-iphoneos/Pods-8699adb1dd336b26511df848a716bd42-VFS-iphoneos/all-product-headers.yaml -iquote /Users/tungstonlabs/Library/Developer/Xcode/DerivedData/HealthApp-fjgvhltvryzvlufiayyipuiynnzt/Build/Intermediates.noindex/Pods.build/Debug-iphoneos/RNScreens.build/RNScreens-project-headers.hmap -I/Users/tungstonlabs/Library/Developer/Xcode/DerivedData/HealthApp-fjgvhltvryzvlufiayyipuiynnzt/Build/Products/Debug-iphoneos/RNScreens/include -I/Users/tungstonlabs/Desktop/HealthApp-Mobile/ios/Pods/Headers/Private -I/Users/tungstonlabs/Desktop/HealthApp-Mobile/ios/Pods/Headers/Private/RNScreens -I/Users/tungstonlabs/Desktop/HealthApp-Mobile/ios/Pods/Headers/Public -I/Users/tungstonlabs/Desktop/HealthApp-Mobile/ios/Pods/Headers/Public/DoubleConversion -I/Users/tungstonlabs/Desktop/HealthApp-Mobile/ios/Pods/Headers/Public/FBLazyVector -I/Users/tungstonlabs/Desktop/HealthApp-Mobile/ios/Pods/Headers/Public/RCT-Folly -I/Users/tungstonlabs/Desktop/HealthApp-Mobile/ios/Pods/Headers/Public/RCTDeprecation -I/Users/tungstonlabs/Desktop/HealthApp-Mobile/ios/Pods/Headers/Public/RCTRequired -I/Users/tungstonlabs/Desktop/HealthApp-Mobile/ios/Pods/Headers/Public/RCTTypeSafety -I/Users/tungstonlabs/Desktop/HealthApp-Mobile/ios/Pods/Headers/Public/RNScreens -I/Users/tungstonlabs/Desktop/HealthApp-Mobile/ios/Pods/Headers/Public/React-Core -I/Users/tungstonlabs/Desktop/HealthApp-Mobile/ios/Pods/Headers/Public/React-Fabric -I/Users/tungstonlabs/Desktop/HealthApp-Mobile/ios/Pods/Headers/Public/React-FabricComponents -I/Users/tungstonlabs/Desktop/HealthApp-Mobile/ios/Pods/Headers/Public/React-FabricImage -I/Users/tungstonlabs/Desktop/HealthApp-Mobile/ios/Pods/Headers/Public/React-ImageManager -I/Users/tungstonlabs/Desktop/HealthApp-Mobile/ios/Pods/Headers/Public/React-Mapbuffer -I/Users/tungstonlabs/Desktop/HealthApp-Mobile/ios/Pods/Headers/Public/React-NativeModulesApple -I/Users/tungstonlabs/Desktop/HealthApp-Mobile/ios/Pods/Headers/Public/React-RCTAnimation -I/Users/tungstonlabs/Desktop/HealthApp-Mobile/ios/Pods/Headers/Public/React-RCTAppDelegate -I/Users/tungstonlabs/Desktop/HealthApp-Mobile/ios/Pods/Headers/Public/React-RCTBlob -I/Users/tungstonlabs/Desktop/HealthApp-Mobile/ios/Pods/Headers/Public/React-RCTFBReactNativeSpec -I/Users/tungstonlabs/Desktop/HealthApp-Mobile/ios/Pods/Headers/Public/React-RCTFabric -I/Users/tungstonlabs/Desktop/HealthApp-Mobile/ios/Pods/Headers/Public/React-RCTRuntime -I/Users/tungstonlabs/Desktop/HealthApp-Mobile/ios/Pods/Headers/Public/React-RCTText -I/Users/tungstonlabs/Desktop/HealthApp-Mobile/ios/Pods/Headers/Public/React-RuntimeApple -I/Users/tungstonlabs/Desktop/HealthApp-Mobile/ios/Pods/Headers/Public/React-RuntimeCore -I/Users/tungstonlabs/Desktop/HealthApp-Mobile/ios/Pods/Headers/Public/React-RuntimeHermes -I/Users/tungstonlabs/Desktop/HealthApp-Mobile/ios/Pods/Headers/Public/React-callinvoker -I/Users/tungstonlabs/Desktop/HealthApp-Mobile/ios/Pods/Headers/Public/React-cxxreact -I/Users/tungstonlabs/Desktop/HealthApp-Mobile/ios/Pods/Headers/Public/React-debug -I/Users/tungstonlabs/Desktop/HealthApp-Mobile/ios/Pods/Headers/Public/React-defaultsnativemodule -I/Users/tungstonlabs/Desktop/HealthApp-Mobile/ios/Pods/Headers/Public/React-domnativemodule -I/Users/tungstonlabs/Desktop/HealthApp-Mobile/ios/Pods/Headers/Public/React-featureflags -I/Users/tungstonlabs/Desktop/HealthApp-Mobile/ios/Pods/Headers/Public/React-featureflagsnativemodule -I/Users/tungstonlabs/Desktop/HealthApp-Mobile/ios/Pods/Headers/Public/React-graphics -I/Users/tungstonlabs/Desktop/HealthApp-Mobile/ios/Pods/Headers/Public/React-hermes -I/Users/tungstonlabs/Desktop/HealthApp-Mobile/ios/Pods/Headers/Public/React-idlecallbacksnativemodule -I/Users/tungstonlabs/Desktop/HealthApp-Mobile/ios/Pods/Headers/Public/React-jserrorhandler -I/Users/tungstonlabs/Desktop/HealthApp-Mobile/ios/Pods/Headers/Public/React-jsi -I/Users/tungstonlabs/Desktop/HealthApp-Mobile/ios/Pods/Headers/Public/React-jsiexecutor -I/Users/tungstonlabs/Desktop/HealthApp-Mobile/ios/Pods/Headers/Public/React-jsinspector -I/Users/tungstonlabs/Desktop/HealthApp-Mobile/ios/Pods/Headers/Public/React-jsinspectorcdp -I/Users/tungstonlabs/Desktop/HealthApp-Mobile/ios/Pods/Headers/Public/React-jsinspectornetwork -I/Users/tungstonlabs/Desktop/HealthApp-Mobile/ios/Pods/Headers/Public/React-jsinspectortracing -I/Users/tungstonlabs/Desktop/HealthApp-Mobile/ios/Pods/Headers/Public/React-jsitooling -I/Users/tungstonlabs/Desktop/HealthApp-Mobile/ios/Pods/Headers/Public/React-logger -I/Users/tungstonlabs/Desktop/HealthApp-Mobile/ios/Pods/Headers/Public/React-microtasksnativemodule -I/Users/tungstonlabs/Desktop/HealthApp-Mobile/ios/Pods/Headers/Public/React-oscompat -I/Users/tungstonlabs/Desktop/HealthApp-Mobile/ios/Pods/Headers/Public/React-perflogger -I/Users/tungstonlabs/Desktop/HealthApp-Mobile/ios/Pods/Headers/Public/React-performancecdpmetrics -I/Users/tungstonlabs/Desktop/HealthApp-Mobile/ios/Pods/Headers/Public/React-performancetimeline -I/Users/tungstonlabs/Desktop/HealthApp-Mobile/ios/Pods/Headers/Public/React-rendererconsistency -I/Users/tungstonlabs/Desktop/HealthApp-Mobile/ios/Pods/Headers/Public/React-renderercss -I/Users/tungstonlabs/Desktop/HealthApp-Mobile/ios/Pods/Headers/Public/React-rendererdebug -I/Users/tungstonlabs/Desktop/HealthApp-Mobile/ios/Pods/Headers/Public/React-runtimeexecutor -I/Users/tungstonlabs/Desktop/HealthApp-Mobile/ios/Pods/Headers/Public/React-runtimescheduler -I/Users/tungstonlabs/Desktop/HealthApp-Mobile/ios/Pods/Headers/Public/React-timing -I/Users/tungstonlabs/Desktop/HealthApp-Mobile/ios/Pods/Headers/Public/React-utils -I/Users/tungstonlabs/Desktop/HealthApp-Mobile/ios/Pods/Headers/Public/React-webperformancenativemodule -I/Users/tungstonlabs/Desktop/HealthApp-Mobile/ios/Pods/Headers/Public/ReactCodegen -I/Users/tungstonlabs/Desktop/HealthApp-Mobile/ios/Pods/Headers/Public/ReactCommon -I/Users/tungstonlabs/Desktop/HealthApp-Mobile/ios/Pods/Headers/Public/SocketRocket -I/Users/tungstonlabs/Desktop/HealthApp-Mobile/ios/Pods/Headers/Public/Yoga -I/Users/tungstonlabs/Desktop/HealthApp-Mobile/ios/Pods/Headers/Public/boost -I/Users/tungstonlabs/Desktop/HealthApp-Mobile/ios/Pods/Headers/Public/fast_float -I/Users/tungstonlabs/Desktop/HealthApp-Mobile/ios/Pods/Headers/Public/fmt -I/Users/tungstonlabs/Desktop/HealthApp-Mobile/ios/Pods/Headers/Public/glog -I/Users/tungstonlabs/Desktop/HealthApp-Mobile/ios/Pods/Headers/Public/hermes-engine -I/Users/tungstonlabs/Desktop/HealthApp-Mobile/ios/Pods/Headers/Private/Yoga -I/Users/tungstonlabs/Desktop/HealthApp-Mobile/ios/Pods/glog -I/Users/tungstonlabs/Desktop/HealthApp-Mobile/ios/Pods/boost -I/Users/tungstonlabs/Desktop/HealthApp-Mobile/ios/Pods/DoubleConversion -I/Users/tungstonlabs/Desktop/HealthApp-Mobile/ios/Pods/fast_float/include -I/Users/tungstonlabs/Desktop/HealthApp-Mobile/ios/Pods/fmt/include -I/Users/tungstonlabs/Desktop/HealthApp-Mobile/ios/Pods/SocketRocket -I/Users/tungstonlabs/Desktop/HealthApp-Mobile/ios/Pods/RCT-Folly -I/Users/tungstonlabs/Desktop/HealthApp-Mobile/ios/Pods/Headers/Private/Yoga -I/Users/tungstonlabs/Desktop/HealthApp-Mobile/ios/Pods/glog -I/Users/tungstonlabs/Desktop/HealthApp-Mobile/ios/Pods/boost -I/Users/tungstonlabs/Desktop/HealthApp-Mobile/ios/Pods/DoubleConversion -I/Users/tungstonlabs/Desktop/HealthApp-Mobile/ios/Pods/fast_float/include -I/Users/tungstonlabs/Desktop/HealthApp-Mobile/ios/Pods/fmt/include -I/Users/tungstonlabs/Desktop/HealthApp-Mobile/ios/Pods/SocketRocket -I/Users/tungstonlabs/Desktop/HealthApp-Mobile/ios/Pods/RCT-Folly -I/Users/tungstonlabs/Desktop/HealthApp-Mobile/node_modules/react-native-screens/common/cpp -I/Users/tungstonlabs/Library/Developer/Xcode/DerivedData/HealthApp-fjgvhltvryzvlufiayyipuiynnzt/Build/Intermediates.noindex/Pods.build/Debug-iphoneos/RNScreens.build/DerivedSources-normal/arm64 -I/Users/tungstonlabs/Library/Developer/Xcode/DerivedData/HealthApp-fjgvhltvryzvlufiayyipuiynnzt/Build/Intermediates.noindex/Pods.build/Debug-iphoneos/RNScreens.build/DerivedSources/arm64 -I/Users/tungstonlabs/Library/Developer/Xcode/DerivedData/HealthApp-fjgvhltvryzvlufiayyipuiynnzt/Build/Intermediates.noindex/Pods.build/Debug-iphoneos/RNScreens.build/DerivedSources -F/Users/tungstonlabs/Library/Developer/Xcode/DerivedData/HealthApp-fjgvhltvryzvlufiayyipuiynnzt/Build/Products/Debug-iphoneos/RNScreens -F/Users/tungstonlabs/Desktop/HealthApp-Mobile/ios/Pods/hermes-engine/destroot/Library/Frameworks/universal -F/Users/tungstonlabs/Library/Developer/Xcode/DerivedData/HealthApp-fjgvhltvryzvlufiayyipuiynnzt/Build/Products/Debug-iphoneos/XCFrameworkIntermediates/hermes-engine/Pre-built '-fmodule-map-file=/Users/tungstonlabs/Desktop/HealthApp-Mobile/ios/Pods/Headers/Public/DoubleConversion/DoubleConversion.modulemap' '-fmodule-map-file=/Users/tungstonlabs/Desktop/HealthApp-Mobile/ios/Pods/Headers/Public/RCTDeprecation/RCTDeprecation.modulemap' '-fmodule-map-file=/Users/tungstonlabs/Desktop/HealthApp-Mobile/ios/Pods/Headers/Public/RCTFabric/React-RCTFabric.modulemap' '-fmodule-map-file=/Users/tungstonlabs/Desktop/HealthApp-Mobile/ios/Pods/Headers/Public/RCTImage/React-RCTImage.modulemap' '-fmodule-map-file=/Users/tungstonlabs/Desktop/HealthApp-Mobile/ios/Pods/Headers/Public/RCTRuntime/React-RCTRuntime.modulemap' '-fmodule-map-file=/Users/tungstonlabs/Desktop/HealthApp-Mobile/ios/Pods/Headers/Public/RCTTypeSafety/RCTTypeSafety.modulemap' '-fmodule-map-file=/Users/tungstonlabs/Desktop/HealthApp-Mobile/ios/Pods/Headers/Public/React/React-Core.modulemap' '-fmodule-map-file=/Users/tungstonlabs/Desktop/HealthApp-Mobile/ios/Pods/Headers/Public/ReactCodegen/ReactCodegen.modulemap' '-fmodule-map-file=/Users/tungstonlabs/Desktop/HealthApp-Mobile/ios/Pods/Headers/Public/ReactCommon/ReactCommon.modulemap' '-fmodule-map-file=/Users/tungstonlabs/Desktop/HealthApp-Mobile/ios/Pods/Headers/Public/React_Fabric/React-Fabric.modulemap' '-fmodule-map-file=/Users/tungstonlabs/Desktop/HealthApp-Mobile/ios/Pods/Headers/Public/React_FabricComponents/React-FabricComponents.modulemap' '-fmodule-map-file=/Users/tungstonlabs/Desktop/HealthApp-Mobile/ios/Pods/Headers/Public/React_NativeModulesApple/React-NativeModulesApple.modulemap' '-fmodule-map-file=/Users/tungstonlabs/Desktop/HealthApp-Mobile/ios/Pods/Headers/Public/React_RCTAppDelegate/React-RCTAppDelegate.modulemap' '-fmodule-map-file=/Users/tungstonlabs/Desktop/HealthApp-Mobile/ios/Pods/Headers/Public/React_runtimeexecutor/React-runtimeexecutor.modulemap' '-fmodule-map-file=/Users/tungstonlabs/Desktop/HealthApp-Mobile/ios/Pods/Headers/Public/SocketRocket/SocketRocket.modulemap' '-fmodule-map-file=/Users/tungstonlabs/Desktop/HealthApp-Mobile/ios/Pods/Headers/Public/fmt/fmt.modulemap' '-fmodule-map-file=/Users/tungstonlabs/Desktop/HealthApp-Mobile/ios/Pods/Headers/Public/folly/RCT-Folly.modulemap' '-fmodule-map-file=/Users/tungstonlabs/Desktop/HealthApp-Mobile/ios/Pods/Headers/Public/glog/glog.modulemap' '-fmodule-map-file=/Users/tungstonlabs/Desktop/HealthApp-Mobile/ios/Pods/Headers/Public/jsi/React-jsi.modulemap' '-fmodule-map-file=/Users/tungstonlabs/Desktop/HealthApp-Mobile/ios/Pods/Headers/Public/jsinspector_modern/React-jsinspector.modulemap' '-fmodule-map-file=/Users/tungstonlabs/Desktop/HealthApp-Mobile/ios/Pods/Headers/Public/jsinspector_modern_cdp/React-jsinspectorcdp.modulemap' '-fmodule-map-file=/Users/tungstonlabs/Desktop/HealthApp-Mobile/ios/Pods/Headers/Public/jsinspector_modern_network/React-jsinspectornetwork.modulemap' '-fmodule-map-file=/Users/tungstonlabs/Desktop/HealthApp-Mobile/ios/Pods/Headers/Public/jsinspector_modern_tracing/React-jsinspectortracing.modulemap' '-fmodule-map-file=/Users/tungstonlabs/Desktop/HealthApp-Mobile/ios/Pods/Headers/Public/react_debug/React-debug.modulemap' '-fmodule-map-file=/Users/tungstonlabs/Desktop/HealthApp-Mobile/ios/Pods/Headers/Public/react_featureflags/React-featureflags.modulemap' '-fmodule-map-file=/Users/tungstonlabs/Desktop/HealthApp-Mobile/ios/Pods/Headers/Public/react_nativemodule_defaults/React-defaultsnativemodule.modulemap' '-fmodule-map-file=/Users/tungstonlabs/Desktop/HealthApp-Mobile/ios/Pods/Headers/Public/react_nativemodule_dom/React-domnativemodule.modulemap' '-fmodule-map-file=/Users/tungstonlabs/Desktop/HealthApp-Mobile/ios/Pods/Headers/Public/react_nativemodule_featureflags/React-featureflagsnativemodule.modulemap' '-fmodule-map-file=/Users/tungstonlabs/Desktop/HealthApp-Mobile/ios/Pods/Headers/Public/react_nativemodule_idlecallbacks/React-idlecallbacksnativemodule.modulemap' '-fmodule-map-file=/Users/tungstonlabs/Desktop/HealthApp-Mobile/ios/Pods/Headers/Public/react_nativemodule_microtasks/React-microtasksnativemodule.modulemap' '-fmodule-map-file=/Users/tungstonlabs/Desktop/HealthApp-Mobile/ios/Pods/Headers/Public/react_nativemodule_webperformance/React-webperformancenativemodule.modulemap' '-fmodule-map-file=/Users/tungstonlabs/Desktop/HealthApp-Mobile/ios/Pods/Headers/Public/react_renderer_css/React-renderercss.modulemap' '-fmodule-map-file=/Users/tungstonlabs/Desktop/HealthApp-Mobile/ios/Pods/Headers/Public/react_renderer_debug/React-rendererdebug.modulemap' '-fmodule-map-file=/Users/tungstonlabs/Desktop/HealthApp-Mobile/ios/Pods/Headers/Public/react_renderer_graphics/React-graphics.modulemap' '-fmodule-map-file=/Users/tungstonlabs/Desktop/HealthApp-Mobile/ios/Pods/Headers/Public/react_renderer_imagemanager/React-ImageManager.modulemap' '-fmodule-map-file=/Users/tungstonlabs/Desktop/HealthApp-Mobile/ios/Pods/Headers/Public/react_runtime/React-jsitooling.modulemap' '-fmodule-map-file=/Users/tungstonlabs/Desktop/HealthApp-Mobile/ios/Pods/Headers/Public/react_utils/React-utils.modulemap' '-fmodule-map-file=/Users/tungstonlabs/Desktop/HealthApp-Mobile/ios/Pods/Headers/Public/reacthermes/React-hermes.modulemap' '-fmodule-map-file=/Users/tungstonlabs/Desktop/HealthApp-Mobile/ios/Pods/Headers/Public/yoga/Yoga.modulemap'

WriteAuxiliaryFile /Users/tungstonlabs/Library/Developer/Xcode/DerivedData/HealthApp-fjgvhltvryzvlufiayyipuiynnzt/Build/Intermediates.noindex/Pods.build/Debug-iphoneos/RNScreens.build/Objects-normal/arm64/82b82416624d2658e5098eb0a28c15c5-common-args.resp (in target 'RNScreens' from project 'Pods')
    cd /Users/tungstonlabs/Desktop/HealthApp-Mobile/ios/Pods
    write-file /Users/tungstonlabs/Library/Developer/Xcode/DerivedData/HealthApp-fjgvhltvryzvlufiayyipuiynnzt/Build/Intermediates.noindex/Pods.build/Debug-iphoneos/RNScreens.build/Objects-normal/arm64/82b82416624d2658e5098eb0a28c15c5-common-args.resp
'-std=c++20' '-stdlib=libc++' -fmodules -fno-cxx-modules '-fmodules-cache-path=/Users/tungstonlabs/Library/Developer/Xcode/DerivedData/ModuleCache.noindex' '-D_LIBCPP_HARDENING_MODE=_LIBCPP_HARDENING_MODE_DEBUG' -fpascal-strings -O0 -fno-common '-DPOD_CONFIGURATION_DEBUG=1' '-DDEBUG=1' '-DCOCOAPODS=1' -g -iquote /Users/tungstonlabs/Library/Developer/Xcode/DerivedData/HealthApp-fjgvhltvryzvlufiayyipuiynnzt/Build/Intermediates.noindex/Pods.build/Debug-iphoneos/RNScreens.build/RNScreens-generated-files.hmap -I/Users/tungstonlabs/Library/Developer/Xcode/DerivedData/HealthApp-fjgvhltvryzvlufiayyipuiynnzt/Build/Intermediates.noindex/Pods.build/Debug-iphoneos/RNScreens.build/RNScreens-own-target-headers.hmap -I/Users/tungstonlabs/Library/Developer/Xcode/DerivedData/HealthApp-fjgvhltvryzvlufiayyipuiynnzt/Build/Intermediates.noindex/Pods.build/Debug-iphoneos/RNScreens.build/RNScreens-all-non-framework-target-headers.hmap -ivfsoverlay /Users/tungstonlabs/Library/Developer/Xcode/DerivedData/HealthApp-fjgvhltvryzvlufiayyipuiynnzt/Build/Intermediates.noindex/Pods.build/Debug-iphoneos/Pods-8699adb1dd336b26511df848a716bd42-VFS-iphoneos/all-product-headers.yaml -iquote /Users/tungstonlabs/Library/Developer/Xcode/DerivedData/HealthApp-fjgvhltvryzvlufiayyipuiynnzt/Build/Intermediates.noindex/Pods.build/Debug-iphoneos/RNScreens.build/RNScreens-project-headers.hmap -I/Users/tungstonlabs/Library/Developer/Xcode/DerivedData/HealthApp-fjgvhltvryzvlufiayyipuiynnzt/Build/Products/Debug-iphoneos/RNScreens/include -I/Users/tungstonlabs/Desktop/HealthApp-Mobile/ios/Pods/Headers/Private -I/Users/tungstonlabs/Desktop/HealthApp-Mobile/ios/Pods/Headers/Private/RNScreens -I/Users/tungstonlabs/Desktop/HealthApp-Mobile/ios/Pods/Headers/Public -I/Users/tungstonlabs/Desktop/HealthApp-Mobile/ios/Pods/Headers/Public/DoubleConversion -I/Users/tungstonlabs/Desktop/HealthApp-Mobile/ios/Pods/Headers/Public/FBLazyVector -I/Users/tungstonlabs/Desktop/HealthApp-Mobile/ios/Pods/Headers/Public/RCT-Folly -I/Users/tungstonlabs/Desktop/HealthApp-Mobile/ios/Pods/Headers/Public/RCTDeprecation -I/Users/tungstonlabs/Desktop/HealthApp-Mobile/ios/Pods/Headers/Public/RCTRequired -I/Users/tungstonlabs/Desktop/HealthApp-Mobile/ios/Pods/Headers/Public/RCTTypeSafety -I/Users/tungstonlabs/Desktop/HealthApp-Mobile/ios/Pods/Headers/Public/RNScreens -I/Users/tungstonlabs/Desktop/HealthApp-Mobile/ios/Pods/Headers/Public/React-Core -I/Users/tungstonlabs/Desktop/HealthApp-Mobile/ios/Pods/Headers/Public/React-Fabric -I/Users/tungstonlabs/Desktop/HealthApp-Mobile/ios/Pods/Headers/Public/React-FabricComponents -I/Users/tungstonlabs/Desktop/HealthApp-Mobile/ios/Pods/Headers/Public/React-FabricImage -I/Users/tungstonlabs/Desktop/HealthApp-Mobile/ios/Pods/Headers/Public/React-ImageManager -I/Users/tungstonlabs/Desktop/HealthApp-Mobile/ios/Pods/Headers/Public/React-Mapbuffer -I/Users/tungstonlabs/Desktop/HealthApp-Mobile/ios/Pods/Headers/Public/React-NativeModulesApple -I/Users/tungstonlabs/Desktop/HealthApp-Mobile/ios/Pods/Headers/Public/React-RCTAnimation -I/Users/tungstonlabs/Desktop/HealthApp-Mobile/ios/Pods/Headers/Public/React-RCTAppDelegate -I/Users/tungstonlabs/Desktop/HealthApp-Mobile/ios/Pods/Headers/Public/React-RCTBlob -I/Users/tungstonlabs/Desktop/HealthApp-Mobile/ios/Pods/Headers/Public/React-RCTFBReactNativeSpec -I/Users/tungstonlabs/Desktop/HealthApp-Mobile/ios/Pods/Headers/Public/React-RCTFabric -I/Users/tungstonlabs/Desktop/HealthApp-Mobile/ios/Pods/Headers/Public/React-RCTRuntime -I/Users/tungstonlabs/Desktop/HealthApp-Mobile/ios/Pods/Headers/Public/React-RCTText -I/Users/tungstonlabs/Desktop/HealthApp-Mobile/ios/Pods/Headers/Public/React-RuntimeApple -I/Users/tungstonlabs/Desktop/HealthApp-Mobile/ios/Pods/Headers/Public/React-RuntimeCore -I/Users/tungstonlabs/Desktop/HealthApp-Mobile/ios/Pods/Headers/Public/React-RuntimeHermes -I/Users/tungstonlabs/Desktop/HealthApp-Mobile/ios/Pods/Headers/Public/React-callinvoker -I/Users/tungstonlabs/Desktop/HealthApp-Mobile/ios/Pods/Headers/Public/React-cxxreact -I/Users/tungstonlabs/Desktop/HealthApp-Mobile/ios/Pods/Headers/Public/React-debug -I/Users/tungstonlabs/Desktop/HealthApp-Mobile/ios/Pods/Headers/Public/React-defaultsnativemodule -I/Users/tungstonlabs/Desktop/HealthApp-Mobile/ios/Pods/Headers/Public/React-domnativemodule -I/Users/tungstonlabs/Desktop/HealthApp-Mobile/ios/Pods/Headers/Public/React-featureflags -I/Users/tungstonlabs/Desktop/HealthApp-Mobile/ios/Pods/Headers/Public/React-featureflagsnativemodule -I/Users/tungstonlabs/Desktop/HealthApp-Mobile/ios/Pods/Headers/Public/React-graphics -I/Users/tungstonlabs/Desktop/HealthApp-Mobile/ios/Pods/Headers/Public/React-hermes -I/Users/tungstonlabs/Desktop/HealthApp-Mobile/ios/Pods/Headers/Public/React-idlecallbacksnativemodule -I/Users/tungstonlabs/Desktop/HealthApp-Mobile/ios/Pods/Headers/Public/React-jserrorhandler -I/Users/tungstonlabs/Desktop/HealthApp-Mobile/ios/Pods/Headers/Public/React-jsi -I/Users/tungstonlabs/Desktop/HealthApp-Mobile/ios/Pods/Headers/Public/React-jsiexecutor -I/Users/tungstonlabs/Desktop/HealthApp-Mobile/ios/Pods/Headers/Public/React-jsinspector -I/Users/tungstonlabs/Desktop/HealthApp-Mobile/ios/Pods/Headers/Public/React-jsinspectorcdp -I/Users/tungstonlabs/Desktop/HealthApp-Mobile/ios/Pods/Headers/Public/React-jsinspectornetwork -I/Users/tungstonlabs/Desktop/HealthApp-Mobile/ios/Pods/Headers/Public/React-jsinspectortracing -I/Users/tungstonlabs/Desktop/HealthApp-Mobile/ios/Pods/Headers/Public/React-jsitooling -I/Users/tungstonlabs/Desktop/HealthApp-Mobile/ios/Pods/Headers/Public/React-logger -I/Users/tungstonlabs/Desktop/HealthApp-Mobile/ios/Pods/Headers/Public/React-microtasksnativemodule -I/Users/tungstonlabs/Desktop/HealthApp-Mobile/ios/Pods/Headers/Public/React-oscompat -I/Users/tungstonlabs/Desktop/HealthApp-Mobile/ios/Pods/Headers/Public/React-perflogger -I/Users/tungstonlabs/Desktop/HealthApp-Mobile/ios/Pods/Headers/Public/React-performancecdpmetrics -I/Users/tungstonlabs/Desktop/HealthApp-Mobile/ios/Pods/Headers/Public/React-performancetimeline -I/Users/tungstonlabs/Desktop/HealthApp-Mobile/ios/Pods/Headers/Public/React-rendererconsistency -I/Users/tungstonlabs/Desktop/HealthApp-Mobile/ios/Pods/Headers/Public/React-renderercss -I/Users/tungstonlabs/Desktop/HealthApp-Mobile/ios/Pods/Headers/Public/React-rendererdebug -I/Users/tungstonlabs/Desktop/HealthApp-Mobile/ios/Pods/Headers/Public/React-runtimeexecutor -I/Users/tungstonlabs/Desktop/HealthApp-Mobile/ios/Pods/Headers/Public/React-runtimescheduler -I/Users/tungstonlabs/Desktop/HealthApp-Mobile/ios/Pods/Headers/Public/React-timing -I/Users/tungstonlabs/Desktop/HealthApp-Mobile/ios/Pods/Headers/Public/React-utils -I/Users/tungstonlabs/Desktop/HealthApp-Mobile/ios/Pods/Headers/Public/React-webperformancenativemodule -I/Users/tungstonlabs/Desktop/HealthApp-Mobile/ios/Pods/Headers/Public/ReactCodegen -I/Users/tungstonlabs/Desktop/HealthApp-Mobile/ios/Pods/Headers/Public/ReactCommon -I/Users/tungstonlabs/Desktop/HealthApp-Mobile/ios/Pods/Headers/Public/SocketRocket -I/Users/tungstonlabs/Desktop/HealthApp-Mobile/ios/Pods/Headers/Public/Yoga -I/Users/tungstonlabs/Desktop/HealthApp-Mobile/ios/Pods/Headers/Public/boost -I/Users/tungstonlabs/Desktop/HealthApp-Mobile/ios/Pods/Headers/Public/fast_float -I/Users/tungstonlabs/Desktop/HealthApp-Mobile/ios/Pods/Headers/Public/fmt -I/Users/tungstonlabs/Desktop/HealthApp-Mobile/ios/Pods/Headers/Public/glog -I/Users/tungstonlabs/Desktop/HealthApp-Mobile/ios/Pods/Headers/Public/hermes-engine -I/Users/tungstonlabs/Desktop/HealthApp-Mobile/ios/Pods/Headers/Private/Yoga -I/Users/tungstonlabs/Desktop/HealthApp-Mobile/ios/Pods/glog -I/Users/tungstonlabs/Desktop/HealthApp-Mobile/ios/Pods/boost -I/Users/tungstonlabs/Desktop/HealthApp-Mobile/ios/Pods/DoubleConversion -I/Users/tungstonlabs/Desktop/HealthApp-Mobile/ios/Pods/fast_float/include -I/Users/tungstonlabs/Desktop/HealthApp-Mobile/ios/Pods/fmt/include -I/Users/tungstonlabs/Desktop/HealthApp-Mobile/ios/Pods/SocketRocket -I/Users/tungstonlabs/Desktop/HealthApp-Mobile/ios/Pods/RCT-Folly -I/Users/tungstonlabs/Desktop/HealthApp-Mobile/ios/Pods/Headers/Private/Yoga -I/Users/tungstonlabs/Desktop/HealthApp-Mobile/ios/Pods/glog -I/Users/tungstonlabs/Desktop/HealthApp-Mobile/ios/Pods/boost -I/Users/tungstonlabs/Desktop/HealthApp-Mobile/ios/Pods/DoubleConversion -I/Users/tungstonlabs/Desktop/HealthApp-Mobile/ios/Pods/fast_float/include -I/Users/tungstonlabs/Desktop/HealthApp-Mobile/ios/Pods/fmt/include -I/Users/tungstonlabs/Desktop/HealthApp-Mobile/ios/Pods/SocketRocket -I/Users/tungstonlabs/Desktop/HealthApp-Mobile/ios/Pods/RCT-Folly -I/Users/tungstonlabs/Desktop/HealthApp-Mobile/node_modules/react-native-screens/common/cpp -I/Users/tungstonlabs/Library/Developer/Xcode/DerivedData/HealthApp-fjgvhltvryzvlufiayyipuiynnzt/Build/Intermediates.noindex/Pods.build/Debug-iphoneos/RNScreens.build/DerivedSources-normal/arm64 -I/Users/tungstonlabs/Library/Developer/Xcode/DerivedData/HealthApp-fjgvhltvryzvlufiayyipuiynnzt/Build/Intermediates.noindex/Pods.build/Debug-iphoneos/RNScreens.build/DerivedSources/arm64 -I/Users/tungstonlabs/Library/Developer/Xcode/DerivedData/HealthApp-fjgvhltvryzvlufiayyipuiynnzt/Build/Intermediates.noindex/Pods.build/Debug-iphoneos/RNScreens.build/DerivedSources -F/Users/tungstonlabs/Library/Developer/Xcode/DerivedData/HealthApp-fjgvhltvryzvlufiayyipuiynnzt/Build/Products/Debug-iphoneos/RNScreens -F/Users/tungstonlabs/Desktop/HealthApp-Mobile/ios/Pods/hermes-engine/destroot/Library/Frameworks/universal -F/Users/tungstonlabs/Library/Developer/Xcode/DerivedData/HealthApp-fjgvhltvryzvlufiayyipuiynnzt/Build/Products/Debug-iphoneos/XCFrameworkIntermediates/hermes-engine/Pre-built '-fmodule-map-file=/Users/tungstonlabs/Desktop/HealthApp-Mobile/ios/Pods/Headers/Public/DoubleConversion/DoubleConversion.modulemap' '-fmodule-map-file=/Users/tungstonlabs/Desktop/HealthApp-Mobile/ios/Pods/Headers/Public/RCTDeprecation/RCTDeprecation.modulemap' '-fmodule-map-file=/Users/tungstonlabs/Desktop/HealthApp-Mobile/ios/Pods/Headers/Public/RCTFabric/React-RCTFabric.modulemap' '-fmodule-map-file=/Users/tungstonlabs/Desktop/HealthApp-Mobile/ios/Pods/Headers/Public/RCTImage/React-RCTImage.modulemap' '-fmodule-map-file=/Users/tungstonlabs/Desktop/HealthApp-Mobile/ios/Pods/Headers/Public/RCTRuntime/React-RCTRuntime.modulemap' '-fmodule-map-file=/Users/tungstonlabs/Desktop/HealthApp-Mobile/ios/Pods/Headers/Public/RCTTypeSafety/RCTTypeSafety.modulemap' '-fmodule-map-file=/Users/tungstonlabs/Desktop/HealthApp-Mobile/ios/Pods/Headers/Public/React/React-Core.modulemap' '-fmodule-map-file=/Users/tungstonlabs/Desktop/HealthApp-Mobile/ios/Pods/Headers/Public/ReactCodegen/ReactCodegen.modulemap' '-fmodule-map-file=/Users/tungstonlabs/Desktop/HealthApp-Mobile/ios/Pods/Headers/Public/ReactCommon/ReactCommon.modulemap' '-fmodule-map-file=/Users/tungstonlabs/Desktop/HealthApp-Mobile/ios/Pods/Headers/Public/React_Fabric/React-Fabric.modulemap' '-fmodule-map-file=/Users/tungstonlabs/Desktop/HealthApp-Mobile/ios/Pods/Headers/Public/React_FabricComponents/React-FabricComponents.modulemap' '-fmodule-map-file=/Users/tungstonlabs/Desktop/HealthApp-Mobile/ios/Pods/Headers/Public/React_NativeModulesApple/React-NativeModulesApple.modulemap' '-fmodule-map-file=/Users/tungstonlabs/Desktop/HealthApp-Mobile/ios/Pods/Headers/Public/React_RCTAppDelegate/React-RCTAppDelegate.modulemap' '-fmodule-map-file=/Users/tungstonlabs/Desktop/HealthApp-Mobile/ios/Pods/Headers/Public/React_runtimeexecutor/React-runtimeexecutor.modulemap' '-fmodule-map-file=/Users/tungstonlabs/Desktop/HealthApp-Mobile/ios/Pods/Headers/Public/SocketRocket/SocketRocket.modulemap' '-fmodule-map-file=/Users/tungstonlabs/Desktop/HealthApp-Mobile/ios/Pods/Headers/Public/fmt/fmt.modulemap' '-fmodule-map-file=/Users/tungstonlabs/Desktop/HealthApp-Mobile/ios/Pods/Headers/Public/folly/RCT-Folly.modulemap' '-fmodule-map-file=/Users/tungstonlabs/Desktop/HealthApp-Mobile/ios/Pods/Headers/Public/glog/glog.modulemap' '-fmodule-map-file=/Users/tungstonlabs/Desktop/HealthApp-Mobile/ios/Pods/Headers/Public/jsi/React-jsi.modulemap' '-fmodule-map-file=/Users/tungstonlabs/Desktop/HealthApp-Mobile/ios/Pods/Headers/Public/jsinspector_modern/React-jsinspector.modulemap' '-fmodule-map-file=/Users/tungstonlabs/Desktop/HealthApp-Mobile/ios/Pods/Headers/Public/jsinspector_modern_cdp/React-jsinspectorcdp.modulemap' '-fmodule-map-file=/Users/tungstonlabs/Desktop/HealthApp-Mobile/ios/Pods/Headers/Public/jsinspector_modern_network/React-jsinspectornetwork.modulemap' '-fmodule-map-file=/Users/tungstonlabs/Desktop/HealthApp-Mobile/ios/Pods/Headers/Public/jsinspector_modern_tracing/React-jsinspectortracing.modulemap' '-fmodule-map-file=/Users/tungstonlabs/Desktop/HealthApp-Mobile/ios/Pods/Headers/Public/react_debug/React-debug.modulemap' '-fmodule-map-file=/Users/tungstonlabs/Desktop/HealthApp-Mobile/ios/Pods/Headers/Public/react_featureflags/React-featureflags.modulemap' '-fmodule-map-file=/Users/tungstonlabs/Desktop/HealthApp-Mobile/ios/Pods/Headers/Public/react_nativemodule_defaults/React-defaultsnativemodule.modulemap' '-fmodule-map-file=/Users/tungstonlabs/Desktop/HealthApp-Mobile/ios/Pods/Headers/Public/react_nativemodule_dom/React-domnativemodule.modulemap' '-fmodule-map-file=/Users/tungstonlabs/Desktop/HealthApp-Mobile/ios/Pods/Headers/Public/react_nativemodule_featureflags/React-featureflagsnativemodule.modulemap' '-fmodule-map-file=/Users/tungstonlabs/Desktop/HealthApp-Mobile/ios/Pods/Headers/Public/react_nativemodule_idlecallbacks/React-idlecallbacksnativemodule.modulemap' '-fmodule-map-file=/Users/tungstonlabs/Desktop/HealthApp-Mobile/ios/Pods/Headers/Public/react_nativemodule_microtasks/React-microtasksnativemodule.modulemap' '-fmodule-map-file=/Users/tungstonlabs/Desktop/HealthApp-Mobile/ios/Pods/Headers/Public/react_nativemodule_webperformance/React-webperformancenativemodule.modulemap' '-fmodule-map-file=/Users/tungstonlabs/Desktop/HealthApp-Mobile/ios/Pods/Headers/Public/react_renderer_css/React-renderercss.modulemap' '-fmodule-map-file=/Users/tungstonlabs/Desktop/HealthApp-Mobile/ios/Pods/Headers/Public/react_renderer_debug/React-rendererdebug.modulemap' '-fmodule-map-file=/Users/tungstonlabs/Desktop/HealthApp-Mobile/ios/Pods/Headers/Public/react_renderer_graphics/React-graphics.modulemap' '-fmodule-map-file=/Users/tungstonlabs/Desktop/HealthApp-Mobile/ios/Pods/Headers/Public/react_renderer_imagemanager/React-ImageManager.modulemap' '-fmodule-map-file=/Users/tungstonlabs/Desktop/HealthApp-Mobile/ios/Pods/Headers/Public/react_runtime/React-jsitooling.modulemap' '-fmodule-map-file=/Users/tungstonlabs/Desktop/HealthApp-Mobile/ios/Pods/Headers/Public/react_utils/React-utils.modulemap' '-fmodule-map-file=/Users/tungstonlabs/Desktop/HealthApp-Mobile/ios/Pods/Headers/Public/reacthermes/React-hermes.modulemap' '-fmodule-map-file=/Users/tungstonlabs/Desktop/HealthApp-Mobile/ios/Pods/Headers/Public/yoga/Yoga.modulemap' '-DRCT_NEW_ARCH_ENABLED=1'

WriteAuxiliaryFile /Users/tungstonlabs/Library/Developer/Xcode/DerivedData/HealthApp-fjgvhltvryzvlufiayyipuiynnzt/Build/Intermediates.noindex/Pods.build/Debug-iphoneos/RNSVG.build/RNSVG.DependencyStaticMetadataFileList (in target 'RNSVG' from project 'Pods')
    cd /Users/tungstonlabs/Desktop/HealthApp-Mobile/ios/Pods
    write-file /Users/tungstonlabs/Library/Developer/Xcode/DerivedData/HealthApp-fjgvhltvryzvlufiayyipuiynnzt/Build/Intermediates.noindex/Pods.build/Debug-iphoneos/RNSVG.build/RNSVG.DependencyStaticMetadataFileList

WriteAuxiliaryFile /Users/tungstonlabs/Library/Developer/Xcode/DerivedData/HealthApp-fjgvhltvryzvlufiayyipuiynnzt/Build/Intermediates.noindex/Pods.build/Debug-iphoneos/RNSVG.build/RNSVG.hmap (in target 'RNSVG' from project 'Pods')
    cd /Users/tungstonlabs/Desktop/HealthApp-Mobile/ios/Pods
    write-file /Users/tungstonlabs/Library/Developer/Xcode/DerivedData/HealthApp-fjgvhltvryzvlufiayyipuiynnzt/Build/Intermediates.noindex/Pods.build/Debug-iphoneos/RNSVG.build/RNSVG.hmap

WriteAuxiliaryFile /Users/tungstonlabs/Library/Developer/Xcode/DerivedData/HealthApp-fjgvhltvryzvlufiayyipuiynnzt/Build/Intermediates.noindex/Pods.build/Debug-iphoneos/RNSVG.build/RNSVG.DependencyMetadataFileList (in target 'RNSVG' from project 'Pods')
    cd /Users/tungstonlabs/Desktop/HealthApp-Mobile/ios/Pods
    write-file /Users/tungstonlabs/Library/Developer/Xcode/DerivedData/HealthApp-fjgvhltvryzvlufiayyipuiynnzt/Build/Intermediates.noindex/Pods.build/Debug-iphoneos/RNSVG.build/RNSVG.DependencyMetadataFileList

WriteAuxiliaryFile /Users/tungstonlabs/Library/Developer/Xcode/DerivedData/HealthApp-fjgvhltvryzvlufiayyipuiynnzt/Build/Intermediates.noindex/Pods.build/Debug-iphoneos/RNSVG.build/RNSVG-project-headers.hmap (in target 'RNSVG' from project 'Pods')
    cd /Users/tungstonlabs/Desktop/HealthApp-Mobile/ios/Pods
    write-file /Users/tungstonlabs/Library/Developer/Xcode/DerivedData/HealthApp-fjgvhltvryzvlufiayyipuiynnzt/Build/Intermediates.noindex/Pods.build/Debug-iphoneos/RNSVG.build/RNSVG-project-headers.hmap

WriteAuxiliaryFile /Users/tungstonlabs/Library/Developer/Xcode/DerivedData/HealthApp-fjgvhltvryzvlufiayyipuiynnzt/Build/Intermediates.noindex/Pods.build/Debug-iphoneos/RNSVG.build/RNSVG-own-target-headers.hmap (in target 'RNSVG' from project 'Pods')
    cd /Users/tungstonlabs/Desktop/HealthApp-Mobile/ios/Pods
    write-file /Users/tungstonlabs/Library/Developer/Xcode/DerivedData/HealthApp-fjgvhltvryzvlufiayyipuiynnzt/Build/Intermediates.noindex/Pods.build/Debug-iphoneos/RNSVG.build/RNSVG-own-target-headers.hmap

WriteAuxiliaryFile /Users/tungstonlabs/Library/Developer/Xcode/DerivedData/HealthApp-fjgvhltvryzvlufiayyipuiynnzt/Build/Intermediates.noindex/Pods.build/Debug-iphoneos/RNSVG.build/RNSVG-generated-files.hmap (in target 'RNSVG' from project 'Pods')
    cd /Users/tungstonlabs/Desktop/HealthApp-Mobile/ios/Pods
    write-file /Users/tungstonlabs/Library/Developer/Xcode/DerivedData/HealthApp-fjgvhltvryzvlufiayyipuiynnzt/Build/Intermediates.noindex/Pods.build/Debug-iphoneos/RNSVG.build/RNSVG-generated-files.hmap

WriteAuxiliaryFile /Users/tungstonlabs/Library/Developer/Xcode/DerivedData/HealthApp-fjgvhltvryzvlufiayyipuiynnzt/Build/Intermediates.noindex/Pods.build/Debug-iphoneos/RNSVG.build/RNSVG-all-target-headers.hmap (in target 'RNSVG' from project 'Pods')
    cd /Users/tungstonlabs/Desktop/HealthApp-Mobile/ios/Pods
    write-file /Users/tungstonlabs/Library/Developer/Xcode/DerivedData/HealthApp-fjgvhltvryzvlufiayyipuiynnzt/Build/Intermediates.noindex/Pods.build/Debug-iphoneos/RNSVG.build/RNSVG-all-target-headers.hmap

WriteAuxiliaryFile /Users/tungstonlabs/Library/Developer/Xcode/DerivedData/HealthApp-fjgvhltvryzvlufiayyipuiynnzt/Build/Intermediates.noindex/Pods.build/Debug-iphoneos/RNSVG.build/RNSVG-all-non-framework-target-headers.hmap (in target 'RNSVG' from project 'Pods')
    cd /Users/tungstonlabs/Desktop/HealthApp-Mobile/ios/Pods
    write-file /Users/tungstonlabs/Library/Developer/Xcode/DerivedData/HealthApp-fjgvhltvryzvlufiayyipuiynnzt/Build/Intermediates.noindex/Pods.build/Debug-iphoneos/RNSVG.build/RNSVG-all-non-framework-target-headers.hmap

WriteAuxiliaryFile /Users/tungstonlabs/Library/Developer/Xcode/DerivedData/HealthApp-fjgvhltvryzvlufiayyipuiynnzt/Build/Intermediates.noindex/Pods.build/Debug-iphoneos/RNSVG.build/Objects-normal/arm64/e6072d4f65d7061329687fe24e3d63a7-common-args.resp (in target 'RNSVG' from project 'Pods')
    cd /Users/tungstonlabs/Desktop/HealthApp-Mobile/ios/Pods
    write-file /Users/tungstonlabs/Library/Developer/Xcode/DerivedData/HealthApp-fjgvhltvryzvlufiayyipuiynnzt/Build/Intermediates.noindex/Pods.build/Debug-iphoneos/RNSVG.build/Objects-normal/arm64/e6072d4f65d7061329687fe24e3d63a7-common-args.resp
'-std=gnu11' -fobjc-arc -fmodules '-fmodules-cache-path=/Users/tungstonlabs/Library/Developer/Xcode/DerivedData/ModuleCache.noindex' -fpascal-strings -O0 -fno-common '-DPOD_CONFIGURATION_DEBUG=1' '-DDEBUG=1' '-DCOCOAPODS=1' '-DOBJC_OLD_DISPATCH_PROTOTYPES=0' -g -iquote /Users/tungstonlabs/Library/Developer/Xcode/DerivedData/HealthApp-fjgvhltvryzvlufiayyipuiynnzt/Build/Intermediates.noindex/Pods.build/Debug-iphoneos/RNSVG.build/RNSVG-generated-files.hmap -I/Users/tungstonlabs/Library/Developer/Xcode/DerivedData/HealthApp-fjgvhltvryzvlufiayyipuiynnzt/Build/Intermediates.noindex/Pods.build/Debug-iphoneos/RNSVG.build/RNSVG-own-target-headers.hmap -I/Users/tungstonlabs/Library/Developer/Xcode/DerivedData/HealthApp-fjgvhltvryzvlufiayyipuiynnzt/Build/Intermediates.noindex/Pods.build/Debug-iphoneos/RNSVG.build/RNSVG-all-non-framework-target-headers.hmap -ivfsoverlay /Users/tungstonlabs/Library/Developer/Xcode/DerivedData/HealthApp-fjgvhltvryzvlufiayyipuiynnzt/Build/Intermediates.noindex/Pods.build/Debug-iphoneos/Pods-8699adb1dd336b26511df848a716bd42-VFS-iphoneos/all-product-headers.yaml -iquote /Users/tungstonlabs/Library/Developer/Xcode/DerivedData/HealthApp-fjgvhltvryzvlufiayyipuiynnzt/Build/Intermediates.noindex/Pods.build/Debug-iphoneos/RNSVG.build/RNSVG-project-headers.hmap -I/Users/tungstonlabs/Library/Developer/Xcode/DerivedData/HealthApp-fjgvhltvryzvlufiayyipuiynnzt/Build/Products/Debug-iphoneos/RNSVG/include -I/Users/tungstonlabs/Desktop/HealthApp-Mobile/ios/Pods/Headers/Private -I/Users/tungstonlabs/Desktop/HealthApp-Mobile/ios/Pods/Headers/Private/RNSVG -I/Users/tungstonlabs/Desktop/HealthApp-Mobile/ios/Pods/Headers/Public -I/Users/tungstonlabs/Desktop/HealthApp-Mobile/ios/Pods/Headers/Public/DoubleConversion -I/Users/tungstonlabs/Desktop/HealthApp-Mobile/ios/Pods/Headers/Public/FBLazyVector -I/Users/tungstonlabs/Desktop/HealthApp-Mobile/ios/Pods/Headers/Public/RCT-Folly -I/Users/tungstonlabs/Desktop/HealthApp-Mobile/ios/Pods/Headers/Public/RCTDeprecation -I/Users/tungstonlabs/Desktop/HealthApp-Mobile/ios/Pods/Headers/Public/RCTRequired -I/Users/tungstonlabs/Desktop/HealthApp-Mobile/ios/Pods/Headers/Public/RCTTypeSafety -I/Users/tungstonlabs/Desktop/HealthApp-Mobile/ios/Pods/Headers/Public/RNSVG -I/Users/tungstonlabs/Desktop/HealthApp-Mobile/ios/Pods/Headers/Public/React-Core -I/Users/tungstonlabs/Desktop/HealthApp-Mobile/ios/Pods/Headers/Public/React-Fabric -I/Users/tungstonlabs/Desktop/HealthApp-Mobile/ios/Pods/Headers/Public/React-FabricComponents -I/Users/tungstonlabs/Desktop/HealthApp-Mobile/ios/Pods/Headers/Public/React-FabricImage -I/Users/tungstonlabs/Desktop/HealthApp-Mobile/ios/Pods/Headers/Public/React-ImageManager -I/Users/tungstonlabs/Desktop/HealthApp-Mobile/ios/Pods/Headers/Public/React-Mapbuffer -I/Users/tungstonlabs/Desktop/HealthApp-Mobile/ios/Pods/Headers/Public/React-NativeModulesApple -I/Users/tungstonlabs/Desktop/HealthApp-Mobile/ios/Pods/Headers/Public/React-RCTAnimation -I/Users/tungstonlabs/Desktop/HealthApp-Mobile/ios/Pods/Headers/Public/React-RCTAppDelegate -I/Users/tungstonlabs/Desktop/HealthApp-Mobile/ios/Pods/Headers/Public/React-RCTBlob -I/Users/tungstonlabs/Desktop/HealthApp-Mobile/ios/Pods/Headers/Public/React-RCTFBReactNativeSpec -I/Users/tungstonlabs/Desktop/HealthApp-Mobile/ios/Pods/Headers/Public/React-RCTFabric -I/Users/tungstonlabs/Desktop/HealthApp-Mobile/ios/Pods/Headers/Public/React-RCTRuntime -I/Users/tungstonlabs/Desktop/HealthApp-Mobile/ios/Pods/Headers/Public/React-RCTText -I/Users/tungstonlabs/Desktop/HealthApp-Mobile/ios/Pods/Headers/Public/React-RuntimeApple -I/Users/tungstonlabs/Desktop/HealthApp-Mobile/ios/Pods/Headers/Public/React-RuntimeCore -I/Users/tungstonlabs/Desktop/HealthApp-Mobile/ios/Pods/Headers/Public/React-RuntimeHermes -I/Users/tungstonlabs/Desktop/HealthApp-Mobile/ios/Pods/Headers/Public/React-callinvoker -I/Users/tungstonlabs/Desktop/HealthApp-Mobile/ios/Pods/Headers/Public/React-cxxreact -I/Users/tungstonlabs/Desktop/HealthApp-Mobile/ios/Pods/Headers/Public/React-debug -I/Users/tungstonlabs/Desktop/HealthApp-Mobile/ios/Pods/Headers/Public/React-defaultsnativemodule -I/Users/tungstonlabs/Desktop/HealthApp-Mobile/ios/Pods/Headers/Public/React-domnativemodule -I/Users/tungstonlabs/Desktop/HealthApp-Mobile/ios/Pods/Headers/Public/React-featureflags -I/Users/tungstonlabs/Desktop/HealthApp-Mobile/ios/Pods/Headers/Public/React-featureflagsnativemodule -I/Users/tungstonlabs/Desktop/HealthApp-Mobile/ios/Pods/Headers/Public/React-graphics -I/Users/tungstonlabs/Desktop/HealthApp-Mobile/ios/Pods/Headers/Public/React-hermes -I/Users/tungstonlabs/Desktop/HealthApp-Mobile/ios/Pods/Headers/Public/React-idlecallbacksnativemodule -I/Users/tungstonlabs/Desktop/HealthApp-Mobile/ios/Pods/Headers/Public/React-jserrorhandler -I/Users/tungstonlabs/Desktop/HealthApp-Mobile/ios/Pods/Headers/Public/React-jsi -I/Users/tungstonlabs/Desktop/HealthApp-Mobile/ios/Pods/Headers/Public/React-jsiexecutor -I/Users/tungstonlabs/Desktop/HealthApp-Mobile/ios/Pods/Headers/Public/React-jsinspector -I/Users/tungstonlabs/Desktop/HealthApp-Mobile/ios/Pods/Headers/Public/React-jsinspectorcdp -I/Users/tungstonlabs/Desktop/HealthApp-Mobile/ios/Pods/Headers/Public/React-jsinspectornetwork -I/Users/tungstonlabs/Desktop/HealthApp-Mobile/ios/Pods/Headers/Public/React-jsinspectortracing -I/Users/tungstonlabs/Desktop/HealthApp-Mobile/ios/Pods/Headers/Public/React-jsitooling -I/Users/tungstonlabs/Desktop/HealthApp-Mobile/ios/Pods/Headers/Public/React-logger -I/Users/tungstonlabs/Desktop/HealthApp-Mobile/ios/Pods/Headers/Public/React-microtasksnativemodule -I/Users/tungstonlabs/Desktop/HealthApp-Mobile/ios/Pods/Headers/Public/React-oscompat -I/Users/tungstonlabs/Desktop/HealthApp-Mobile/ios/Pods/Headers/Public/React-perflogger -I/Users/tungstonlabs/Desktop/HealthApp-Mobile/ios/Pods/Headers/Public/React-performancecdpmetrics -I/Users/tungstonlabs/Desktop/HealthApp-Mobile/ios/Pods/Headers/Public/React-performancetimeline -I/Users/tungstonlabs/Desktop/HealthApp-Mobile/ios/Pods/Headers/Public/React-rendererconsistency -I/Users/tungstonlabs/Desktop/HealthApp-Mobile/ios/Pods/Headers/Public/React-renderercss -I/Users/tungstonlabs/Desktop/HealthApp-Mobile/ios/Pods/Headers/Public/React-rendererdebug -I/Users/tungstonlabs/Desktop/HealthApp-Mobile/ios/Pods/Headers/Public/React-runtimeexecutor -I/Users/tungstonlabs/Desktop/HealthApp-Mobile/ios/Pods/Headers/Public/React-runtimescheduler -I/Users/tungstonlabs/Desktop/HealthApp-Mobile/ios/Pods/Headers/Public/React-timing -I/Users/tungstonlabs/Desktop/HealthApp-Mobile/ios/Pods/Headers/Public/React-utils -I/Users/tungstonlabs/Desktop/HealthApp-Mobile/ios/Pods/Headers/Public/React-webperformancenativemodule -I/Users/tungstonlabs/Desktop/HealthApp-Mobile/ios/Pods/Headers/Public/ReactCodegen -I/Users/tungstonlabs/Desktop/HealthApp-Mobile/ios/Pods/Headers/Public/ReactCommon -I/Users/tungstonlabs/Desktop/HealthApp-Mobile/ios/Pods/Headers/Public/SocketRocket -I/Users/tungstonlabs/Desktop/HealthApp-Mobile/ios/Pods/Headers/Public/Yoga -I/Users/tungstonlabs/Desktop/HealthApp-Mobile/ios/Pods/Headers/Public/boost -I/Users/tungstonlabs/Desktop/HealthApp-Mobile/ios/Pods/Headers/Public/fast_float -I/Users/tungstonlabs/Desktop/HealthApp-Mobile/ios/Pods/Headers/Public/fmt -I/Users/tungstonlabs/Desktop/HealthApp-Mobile/ios/Pods/Headers/Public/glog -I/Users/tungstonlabs/Desktop/HealthApp-Mobile/ios/Pods/Headers/Public/hermes-engine -I/Users/tungstonlabs/Desktop/HealthApp-Mobile/ios/Pods/Headers/Private/Yoga -I/Users/tungstonlabs/Desktop/HealthApp-Mobile/ios/Pods/Headers/Private/Yoga -I/Users/tungstonlabs/Desktop/HealthApp-Mobile/node_modules/react-native-svg/common/cpp -I/Users/tungstonlabs/Library/Developer/Xcode/DerivedData/HealthApp-fjgvhltvryzvlufiayyipuiynnzt/Build/Intermediates.noindex/Pods.build/Debug-iphoneos/RNSVG.build/DerivedSources-normal/arm64 -I/Users/tungstonlabs/Library/Developer/Xcode/DerivedData/HealthApp-fjgvhltvryzvlufiayyipuiynnzt/Build/Intermediates.noindex/Pods.build/Debug-iphoneos/RNSVG.build/DerivedSources/arm64 -I/Users/tungstonlabs/Library/Developer/Xcode/DerivedData/HealthApp-fjgvhltvryzvlufiayyipuiynnzt/Build/Intermediates.noindex/Pods.build/Debug-iphoneos/RNSVG.build/DerivedSources -F/Users/tungstonlabs/Library/Developer/Xcode/DerivedData/HealthApp-fjgvhltvryzvlufiayyipuiynnzt/Build/Products/Debug-iphoneos/RNSVG -F/Users/tungstonlabs/Desktop/HealthApp-Mobile/ios/Pods/hermes-engine/destroot/Library/Frameworks/universal -F/Users/tungstonlabs/Library/Developer/Xcode/DerivedData/HealthApp-fjgvhltvryzvlufiayyipuiynnzt/Build/Products/Debug-iphoneos/XCFrameworkIntermediates/hermes-engine/Pre-built '-fmodule-map-file=/Users/tungstonlabs/Desktop/HealthApp-Mobile/ios/Pods/Headers/Public/DoubleConversion/DoubleConversion.modulemap' '-fmodule-map-file=/Users/tungstonlabs/Desktop/HealthApp-Mobile/ios/Pods/Headers/Public/RCTDeprecation/RCTDeprecation.modulemap' '-fmodule-map-file=/Users/tungstonlabs/Desktop/HealthApp-Mobile/ios/Pods/Headers/Public/RCTFabric/React-RCTFabric.modulemap' '-fmodule-map-file=/Users/tungstonlabs/Desktop/HealthApp-Mobile/ios/Pods/Headers/Public/RCTImage/React-RCTImage.modulemap' '-fmodule-map-file=/Users/tungstonlabs/Desktop/HealthApp-Mobile/ios/Pods/Headers/Public/RCTRuntime/React-RCTRuntime.modulemap' '-fmodule-map-file=/Users/tungstonlabs/Desktop/HealthApp-Mobile/ios/Pods/Headers/Public/RCTTypeSafety/RCTTypeSafety.modulemap' '-fmodule-map-file=/Users/tungstonlabs/Desktop/HealthApp-Mobile/ios/Pods/Headers/Public/React/React-Core.modulemap' '-fmodule-map-file=/Users/tungstonlabs/Desktop/HealthApp-Mobile/ios/Pods/Headers/Public/ReactCodegen/ReactCodegen.modulemap' '-fmodule-map-file=/Users/tungstonlabs/Desktop/HealthApp-Mobile/ios/Pods/Headers/Public/ReactCommon/ReactCommon.modulemap' '-fmodule-map-file=/Users/tungstonlabs/Desktop/HealthApp-Mobile/ios/Pods/Headers/Public/React_Fabric/React-Fabric.modulemap' '-fmodule-map-file=/Users/tungstonlabs/Desktop/HealthApp-Mobile/ios/Pods/Headers/Public/React_FabricComponents/React-FabricComponents.modulemap' '-fmodule-map-file=/Users/tungstonlabs/Desktop/HealthApp-Mobile/ios/Pods/Headers/Public/React_NativeModulesApple/React-NativeModulesApple.modulemap' '-fmodule-map-file=/Users/tungstonlabs/Desktop/HealthApp-Mobile/ios/Pods/Headers/Public/React_RCTAppDelegate/React-RCTAppDelegate.modulemap' '-fmodule-map-file=/Users/tungstonlabs/Desktop/HealthApp-Mobile/ios/Pods/Headers/Public/React_runtimeexecutor/React-runtimeexecutor.modulemap' '-fmodule-map-file=/Users/tungstonlabs/Desktop/HealthApp-Mobile/ios/Pods/Headers/Public/SocketRocket/SocketRocket.modulemap' '-fmodule-map-file=/Users/tungstonlabs/Desktop/HealthApp-Mobile/ios/Pods/Headers/Public/fmt/fmt.modulemap' '-fmodule-map-file=/Users/tungstonlabs/Desktop/HealthApp-Mobile/ios/Pods/Headers/Public/folly/RCT-Folly.modulemap' '-fmodule-map-file=/Users/tungstonlabs/Desktop/HealthApp-Mobile/ios/Pods/Headers/Public/glog/glog.modulemap' '-fmodule-map-file=/Users/tungstonlabs/Desktop/HealthApp-Mobile/ios/Pods/Headers/Public/jsi/React-jsi.modulemap' '-fmodule-map-file=/Users/tungstonlabs/Desktop/HealthApp-Mobile/ios/Pods/Headers/Public/jsinspector_modern/React-jsinspector.modulemap' '-fmodule-map-file=/Users/tungstonlabs/Desktop/HealthApp-Mobile/ios/Pods/Headers/Public/jsinspector_modern_cdp/React-jsinspectorcdp.modulemap' '-fmodule-map-file=/Users/tungstonlabs/Desktop/HealthApp-Mobile/ios/Pods/Headers/Public/jsinspector_modern_network/React-jsinspectornetwork.modulemap' '-fmodule-map-file=/Users/tungstonlabs/Desktop/HealthApp-Mobile/ios/Pods/Headers/Public/jsinspector_modern_tracing/React-jsinspectortracing.modulemap' '-fmodule-map-file=/Users/tungstonlabs/Desktop/HealthApp-Mobile/ios/Pods/Headers/Public/react_debug/React-debug.modulemap' '-fmodule-map-file=/Users/tungstonlabs/Desktop/HealthApp-Mobile/ios/Pods/Headers/Public/react_featureflags/React-featureflags.modulemap' '-fmodule-map-file=/Users/tungstonlabs/Desktop/HealthApp-Mobile/ios/Pods/Headers/Public/react_nativemodule_defaults/React-defaultsnativemodule.modulemap' '-fmodule-map-file=/Users/tungstonlabs/Desktop/HealthApp-Mobile/ios/Pods/Headers/Public/react_nativemodule_dom/React-domnativemodule.modulemap' '-fmodule-map-file=/Users/tungstonlabs/Desktop/HealthApp-Mobile/ios/Pods/Headers/Public/react_nativemodule_featureflags/React-featureflagsnativemodule.modulemap' '-fmodule-map-file=/Users/tungstonlabs/Desktop/HealthApp-Mobile/ios/Pods/Headers/Public/react_nativemodule_idlecallbacks/React-idlecallbacksnativemodule.modulemap' '-fmodule-map-file=/Users/tungstonlabs/Desktop/HealthApp-Mobile/ios/Pods/Headers/Public/react_nativemodule_microtasks/React-microtasksnativemodule.modulemap' '-fmodule-map-file=/Users/tungstonlabs/Desktop/HealthApp-Mobile/ios/Pods/Headers/Public/react_nativemodule_webperformance/React-webperformancenativemodule.modulemap' '-fmodule-map-file=/Users/tungstonlabs/Desktop/HealthApp-Mobile/ios/Pods/Headers/Public/react_renderer_css/React-renderercss.modulemap' '-fmodule-map-file=/Users/tungstonlabs/Desktop/HealthApp-Mobile/ios/Pods/Headers/Public/react_renderer_debug/React-rendererdebug.modulemap' '-fmodule-map-file=/Users/tungstonlabs/Desktop/HealthApp-Mobile/ios/Pods/Headers/Public/react_renderer_graphics/React-graphics.modulemap' '-fmodule-map-file=/Users/tungstonlabs/Desktop/HealthApp-Mobile/ios/Pods/Headers/Public/react_renderer_imagemanager/React-ImageManager.modulemap' '-fmodule-map-file=/Users/tungstonlabs/Desktop/HealthApp-Mobile/ios/Pods/Headers/Public/react_runtime/React-jsitooling.modulemap' '-fmodule-map-file=/Users/tungstonlabs/Desktop/HealthApp-Mobile/ios/Pods/Headers/Public/react_utils/React-utils.modulemap' '-fmodule-map-file=/Users/tungstonlabs/Desktop/HealthApp-Mobile/ios/Pods/Headers/Public/reacthermes/React-hermes.modulemap' '-fmodule-map-file=/Users/tungstonlabs/Desktop/HealthApp-Mobile/ios/Pods/Headers/Public/yoga/Yoga.modulemap' '-DREACT_NATIVE_MINOR_VERSION=82'

WriteAuxiliaryFile /Users/tungstonlabs/Library/Developer/Xcode/DerivedData/HealthApp-fjgvhltvryzvlufiayyipuiynnzt/Build/Intermediates.noindex/Pods.build/Debug-iphoneos/RNSVG.build/Objects-normal/arm64/af3fcb34312c57c0f52879cdce924b91-common-args.resp (in target 'RNSVG' from project 'Pods')
    cd /Users/tungstonlabs/Desktop/HealthApp-Mobile/ios/Pods
    write-file /Users/tungstonlabs/Library/Developer/Xcode/DerivedData/HealthApp-fjgvhltvryzvlufiayyipuiynnzt/Build/Intermediates.noindex/Pods.build/Debug-iphoneos/RNSVG.build/Objects-normal/arm64/af3fcb34312c57c0f52879cdce924b91-common-args.resp
'-std=c++20' '-stdlib=libc++' -fobjc-arc -fmodules -fno-cxx-modules '-fmodules-cache-path=/Users/tungstonlabs/Library/Developer/Xcode/DerivedData/ModuleCache.noindex' '-D_LIBCPP_HARDENING_MODE=_LIBCPP_HARDENING_MODE_DEBUG' -fpascal-strings -O0 -fno-common '-DPOD_CONFIGURATION_DEBUG=1' '-DDEBUG=1' '-DCOCOAPODS=1' '-DOBJC_OLD_DISPATCH_PROTOTYPES=0' -g -iquote /Users/tungstonlabs/Library/Developer/Xcode/DerivedData/HealthApp-fjgvhltvryzvlufiayyipuiynnzt/Build/Intermediates.noindex/Pods.build/Debug-iphoneos/RNSVG.build/RNSVG-generated-files.hmap -I/Users/tungstonlabs/Library/Developer/Xcode/DerivedData/HealthApp-fjgvhltvryzvlufiayyipuiynnzt/Build/Intermediates.noindex/Pods.build/Debug-iphoneos/RNSVG.build/RNSVG-own-target-headers.hmap -I/Users/tungstonlabs/Library/Developer/Xcode/DerivedData/HealthApp-fjgvhltvryzvlufiayyipuiynnzt/Build/Intermediates.noindex/Pods.build/Debug-iphoneos/RNSVG.build/RNSVG-all-non-framework-target-headers.hmap -ivfsoverlay /Users/tungstonlabs/Library/Developer/Xcode/DerivedData/HealthApp-fjgvhltvryzvlufiayyipuiynnzt/Build/Intermediates.noindex/Pods.build/Debug-iphoneos/Pods-8699adb1dd336b26511df848a716bd42-VFS-iphoneos/all-product-headers.yaml -iquote /Users/tungstonlabs/Library/Developer/Xcode/DerivedData/HealthApp-fjgvhltvryzvlufiayyipuiynnzt/Build/Intermediates.noindex/Pods.build/Debug-iphoneos/RNSVG.build/RNSVG-project-headers.hmap -I/Users/tungstonlabs/Library/Developer/Xcode/DerivedData/HealthApp-fjgvhltvryzvlufiayyipuiynnzt/Build/Products/Debug-iphoneos/RNSVG/include -I/Users/tungstonlabs/Desktop/HealthApp-Mobile/ios/Pods/Headers/Private -I/Users/tungstonlabs/Desktop/HealthApp-Mobile/ios/Pods/Headers/Private/RNSVG -I/Users/tungstonlabs/Desktop/HealthApp-Mobile/ios/Pods/Headers/Public -I/Users/tungstonlabs/Desktop/HealthApp-Mobile/ios/Pods/Headers/Public/DoubleConversion -I/Users/tungstonlabs/Desktop/HealthApp-Mobile/ios/Pods/Headers/Public/FBLazyVector -I/Users/tungstonlabs/Desktop/HealthApp-Mobile/ios/Pods/Headers/Public/RCT-Folly -I/Users/tungstonlabs/Desktop/HealthApp-Mobile/ios/Pods/Headers/Public/RCTDeprecation -I/Users/tungstonlabs/Desktop/HealthApp-Mobile/ios/Pods/Headers/Public/RCTRequired -I/Users/tungstonlabs/Desktop/HealthApp-Mobile/ios/Pods/Headers/Public/RCTTypeSafety -I/Users/tungstonlabs/Desktop/HealthApp-Mobile/ios/Pods/Headers/Public/RNSVG -I/Users/tungstonlabs/Desktop/HealthApp-Mobile/ios/Pods/Headers/Public/React-Core -I/Users/tungstonlabs/Desktop/HealthApp-Mobile/ios/Pods/Headers/Public/React-Fabric -I/Users/tungstonlabs/Desktop/HealthApp-Mobile/ios/Pods/Headers/Public/React-FabricComponents -I/Users/tungstonlabs/Desktop/HealthApp-Mobile/ios/Pods/Headers/Public/React-FabricImage -I/Users/tungstonlabs/Desktop/HealthApp-Mobile/ios/Pods/Headers/Public/React-ImageManager -I/Users/tungstonlabs/Desktop/HealthApp-Mobile/ios/Pods/Headers/Public/React-Mapbuffer -I/Users/tungstonlabs/Desktop/HealthApp-Mobile/ios/Pods/Headers/Public/React-NativeModulesApple -I/Users/tungstonlabs/Desktop/HealthApp-Mobile/ios/Pods/Headers/Public/React-RCTAnimation -I/Users/tungstonlabs/Desktop/HealthApp-Mobile/ios/Pods/Headers/Public/React-RCTAppDelegate -I/Users/tungstonlabs/Desktop/HealthApp-Mobile/ios/Pods/Headers/Public/React-RCTBlob -I/Users/tungstonlabs/Desktop/HealthApp-Mobile/ios/Pods/Headers/Public/React-RCTFBReactNativeSpec -I/Users/tungstonlabs/Desktop/HealthApp-Mobile/ios/Pods/Headers/Public/React-RCTFabric -I/Users/tungstonlabs/Desktop/HealthApp-Mobile/ios/Pods/Headers/Public/React-RCTRuntime -I/Users/tungstonlabs/Desktop/HealthApp-Mobile/ios/Pods/Headers/Public/React-RCTText -I/Users/tungstonlabs/Desktop/HealthApp-Mobile/ios/Pods/Headers/Public/React-RuntimeApple -I/Users/tungstonlabs/Desktop/HealthApp-Mobile/ios/Pods/Headers/Public/React-RuntimeCore -I/Users/tungstonlabs/Desktop/HealthApp-Mobile/ios/Pods/Headers/Public/React-RuntimeHermes -I/Users/tungstonlabs/Desktop/HealthApp-Mobile/ios/Pods/Headers/Public/React-callinvoker -I/Users/tungstonlabs/Desktop/HealthApp-Mobile/ios/Pods/Headers/Public/React-cxxreact -I/Users/tungstonlabs/Desktop/HealthApp-Mobile/ios/Pods/Headers/Public/React-debug -I/Users/tungstonlabs/Desktop/HealthApp-Mobile/ios/Pods/Headers/Public/React-defaultsnativemodule -I/Users/tungstonlabs/Desktop/HealthApp-Mobile/ios/Pods/Headers/Public/React-domnativemodule -I/Users/tungstonlabs/Desktop/HealthApp-Mobile/ios/Pods/Headers/Public/React-featureflags -I/Users/tungstonlabs/Desktop/HealthApp-Mobile/ios/Pods/Headers/Public/React-featureflagsnativemodule -I/Users/tungstonlabs/Desktop/HealthApp-Mobile/ios/Pods/Headers/Public/React-graphics -I/Users/tungstonlabs/Desktop/HealthApp-Mobile/ios/Pods/Headers/Public/React-hermes -I/Users/tungstonlabs/Desktop/HealthApp-Mobile/ios/Pods/Headers/Public/React-idlecallbacksnativemodule -I/Users/tungstonlabs/Desktop/HealthApp-Mobile/ios/Pods/Headers/Public/React-jserrorhandler -I/Users/tungstonlabs/Desktop/HealthApp-Mobile/ios/Pods/Headers/Public/React-jsi -I/Users/tungstonlabs/Desktop/HealthApp-Mobile/ios/Pods/Headers/Public/React-jsiexecutor -I/Users/tungstonlabs/Desktop/HealthApp-Mobile/ios/Pods/Headers/Public/React-jsinspector -I/Users/tungstonlabs/Desktop/HealthApp-Mobile/ios/Pods/Headers/Public/React-jsinspectorcdp -I/Users/tungstonlabs/Desktop/HealthApp-Mobile/ios/Pods/Headers/Public/React-jsinspectornetwork -I/Users/tungstonlabs/Desktop/HealthApp-Mobile/ios/Pods/Headers/Public/React-jsinspectortracing -I/Users/tungstonlabs/Desktop/HealthApp-Mobile/ios/Pods/Headers/Public/React-jsitooling -I/Users/tungstonlabs/Desktop/HealthApp-Mobile/ios/Pods/Headers/Public/React-logger -I/Users/tungstonlabs/Desktop/HealthApp-Mobile/ios/Pods/Headers/Public/React-microtasksnativemodule -I/Users/tungstonlabs/Desktop/HealthApp-Mobile/ios/Pods/Headers/Public/React-oscompat -I/Users/tungstonlabs/Desktop/HealthApp-Mobile/ios/Pods/Headers/Public/React-perflogger -I/Users/tungstonlabs/Desktop/HealthApp-Mobile/ios/Pods/Headers/Public/React-performancecdpmetrics -I/Users/tungstonlabs/Desktop/HealthApp-Mobile/ios/Pods/Headers/Public/React-performancetimeline -I/Users/tungstonlabs/Desktop/HealthApp-Mobile/ios/Pods/Headers/Public/React-rendererconsistency -I/Users/tungstonlabs/Desktop/HealthApp-Mobile/ios/Pods/Headers/Public/React-renderercss -I/Users/tungstonlabs/Desktop/HealthApp-Mobile/ios/Pods/Headers/Public/React-rendererdebug -I/Users/tungstonlabs/Desktop/HealthApp-Mobile/ios/Pods/Headers/Public/React-runtimeexecutor -I/Users/tungstonlabs/Desktop/HealthApp-Mobile/ios/Pods/Headers/Public/React-runtimescheduler -I/Users/tungstonlabs/Desktop/HealthApp-Mobile/ios/Pods/Headers/Public/React-timing -I/Users/tungstonlabs/Desktop/HealthApp-Mobile/ios/Pods/Headers/Public/React-utils -I/Users/tungstonlabs/Desktop/HealthApp-Mobile/ios/Pods/Headers/Public/React-webperformancenativemodule -I/Users/tungstonlabs/Desktop/HealthApp-Mobile/ios/Pods/Headers/Public/ReactCodegen -I/Users/tungstonlabs/Desktop/HealthApp-Mobile/ios/Pods/Headers/Public/ReactCommon -I/Users/tungstonlabs/Desktop/HealthApp-Mobile/ios/Pods/Headers/Public/SocketRocket -I/Users/tungstonlabs/Desktop/HealthApp-Mobile/ios/Pods/Headers/Public/Yoga -I/Users/tungstonlabs/Desktop/HealthApp-Mobile/ios/Pods/Headers/Public/boost -I/Users/tungstonlabs/Desktop/HealthApp-Mobile/ios/Pods/Headers/Public/fast_float -I/Users/tungstonlabs/Desktop/HealthApp-Mobile/ios/Pods/Headers/Public/fmt -I/Users/tungstonlabs/Desktop/HealthApp-Mobile/ios/Pods/Headers/Public/glog -I/Users/tungstonlabs/Desktop/HealthApp-Mobile/ios/Pods/Headers/Public/hermes-engine -I/Users/tungstonlabs/Desktop/HealthApp-Mobile/ios/Pods/Headers/Private/Yoga -I/Users/tungstonlabs/Desktop/HealthApp-Mobile/ios/Pods/Headers/Private/Yoga -I/Users/tungstonlabs/Desktop/HealthApp-Mobile/node_modules/react-native-svg/common/cpp -I/Users/tungstonlabs/Library/Developer/Xcode/DerivedData/HealthApp-fjgvhltvryzvlufiayyipuiynnzt/Build/Intermediates.noindex/Pods.build/Debug-iphoneos/RNSVG.build/DerivedSources-normal/arm64 -I/Users/tungstonlabs/Library/Developer/Xcode/DerivedData/HealthApp-fjgvhltvryzvlufiayyipuiynnzt/Build/Intermediates.noindex/Pods.build/Debug-iphoneos/RNSVG.build/DerivedSources/arm64 -I/Users/tungstonlabs/Library/Developer/Xcode/DerivedData/HealthApp-fjgvhltvryzvlufiayyipuiynnzt/Build/Intermediates.noindex/Pods.build/Debug-iphoneos/RNSVG.build/DerivedSources -F/Users/tungstonlabs/Library/Developer/Xcode/DerivedData/HealthApp-fjgvhltvryzvlufiayyipuiynnzt/Build/Products/Debug-iphoneos/RNSVG -F/Users/tungstonlabs/Desktop/HealthApp-Mobile/ios/Pods/hermes-engine/destroot/Library/Frameworks/universal -F/Users/tungstonlabs/Library/Developer/Xcode/DerivedData/HealthApp-fjgvhltvryzvlufiayyipuiynnzt/Build/Products/Debug-iphoneos/XCFrameworkIntermediates/hermes-engine/Pre-built '-fmodule-map-file=/Users/tungstonlabs/Desktop/HealthApp-Mobile/ios/Pods/Headers/Public/DoubleConversion/DoubleConversion.modulemap' '-fmodule-map-file=/Users/tungstonlabs/Desktop/HealthApp-Mobile/ios/Pods/Headers/Public/RCTDeprecation/RCTDeprecation.modulemap' '-fmodule-map-file=/Users/tungstonlabs/Desktop/HealthApp-Mobile/ios/Pods/Headers/Public/RCTFabric/React-RCTFabric.modulemap' '-fmodule-map-file=/Users/tungstonlabs/Desktop/HealthApp-Mobile/ios/Pods/Headers/Public/RCTImage/React-RCTImage.modulemap' '-fmodule-map-file=/Users/tungstonlabs/Desktop/HealthApp-Mobile/ios/Pods/Headers/Public/RCTRuntime/React-RCTRuntime.modulemap' '-fmodule-map-file=/Users/tungstonlabs/Desktop/HealthApp-Mobile/ios/Pods/Headers/Public/RCTTypeSafety/RCTTypeSafety.modulemap' '-fmodule-map-file=/Users/tungstonlabs/Desktop/HealthApp-Mobile/ios/Pods/Headers/Public/React/React-Core.modulemap' '-fmodule-map-file=/Users/tungstonlabs/Desktop/HealthApp-Mobile/ios/Pods/Headers/Public/ReactCodegen/ReactCodegen.modulemap' '-fmodule-map-file=/Users/tungstonlabs/Desktop/HealthApp-Mobile/ios/Pods/Headers/Public/ReactCommon/ReactCommon.modulemap' '-fmodule-map-file=/Users/tungstonlabs/Desktop/HealthApp-Mobile/ios/Pods/Headers/Public/React_Fabric/React-Fabric.modulemap' '-fmodule-map-file=/Users/tungstonlabs/Desktop/HealthApp-Mobile/ios/Pods/Headers/Public/React_FabricComponents/React-FabricComponents.modulemap' '-fmodule-map-file=/Users/tungstonlabs/Desktop/HealthApp-Mobile/ios/Pods/Headers/Public/React_NativeModulesApple/React-NativeModulesApple.modulemap' '-fmodule-map-file=/Users/tungstonlabs/Desktop/HealthApp-Mobile/ios/Pods/Headers/Public/React_RCTAppDelegate/React-RCTAppDelegate.modulemap' '-fmodule-map-file=/Users/tungstonlabs/Desktop/HealthApp-Mobile/ios/Pods/Headers/Public/React_runtimeexecutor/React-runtimeexecutor.modulemap' '-fmodule-map-file=/Users/tungstonlabs/Desktop/HealthApp-Mobile/ios/Pods/Headers/Public/SocketRocket/SocketRocket.modulemap' '-fmodule-map-file=/Users/tungstonlabs/Desktop/HealthApp-Mobile/ios/Pods/Headers/Public/fmt/fmt.modulemap' '-fmodule-map-file=/Users/tungstonlabs/Desktop/HealthApp-Mobile/ios/Pods/Headers/Public/folly/RCT-Folly.modulemap' '-fmodule-map-file=/Users/tungstonlabs/Desktop/HealthApp-Mobile/ios/Pods/Headers/Public/glog/glog.modulemap' '-fmodule-map-file=/Users/tungstonlabs/Desktop/HealthApp-Mobile/ios/Pods/Headers/Public/jsi/React-jsi.modulemap' '-fmodule-map-file=/Users/tungstonlabs/Desktop/HealthApp-Mobile/ios/Pods/Headers/Public/jsinspector_modern/React-jsinspector.modulemap' '-fmodule-map-file=/Users/tungstonlabs/Desktop/HealthApp-Mobile/ios/Pods/Headers/Public/jsinspector_modern_cdp/React-jsinspectorcdp.modulemap' '-fmodule-map-file=/Users/tungstonlabs/Desktop/HealthApp-Mobile/ios/Pods/Headers/Public/jsinspector_modern_network/React-jsinspectornetwork.modulemap' '-fmodule-map-file=/Users/tungstonlabs/Desktop/HealthApp-Mobile/ios/Pods/Headers/Public/jsinspector_modern_tracing/React-jsinspectortracing.modulemap' '-fmodule-map-file=/Users/tungstonlabs/Desktop/HealthApp-Mobile/ios/Pods/Headers/Public/react_debug/React-debug.modulemap' '-fmodule-map-file=/Users/tungstonlabs/Desktop/HealthApp-Mobile/ios/Pods/Headers/Public/react_featureflags/React-featureflags.modulemap' '-fmodule-map-file=/Users/tungstonlabs/Desktop/HealthApp-Mobile/ios/Pods/Headers/Public/react_nativemodule_defaults/React-defaultsnativemodule.modulemap' '-fmodule-map-file=/Users/tungstonlabs/Desktop/HealthApp-Mobile/ios/Pods/Headers/Public/react_nativemodule_dom/React-domnativemodule.modulemap' '-fmodule-map-file=/Users/tungstonlabs/Desktop/HealthApp-Mobile/ios/Pods/Headers/Public/react_nativemodule_featureflags/React-featureflagsnativemodule.modulemap' '-fmodule-map-file=/Users/tungstonlabs/Desktop/HealthApp-Mobile/ios/Pods/Headers/Public/react_nativemodule_idlecallbacks/React-idlecallbacksnativemodule.modulemap' '-fmodule-map-file=/Users/tungstonlabs/Desktop/HealthApp-Mobile/ios/Pods/Headers/Public/react_nativemodule_microtasks/React-microtasksnativemodule.modulemap' '-fmodule-map-file=/Users/tungstonlabs/Desktop/HealthApp-Mobile/ios/Pods/Headers/Public/react_nativemodule_webperformance/React-webperformancenativemodule.modulemap' '-fmodule-map-file=/Users/tungstonlabs/Desktop/HealthApp-Mobile/ios/Pods/Headers/Public/react_renderer_css/React-renderercss.modulemap' '-fmodule-map-file=/Users/tungstonlabs/Desktop/HealthApp-Mobile/ios/Pods/Headers/Public/react_renderer_debug/React-rendererdebug.modulemap' '-fmodule-map-file=/Users/tungstonlabs/Desktop/HealthApp-Mobile/ios/Pods/Headers/Public/react_renderer_graphics/React-graphics.modulemap' '-fmodule-map-file=/Users/tungstonlabs/Desktop/HealthApp-Mobile/ios/Pods/Headers/Public/react_renderer_imagemanager/React-ImageManager.modulemap' '-fmodule-map-file=/Users/tungstonlabs/Desktop/HealthApp-Mobile/ios/Pods/Headers/Public/react_runtime/React-jsitooling.modulemap' '-fmodule-map-file=/Users/tungstonlabs/Desktop/HealthApp-Mobile/ios/Pods/Headers/Public/react_utils/React-utils.modulemap' '-fmodule-map-file=/Users/tungstonlabs/Desktop/HealthApp-Mobile/ios/Pods/Headers/Public/reacthermes/React-hermes.modulemap' '-fmodule-map-file=/Users/tungstonlabs/Desktop/HealthApp-Mobile/ios/Pods/Headers/Public/yoga/Yoga.modulemap' '-DREACT_NATIVE_MINOR_VERSION=82' '-DRCT_NEW_ARCH_ENABLED=1'

WriteAuxiliaryFile /Users/tungstonlabs/Library/Developer/Xcode/DerivedData/HealthApp-fjgvhltvryzvlufiayyipuiynnzt/Build/Intermediates.noindex/Pods.build/Debug-iphoneos/RNSVG.build/Objects-normal/arm64/RNSVG.LinkFileList (in target 'RNSVG' from project 'Pods')
    cd /Users/tungstonlabs/Desktop/HealthApp-Mobile/ios/Pods
    write-file /Users/tungstonlabs/Library/Developer/Xcode/DerivedData/HealthApp-fjgvhltvryzvlufiayyipuiynnzt/Build/Intermediates.noindex/Pods.build/Debug-iphoneos/RNSVG.build/Objects-normal/arm64/RNSVG.LinkFileList

WriteAuxiliaryFile /Users/tungstonlabs/Library/Developer/Xcode/DerivedData/HealthApp-fjgvhltvryzvlufiayyipuiynnzt/Build/Intermediates.noindex/Pods.build/Debug-iphoneos/RNSVG.build/Objects-normal/arm64/82b82416624d2658e5098eb0a28c15c5-common-args.resp (in target 'RNSVG' from project 'Pods')
    cd /Users/tungstonlabs/Desktop/HealthApp-Mobile/ios/Pods
    write-file /Users/tungstonlabs/Library/Developer/Xcode/DerivedData/HealthApp-fjgvhltvryzvlufiayyipuiynnzt/Build/Intermediates.noindex/Pods.build/Debug-iphoneos/RNSVG.build/Objects-normal/arm64/82b82416624d2658e5098eb0a28c15c5-common-args.resp
'-std=c++20' '-stdlib=libc++' -fmodules -fno-cxx-modules '-fmodules-cache-path=/Users/tungstonlabs/Library/Developer/Xcode/DerivedData/ModuleCache.noindex' '-D_LIBCPP_HARDENING_MODE=_LIBCPP_HARDENING_MODE_DEBUG' -fpascal-strings -O0 -fno-common '-DPOD_CONFIGURATION_DEBUG=1' '-DDEBUG=1' '-DCOCOAPODS=1' -g -iquote /Users/tungstonlabs/Library/Developer/Xcode/DerivedData/HealthApp-fjgvhltvryzvlufiayyipuiynnzt/Build/Intermediates.noindex/Pods.build/Debug-iphoneos/RNSVG.build/RNSVG-generated-files.hmap -I/Users/tungstonlabs/Library/Developer/Xcode/DerivedData/HealthApp-fjgvhltvryzvlufiayyipuiynnzt/Build/Intermediates.noindex/Pods.build/Debug-iphoneos/RNSVG.build/RNSVG-own-target-headers.hmap -I/Users/tungstonlabs/Library/Developer/Xcode/DerivedData/HealthApp-fjgvhltvryzvlufiayyipuiynnzt/Build/Intermediates.noindex/Pods.build/Debug-iphoneos/RNSVG.build/RNSVG-all-non-framework-target-headers.hmap -ivfsoverlay /Users/tungstonlabs/Library/Developer/Xcode/DerivedData/HealthApp-fjgvhltvryzvlufiayyipuiynnzt/Build/Intermediates.noindex/Pods.build/Debug-iphoneos/Pods-8699adb1dd336b26511df848a716bd42-VFS-iphoneos/all-product-headers.yaml -iquote /Users/tungstonlabs/Library/Developer/Xcode/DerivedData/HealthApp-fjgvhltvryzvlufiayyipuiynnzt/Build/Intermediates.noindex/Pods.build/Debug-iphoneos/RNSVG.build/RNSVG-project-headers.hmap -I/Users/tungstonlabs/Library/Developer/Xcode/DerivedData/HealthApp-fjgvhltvryzvlufiayyipuiynnzt/Build/Products/Debug-iphoneos/RNSVG/include -I/Users/tungstonlabs/Desktop/HealthApp-Mobile/ios/Pods/Headers/Private -I/Users/tungstonlabs/Desktop/HealthApp-Mobile/ios/Pods/Headers/Private/RNSVG -I/Users/tungstonlabs/Desktop/HealthApp-Mobile/ios/Pods/Headers/Public -I/Users/tungstonlabs/Desktop/HealthApp-Mobile/ios/Pods/Headers/Public/DoubleConversion -I/Users/tungstonlabs/Desktop/HealthApp-Mobile/ios/Pods/Headers/Public/FBLazyVector -I/Users/tungstonlabs/Desktop/HealthApp-Mobile/ios/Pods/Headers/Public/RCT-Folly -I/Users/tungstonlabs/Desktop/HealthApp-Mobile/ios/Pods/Headers/Public/RCTDeprecation -I/Users/tungstonlabs/Desktop/HealthApp-Mobile/ios/Pods/Headers/Public/RCTRequired -I/Users/tungstonlabs/Desktop/HealthApp-Mobile/ios/Pods/Headers/Public/RCTTypeSafety -I/Users/tungstonlabs/Desktop/HealthApp-Mobile/ios/Pods/Headers/Public/RNSVG -I/Users/tungstonlabs/Desktop/HealthApp-Mobile/ios/Pods/Headers/Public/React-Core -I/Users/tungstonlabs/Desktop/HealthApp-Mobile/ios/Pods/Headers/Public/React-Fabric -I/Users/tungstonlabs/Desktop/HealthApp-Mobile/ios/Pods/Headers/Public/React-FabricComponents -I/Users/tungstonlabs/Desktop/HealthApp-Mobile/ios/Pods/Headers/Public/React-FabricImage -I/Users/tungstonlabs/Desktop/HealthApp-Mobile/ios/Pods/Headers/Public/React-ImageManager -I/Users/tungstonlabs/Desktop/HealthApp-Mobile/ios/Pods/Headers/Public/React-Mapbuffer -I/Users/tungstonlabs/Desktop/HealthApp-Mobile/ios/Pods/Headers/Public/React-NativeModulesApple -I/Users/tungstonlabs/Desktop/HealthApp-Mobile/ios/Pods/Headers/Public/React-RCTAnimation -I/Users/tungstonlabs/Desktop/HealthApp-Mobile/ios/Pods/Headers/Public/React-RCTAppDelegate -I/Users/tungstonlabs/Desktop/HealthApp-Mobile/ios/Pods/Headers/Public/React-RCTBlob -I/Users/tungstonlabs/Desktop/HealthApp-Mobile/ios/Pods/Headers/Public/React-RCTFBReactNativeSpec -I/Users/tungstonlabs/Desktop/HealthApp-Mobile/ios/Pods/Headers/Public/React-RCTFabric -I/Users/tungstonlabs/Desktop/HealthApp-Mobile/ios/Pods/Headers/Public/React-RCTRuntime -I/Users/tungstonlabs/Desktop/HealthApp-Mobile/ios/Pods/Headers/Public/React-RCTText -I/Users/tungstonlabs/Desktop/HealthApp-Mobile/ios/Pods/Headers/Public/React-RuntimeApple -I/Users/tungstonlabs/Desktop/HealthApp-Mobile/ios/Pods/Headers/Public/React-RuntimeCore -I/Users/tungstonlabs/Desktop/HealthApp-Mobile/ios/Pods/Headers/Public/React-RuntimeHermes -I/Users/tungstonlabs/Desktop/HealthApp-Mobile/ios/Pods/Headers/Public/React-callinvoker -I/Users/tungstonlabs/Desktop/HealthApp-Mobile/ios/Pods/Headers/Public/React-cxxreact -I/Users/tungstonlabs/Desktop/HealthApp-Mobile/ios/Pods/Headers/Public/React-debug -I/Users/tungstonlabs/Desktop/HealthApp-Mobile/ios/Pods/Headers/Public/React-defaultsnativemodule -I/Users/tungstonlabs/Desktop/HealthApp-Mobile/ios/Pods/Headers/Public/React-domnativemodule -I/Users/tungstonlabs/Desktop/HealthApp-Mobile/ios/Pods/Headers/Public/React-featureflags -I/Users/tungstonlabs/Desktop/HealthApp-Mobile/ios/Pods/Headers/Public/React-featureflagsnativemodule -I/Users/tungstonlabs/Desktop/HealthApp-Mobile/ios/Pods/Headers/Public/React-graphics -I/Users/tungstonlabs/Desktop/HealthApp-Mobile/ios/Pods/Headers/Public/React-hermes -I/Users/tungstonlabs/Desktop/HealthApp-Mobile/ios/Pods/Headers/Public/React-idlecallbacksnativemodule -I/Users/tungstonlabs/Desktop/HealthApp-Mobile/ios/Pods/Headers/Public/React-jserrorhandler -I/Users/tungstonlabs/Desktop/HealthApp-Mobile/ios/Pods/Headers/Public/React-jsi -I/Users/tungstonlabs/Desktop/HealthApp-Mobile/ios/Pods/Headers/Public/React-jsiexecutor -I/Users/tungstonlabs/Desktop/HealthApp-Mobile/ios/Pods/Headers/Public/React-jsinspector -I/Users/tungstonlabs/Desktop/HealthApp-Mobile/ios/Pods/Headers/Public/React-jsinspectorcdp -I/Users/tungstonlabs/Desktop/HealthApp-Mobile/ios/Pods/Headers/Public/React-jsinspectornetwork -I/Users/tungstonlabs/Desktop/HealthApp-Mobile/ios/Pods/Headers/Public/React-jsinspectortracing -I/Users/tungstonlabs/Desktop/HealthApp-Mobile/ios/Pods/Headers/Public/React-jsitooling -I/Users/tungstonlabs/Desktop/HealthApp-Mobile/ios/Pods/Headers/Public/React-logger -I/Users/tungstonlabs/Desktop/HealthApp-Mobile/ios/Pods/Headers/Public/React-microtasksnativemodule -I/Users/tungstonlabs/Desktop/HealthApp-Mobile/ios/Pods/Headers/Public/React-oscompat -I/Users/tungstonlabs/Desktop/HealthApp-Mobile/ios/Pods/Headers/Public/React-perflogger -I/Users/tungstonlabs/Desktop/HealthApp-Mobile/ios/Pods/Headers/Public/React-performancecdpmetrics -I/Users/tungstonlabs/Desktop/HealthApp-Mobile/ios/Pods/Headers/Public/React-performancetimeline -I/Users/tungstonlabs/Desktop/HealthApp-Mobile/ios/Pods/Headers/Public/React-rendererconsistency -I/Users/tungstonlabs/Desktop/HealthApp-Mobile/ios/Pods/Headers/Public/React-renderercss -I/Users/tungstonlabs/Desktop/HealthApp-Mobile/ios/Pods/Headers/Public/React-rendererdebug -I/Users/tungstonlabs/Desktop/HealthApp-Mobile/ios/Pods/Headers/Public/React-runtimeexecutor -I/Users/tungstonlabs/Desktop/HealthApp-Mobile/ios/Pods/Headers/Public/React-runtimescheduler -I/Users/tungstonlabs/Desktop/HealthApp-Mobile/ios/Pods/Headers/Public/React-timing -I/Users/tungstonlabs/Desktop/HealthApp-Mobile/ios/Pods/Headers/Public/React-utils -I/Users/tungstonlabs/Desktop/HealthApp-Mobile/ios/Pods/Headers/Public/React-webperformancenativemodule -I/Users/tungstonlabs/Desktop/HealthApp-Mobile/ios/Pods/Headers/Public/ReactCodegen -I/Users/tungstonlabs/Desktop/HealthApp-Mobile/ios/Pods/Headers/Public/ReactCommon -I/Users/tungstonlabs/Desktop/HealthApp-Mobile/ios/Pods/Headers/Public/SocketRocket -I/Users/tungstonlabs/Desktop/HealthApp-Mobile/ios/Pods/Headers/Public/Yoga -I/Users/tungstonlabs/Desktop/HealthApp-Mobile/ios/Pods/Headers/Public/boost -I/Users/tungstonlabs/Desktop/HealthApp-Mobile/ios/Pods/Headers/Public/fast_float -I/Users/tungstonlabs/Desktop/HealthApp-Mobile/ios/Pods/Headers/Public/fmt -I/Users/tungstonlabs/Desktop/HealthApp-Mobile/ios/Pods/Headers/Public/glog -I/Users/tungstonlabs/Desktop/HealthApp-Mobile/ios/Pods/Headers/Public/hermes-engine -I/Users/tungstonlabs/Desktop/HealthApp-Mobile/ios/Pods/Headers/Private/Yoga -I/Users/tungstonlabs/Desktop/HealthApp-Mobile/ios/Pods/Headers/Private/Yoga -I/Users/tungstonlabs/Desktop/HealthApp-Mobile/node_modules/react-native-svg/common/cpp -I/Users/tungstonlabs/Library/Developer/Xcode/DerivedData/HealthApp-fjgvhltvryzvlufiayyipuiynnzt/Build/Intermediates.noindex/Pods.build/Debug-iphoneos/RNSVG.build/DerivedSources-normal/arm64 -I/Users/tungstonlabs/Library/Developer/Xcode/DerivedData/HealthApp-fjgvhltvryzvlufiayyipuiynnzt/Build/Intermediates.noindex/Pods.build/Debug-iphoneos/RNSVG.build/DerivedSources/arm64 -I/Users/tungstonlabs/Library/Developer/Xcode/DerivedData/HealthApp-fjgvhltvryzvlufiayyipuiynnzt/Build/Intermediates.noindex/Pods.build/Debug-iphoneos/RNSVG.build/DerivedSources -F/Users/tungstonlabs/Library/Developer/Xcode/DerivedData/HealthApp-fjgvhltvryzvlufiayyipuiynnzt/Build/Products/Debug-iphoneos/RNSVG -F/Users/tungstonlabs/Desktop/HealthApp-Mobile/ios/Pods/hermes-engine/destroot/Library/Frameworks/universal -F/Users/tungstonlabs/Library/Developer/Xcode/DerivedData/HealthApp-fjgvhltvryzvlufiayyipuiynnzt/Build/Products/Debug-iphoneos/XCFrameworkIntermediates/hermes-engine/Pre-built '-fmodule-map-file=/Users/tungstonlabs/Desktop/HealthApp-Mobile/ios/Pods/Headers/Public/DoubleConversion/DoubleConversion.modulemap' '-fmodule-map-file=/Users/tungstonlabs/Desktop/HealthApp-Mobile/ios/Pods/Headers/Public/RCTDeprecation/RCTDeprecation.modulemap' '-fmodule-map-file=/Users/tungstonlabs/Desktop/HealthApp-Mobile/ios/Pods/Headers/Public/RCTFabric/React-RCTFabric.modulemap' '-fmodule-map-file=/Users/tungstonlabs/Desktop/HealthApp-Mobile/ios/Pods/Headers/Public/RCTImage/React-RCTImage.modulemap' '-fmodule-map-file=/Users/tungstonlabs/Desktop/HealthApp-Mobile/ios/Pods/Headers/Public/RCTRuntime/React-RCTRuntime.modulemap' '-fmodule-map-file=/Users/tungstonlabs/Desktop/HealthApp-Mobile/ios/Pods/Headers/Public/RCTTypeSafety/RCTTypeSafety.modulemap' '-fmodule-map-file=/Users/tungstonlabs/Desktop/HealthApp-Mobile/ios/Pods/Headers/Public/React/React-Core.modulemap' '-fmodule-map-file=/Users/tungstonlabs/Desktop/HealthApp-Mobile/ios/Pods/Headers/Public/ReactCodegen/ReactCodegen.modulemap' '-fmodule-map-file=/Users/tungstonlabs/Desktop/HealthApp-Mobile/ios/Pods/Headers/Public/ReactCommon/ReactCommon.modulemap' '-fmodule-map-file=/Users/tungstonlabs/Desktop/HealthApp-Mobile/ios/Pods/Headers/Public/React_Fabric/React-Fabric.modulemap' '-fmodule-map-file=/Users/tungstonlabs/Desktop/HealthApp-Mobile/ios/Pods/Headers/Public/React_FabricComponents/React-FabricComponents.modulemap' '-fmodule-map-file=/Users/tungstonlabs/Desktop/HealthApp-Mobile/ios/Pods/Headers/Public/React_NativeModulesApple/React-NativeModulesApple.modulemap' '-fmodule-map-file=/Users/tungstonlabs/Desktop/HealthApp-Mobile/ios/Pods/Headers/Public/React_RCTAppDelegate/React-RCTAppDelegate.modulemap' '-fmodule-map-file=/Users/tungstonlabs/Desktop/HealthApp-Mobile/ios/Pods/Headers/Public/React_runtimeexecutor/React-runtimeexecutor.modulemap' '-fmodule-map-file=/Users/tungstonlabs/Desktop/HealthApp-Mobile/ios/Pods/Headers/Public/SocketRocket/SocketRocket.modulemap' '-fmodule-map-file=/Users/tungstonlabs/Desktop/HealthApp-Mobile/ios/Pods/Headers/Public/fmt/fmt.modulemap' '-fmodule-map-file=/Users/tungstonlabs/Desktop/HealthApp-Mobile/ios/Pods/Headers/Public/folly/RCT-Folly.modulemap' '-fmodule-map-file=/Users/tungstonlabs/Desktop/HealthApp-Mobile/ios/Pods/Headers/Public/glog/glog.modulemap' '-fmodule-map-file=/Users/tungstonlabs/Desktop/HealthApp-Mobile/ios/Pods/Headers/Public/jsi/React-jsi.modulemap' '-fmodule-map-file=/Users/tungstonlabs/Desktop/HealthApp-Mobile/ios/Pods/Headers/Public/jsinspector_modern/React-jsinspector.modulemap' '-fmodule-map-file=/Users/tungstonlabs/Desktop/HealthApp-Mobile/ios/Pods/Headers/Public/jsinspector_modern_cdp/React-jsinspectorcdp.modulemap' '-fmodule-map-file=/Users/tungstonlabs/Desktop/HealthApp-Mobile/ios/Pods/Headers/Public/jsinspector_modern_network/React-jsinspectornetwork.modulemap' '-fmodule-map-file=/Users/tungstonlabs/Desktop/HealthApp-Mobile/ios/Pods/Headers/Public/jsinspector_modern_tracing/React-jsinspectortracing.modulemap' '-fmodule-map-file=/Users/tungstonlabs/Desktop/HealthApp-Mobile/ios/Pods/Headers/Public/react_debug/React-debug.modulemap' '-fmodule-map-file=/Users/tungstonlabs/Desktop/HealthApp-Mobile/ios/Pods/Headers/Public/react_featureflags/React-featureflags.modulemap' '-fmodule-map-file=/Users/tungstonlabs/Desktop/HealthApp-Mobile/ios/Pods/Headers/Public/react_nativemodule_defaults/React-defaultsnativemodule.modulemap' '-fmodule-map-file=/Users/tungstonlabs/Desktop/HealthApp-Mobile/ios/Pods/Headers/Public/react_nativemodule_dom/React-domnativemodule.modulemap' '-fmodule-map-file=/Users/tungstonlabs/Desktop/HealthApp-Mobile/ios/Pods/Headers/Public/react_nativemodule_featureflags/React-featureflagsnativemodule.modulemap' '-fmodule-map-file=/Users/tungstonlabs/Desktop/HealthApp-Mobile/ios/Pods/Headers/Public/react_nativemodule_idlecallbacks/React-idlecallbacksnativemodule.modulemap' '-fmodule-map-file=/Users/tungstonlabs/Desktop/HealthApp-Mobile/ios/Pods/Headers/Public/react_nativemodule_microtasks/React-microtasksnativemodule.modulemap' '-fmodule-map-file=/Users/tungstonlabs/Desktop/HealthApp-Mobile/ios/Pods/Headers/Public/react_nativemodule_webperformance/React-webperformancenativemodule.modulemap' '-fmodule-map-file=/Users/tungstonlabs/Desktop/HealthApp-Mobile/ios/Pods/Headers/Public/react_renderer_css/React-renderercss.modulemap' '-fmodule-map-file=/Users/tungstonlabs/Desktop/HealthApp-Mobile/ios/Pods/Headers/Public/react_renderer_debug/React-rendererdebug.modulemap' '-fmodule-map-file=/Users/tungstonlabs/Desktop/HealthApp-Mobile/ios/Pods/Headers/Public/react_renderer_graphics/React-graphics.modulemap' '-fmodule-map-file=/Users/tungstonlabs/Desktop/HealthApp-Mobile/ios/Pods/Headers/Public/react_renderer_imagemanager/React-ImageManager.modulemap' '-fmodule-map-file=/Users/tungstonlabs/Desktop/HealthApp-Mobile/ios/Pods/Headers/Public/react_runtime/React-jsitooling.modulemap' '-fmodule-map-file=/Users/tungstonlabs/Desktop/HealthApp-Mobile/ios/Pods/Headers/Public/react_utils/React-utils.modulemap' '-fmodule-map-file=/Users/tungstonlabs/Desktop/HealthApp-Mobile/ios/Pods/Headers/Public/reacthermes/React-hermes.modulemap' '-fmodule-map-file=/Users/tungstonlabs/Desktop/HealthApp-Mobile/ios/Pods/Headers/Public/yoga/Yoga.modulemap' '-DREACT_NATIVE_MINOR_VERSION=82' '-DRCT_NEW_ARCH_ENABLED=1'

WriteAuxiliaryFile /Users/tungstonlabs/Library/Developer/Xcode/DerivedData/HealthApp-fjgvhltvryzvlufiayyipuiynnzt/Build/Intermediates.noindex/Pods.build/Debug-iphoneos/RNReanimated.build/RNReanimated.hmap (in target 'RNReanimated' from project 'Pods')
    cd /Users/tungstonlabs/Desktop/HealthApp-Mobile/ios/Pods
    write-file /Users/tungstonlabs/Library/Developer/Xcode/DerivedData/HealthApp-fjgvhltvryzvlufiayyipuiynnzt/Build/Intermediates.noindex/Pods.build/Debug-iphoneos/RNReanimated.build/RNReanimated.hmap

WriteAuxiliaryFile /Users/tungstonlabs/Library/Developer/Xcode/DerivedData/HealthApp-fjgvhltvryzvlufiayyipuiynnzt/Build/Intermediates.noindex/Pods.build/Debug-iphoneos/RNReanimated.build/RNReanimated.DependencyStaticMetadataFileList (in target 'RNReanimated' from project 'Pods')
    cd /Users/tungstonlabs/Desktop/HealthApp-Mobile/ios/Pods
    write-file /Users/tungstonlabs/Library/Developer/Xcode/DerivedData/HealthApp-fjgvhltvryzvlufiayyipuiynnzt/Build/Intermediates.noindex/Pods.build/Debug-iphoneos/RNReanimated.build/RNReanimated.DependencyStaticMetadataFileList

WriteAuxiliaryFile /Users/tungstonlabs/Library/Developer/Xcode/DerivedData/HealthApp-fjgvhltvryzvlufiayyipuiynnzt/Build/Intermediates.noindex/Pods.build/Debug-iphoneos/RNReanimated.build/RNReanimated.DependencyMetadataFileList (in target 'RNReanimated' from project 'Pods')
    cd /Users/tungstonlabs/Desktop/HealthApp-Mobile/ios/Pods
    write-file /Users/tungstonlabs/Library/Developer/Xcode/DerivedData/HealthApp-fjgvhltvryzvlufiayyipuiynnzt/Build/Intermediates.noindex/Pods.build/Debug-iphoneos/RNReanimated.build/RNReanimated.DependencyMetadataFileList

WriteAuxiliaryFile /Users/tungstonlabs/Library/Developer/Xcode/DerivedData/HealthApp-fjgvhltvryzvlufiayyipuiynnzt/Build/Intermediates.noindex/Pods.build/Debug-iphoneos/RNReanimated.build/RNReanimated-project-headers.hmap (in target 'RNReanimated' from project 'Pods')
    cd /Users/tungstonlabs/Desktop/HealthApp-Mobile/ios/Pods
    write-file /Users/tungstonlabs/Library/Developer/Xcode/DerivedData/HealthApp-fjgvhltvryzvlufiayyipuiynnzt/Build/Intermediates.noindex/Pods.build/Debug-iphoneos/RNReanimated.build/RNReanimated-project-headers.hmap

WriteAuxiliaryFile /Users/tungstonlabs/Library/Developer/Xcode/DerivedData/HealthApp-fjgvhltvryzvlufiayyipuiynnzt/Build/Intermediates.noindex/Pods.build/Debug-iphoneos/RNReanimated.build/RNReanimated-own-target-headers.hmap (in target 'RNReanimated' from project 'Pods')
    cd /Users/tungstonlabs/Desktop/HealthApp-Mobile/ios/Pods
    write-file /Users/tungstonlabs/Library/Developer/Xcode/DerivedData/HealthApp-fjgvhltvryzvlufiayyipuiynnzt/Build/Intermediates.noindex/Pods.build/Debug-iphoneos/RNReanimated.build/RNReanimated-own-target-headers.hmap

WriteAuxiliaryFile /Users/tungstonlabs/Library/Developer/Xcode/DerivedData/HealthApp-fjgvhltvryzvlufiayyipuiynnzt/Build/Intermediates.noindex/Pods.build/Debug-iphoneos/RNReanimated.build/RNReanimated-generated-files.hmap (in target 'RNReanimated' from project 'Pods')
    cd /Users/tungstonlabs/Desktop/HealthApp-Mobile/ios/Pods
    write-file /Users/tungstonlabs/Library/Developer/Xcode/DerivedData/HealthApp-fjgvhltvryzvlufiayyipuiynnzt/Build/Intermediates.noindex/Pods.build/Debug-iphoneos/RNReanimated.build/RNReanimated-generated-files.hmap

WriteAuxiliaryFile /Users/tungstonlabs/Library/Developer/Xcode/DerivedData/HealthApp-fjgvhltvryzvlufiayyipuiynnzt/Build/Intermediates.noindex/Pods.build/Debug-iphoneos/RNReanimated.build/RNReanimated-all-target-headers.hmap (in target 'RNReanimated' from project 'Pods')
    cd /Users/tungstonlabs/Desktop/HealthApp-Mobile/ios/Pods
    write-file /Users/tungstonlabs/Library/Developer/Xcode/DerivedData/HealthApp-fjgvhltvryzvlufiayyipuiynnzt/Build/Intermediates.noindex/Pods.build/Debug-iphoneos/RNReanimated.build/RNReanimated-all-target-headers.hmap

WriteAuxiliaryFile /Users/tungstonlabs/Library/Developer/Xcode/DerivedData/HealthApp-fjgvhltvryzvlufiayyipuiynnzt/Build/Intermediates.noindex/Pods.build/Debug-iphoneos/RNReanimated.build/RNReanimated-all-non-framework-target-headers.hmap (in target 'RNReanimated' from project 'Pods')
    cd /Users/tungstonlabs/Desktop/HealthApp-Mobile/ios/Pods
    write-file /Users/tungstonlabs/Library/Developer/Xcode/DerivedData/HealthApp-fjgvhltvryzvlufiayyipuiynnzt/Build/Intermediates.noindex/Pods.build/Debug-iphoneos/RNReanimated.build/RNReanimated-all-non-framework-target-headers.hmap

WriteAuxiliaryFile /Users/tungstonlabs/Library/Developer/Xcode/DerivedData/HealthApp-fjgvhltvryzvlufiayyipuiynnzt/Build/Intermediates.noindex/Pods.build/Debug-iphoneos/RNReanimated.build/Objects-normal/arm64/e6072d4f65d7061329687fe24e3d63a7-common-args.resp (in target 'RNReanimated' from project 'Pods')
    cd /Users/tungstonlabs/Desktop/HealthApp-Mobile/ios/Pods
    write-file /Users/tungstonlabs/Library/Developer/Xcode/DerivedData/HealthApp-fjgvhltvryzvlufiayyipuiynnzt/Build/Intermediates.noindex/Pods.build/Debug-iphoneos/RNReanimated.build/Objects-normal/arm64/e6072d4f65d7061329687fe24e3d63a7-common-args.resp
'-std=gnu11' -fobjc-arc -fmodules '-fmodules-cache-path=/Users/tungstonlabs/Library/Developer/Xcode/DerivedData/ModuleCache.noindex' '-fmodule-name=RNReanimated' -fpascal-strings -O0 -fno-common '-DPOD_CONFIGURATION_DEBUG=1' '-DDEBUG=1' '-DCOCOAPODS=1' '-DOBJC_OLD_DISPATCH_PROTOTYPES=0' -g -iquote /Users/tungstonlabs/Library/Developer/Xcode/DerivedData/HealthApp-fjgvhltvryzvlufiayyipuiynnzt/Build/Intermediates.noindex/Pods.build/Debug-iphoneos/RNReanimated.build/RNReanimated-generated-files.hmap -I/Users/tungstonlabs/Library/Developer/Xcode/DerivedData/HealthApp-fjgvhltvryzvlufiayyipuiynnzt/Build/Intermediates.noindex/Pods.build/Debug-iphoneos/RNReanimated.build/RNReanimated-own-target-headers.hmap -I/Users/tungstonlabs/Library/Developer/Xcode/DerivedData/HealthApp-fjgvhltvryzvlufiayyipuiynnzt/Build/Intermediates.noindex/Pods.build/Debug-iphoneos/RNReanimated.build/RNReanimated-all-non-framework-target-headers.hmap -ivfsoverlay /Users/tungstonlabs/Library/Developer/Xcode/DerivedData/HealthApp-fjgvhltvryzvlufiayyipuiynnzt/Build/Intermediates.noindex/Pods.build/Debug-iphoneos/Pods-8699adb1dd336b26511df848a716bd42-VFS-iphoneos/all-product-headers.yaml -iquote /Users/tungstonlabs/Library/Developer/Xcode/DerivedData/HealthApp-fjgvhltvryzvlufiayyipuiynnzt/Build/Intermediates.noindex/Pods.build/Debug-iphoneos/RNReanimated.build/RNReanimated-project-headers.hmap -I/Users/tungstonlabs/Library/Developer/Xcode/DerivedData/HealthApp-fjgvhltvryzvlufiayyipuiynnzt/Build/Products/Debug-iphoneos/RNReanimated/include -I/Users/tungstonlabs/Desktop/HealthApp-Mobile/ios/Pods/Headers/Private -I/Users/tungstonlabs/Desktop/HealthApp-Mobile/ios/Pods/Headers/Private/RNReanimated -I/Users/tungstonlabs/Desktop/HealthApp-Mobile/ios/Pods/Headers/Public -I/Users/tungstonlabs/Desktop/HealthApp-Mobile/ios/Pods/Headers/Public/DoubleConversion -I/Users/tungstonlabs/Desktop/HealthApp-Mobile/ios/Pods/Headers/Public/FBLazyVector -I/Users/tungstonlabs/Desktop/HealthApp-Mobile/ios/Pods/Headers/Public/RCT-Folly -I/Users/tungstonlabs/Desktop/HealthApp-Mobile/ios/Pods/Headers/Public/RCTRequired -I/Users/tungstonlabs/Desktop/HealthApp-Mobile/ios/Pods/Headers/Public/RCTTypeSafety -I/Users/tungstonlabs/Desktop/HealthApp-Mobile/ios/Pods/Headers/Public/RNReanimated -I/Users/tungstonlabs/Desktop/HealthApp-Mobile/ios/Pods/Headers/Public/RNWorklets -I/Users/tungstonlabs/Desktop/HealthApp-Mobile/ios/Pods/Headers/Public/React-Core -I/Users/tungstonlabs/Desktop/HealthApp-Mobile/ios/Pods/Headers/Public/React-Fabric -I/Users/tungstonlabs/Desktop/HealthApp-Mobile/ios/Pods/Headers/Public/React-FabricComponents -I/Users/tungstonlabs/Desktop/HealthApp-Mobile/ios/Pods/Headers/Public/React-FabricImage -I/Users/tungstonlabs/Desktop/HealthApp-Mobile/ios/Pods/Headers/Public/React-ImageManager -I/Users/tungstonlabs/Desktop/HealthApp-Mobile/ios/Pods/Headers/Public/React-Mapbuffer -I/Users/tungstonlabs/Desktop/HealthApp-Mobile/ios/Pods/Headers/Public/React-NativeModulesApple -I/Users/tungstonlabs/Desktop/HealthApp-Mobile/ios/Pods/Headers/Public/React-RCTAnimation -I/Users/tungstonlabs/Desktop/HealthApp-Mobile/ios/Pods/Headers/Public/React-RCTBlob -I/Users/tungstonlabs/Desktop/HealthApp-Mobile/ios/Pods/Headers/Public/React-RCTFBReactNativeSpec -I/Users/tungstonlabs/Desktop/HealthApp-Mobile/ios/Pods/Headers/Public/React-RCTFabric -I/Users/tungstonlabs/Desktop/HealthApp-Mobile/ios/Pods/Headers/Public/React-RCTRuntime -I/Users/tungstonlabs/Desktop/HealthApp-Mobile/ios/Pods/Headers/Public/React-RCTText -I/Users/tungstonlabs/Desktop/HealthApp-Mobile/ios/Pods/Headers/Public/React-RuntimeApple -I/Users/tungstonlabs/Desktop/HealthApp-Mobile/ios/Pods/Headers/Public/React-RuntimeCore -I/Users/tungstonlabs/Desktop/HealthApp-Mobile/ios/Pods/Headers/Public/React-RuntimeHermes -I/Users/tungstonlabs/Desktop/HealthApp-Mobile/ios/Pods/Headers/Public/React-callinvoker -I/Users/tungstonlabs/Desktop/HealthApp-Mobile/ios/Pods/Headers/Public/React-cxxreact -I/Users/tungstonlabs/Desktop/HealthApp-Mobile/ios/Pods/Headers/Public/React-debug -I/Users/tungstonlabs/Desktop/HealthApp-Mobile/ios/Pods/Headers/Public/React-defaultsnativemodule -I/Users/tungstonlabs/Desktop/HealthApp-Mobile/ios/Pods/Headers/Public/React-domnativemodule -I/Users/tungstonlabs/Desktop/HealthApp-Mobile/ios/Pods/Headers/Public/React-featureflags -I/Users/tungstonlabs/Desktop/HealthApp-Mobile/ios/Pods/Headers/Public/React-featureflagsnativemodule -I/Users/tungstonlabs/Desktop/HealthApp-Mobile/ios/Pods/Headers/Public/React-graphics -I/Users/tungstonlabs/Desktop/HealthApp-Mobile/ios/Pods/Headers/Public/React-hermes -I/Users/tungstonlabs/Desktop/HealthApp-Mobile/ios/Pods/Headers/Public/React-idlecallbacksnativemodule -I/Users/tungstonlabs/Desktop/HealthApp-Mobile/ios/Pods/Headers/Public/React-jserrorhandler -I/Users/tungstonlabs/Desktop/HealthApp-Mobile/ios/Pods/Headers/Public/React-jsi -I/Users/tungstonlabs/Desktop/HealthApp-Mobile/ios/Pods/Headers/Public/React-jsiexecutor -I/Users/tungstonlabs/Desktop/HealthApp-Mobile/ios/Pods/Headers/Public/React-jsinspector -I/Users/tungstonlabs/Desktop/HealthApp-Mobile/ios/Pods/Headers/Public/React-jsinspectorcdp -I/Users/tungstonlabs/Desktop/HealthApp-Mobile/ios/Pods/Headers/Public/React-jsinspectornetwork -I/Users/tungstonlabs/Desktop/HealthApp-Mobile/ios/Pods/Headers/Public/React-jsinspectortracing -I/Users/tungstonlabs/Desktop/HealthApp-Mobile/ios/Pods/Headers/Public/React-jsitooling -I/Users/tungstonlabs/Desktop/HealthApp-Mobile/ios/Pods/Headers/Public/React-logger -I/Users/tungstonlabs/Desktop/HealthApp-Mobile/ios/Pods/Headers/Public/React-microtasksnativemodule -I/Users/tungstonlabs/Desktop/HealthApp-Mobile/ios/Pods/Headers/Public/React-oscompat -I/Users/tungstonlabs/Desktop/HealthApp-Mobile/ios/Pods/Headers/Public/React-perflogger -I/Users/tungstonlabs/Desktop/HealthApp-Mobile/ios/Pods/Headers/Public/React-performancecdpmetrics -I/Users/tungstonlabs/Desktop/HealthApp-Mobile/ios/Pods/Headers/Public/React-performancetimeline -I/Users/tungstonlabs/Desktop/HealthApp-Mobile/ios/Pods/Headers/Public/React-rendererconsistency -I/Users/tungstonlabs/Desktop/HealthApp-Mobile/ios/Pods/Headers/Public/React-renderercss -I/Users/tungstonlabs/Desktop/HealthApp-Mobile/ios/Pods/Headers/Public/React-rendererdebug -I/Users/tungstonlabs/Desktop/HealthApp-Mobile/ios/Pods/Headers/Public/React-runtimeexecutor -I/Users/tungstonlabs/Desktop/HealthApp-Mobile/ios/Pods/Headers/Public/React-runtimescheduler -I/Users/tungstonlabs/Desktop/HealthApp-Mobile/ios/Pods/Headers/Public/React-timing -I/Users/tungstonlabs/Desktop/HealthApp-Mobile/ios/Pods/Headers/Public/React-utils -I/Users/tungstonlabs/Desktop/HealthApp-Mobile/ios/Pods/Headers/Public/React-webperformancenativemodule -I/Users/tungstonlabs/Desktop/HealthApp-Mobile/ios/Pods/Headers/Public/ReactCodegen -I/Users/tungstonlabs/Desktop/HealthApp-Mobile/ios/Pods/Headers/Public/ReactCommon -I/Users/tungstonlabs/Desktop/HealthApp-Mobile/ios/Pods/Headers/Public/Yoga -I/Users/tungstonlabs/Desktop/HealthApp-Mobile/ios/Pods/Headers/Public/boost -I/Users/tungstonlabs/Desktop/HealthApp-Mobile/ios/Pods/Headers/Public/fast_float -I/Users/tungstonlabs/Desktop/HealthApp-Mobile/ios/Pods/Headers/Public/fmt -I/Users/tungstonlabs/Desktop/HealthApp-Mobile/ios/Pods/Headers/Public/glog -I/Users/tungstonlabs/Desktop/HealthApp-Mobile/ios/Pods/Headers/Public/hermes-engine -I/Users/tungstonlabs/Desktop/HealthApp-Mobile/ios/Pods/boost -I/Users/tungstonlabs/Desktop/HealthApp-Mobile/ios/Pods/boost-for-react-native -I/Users/tungstonlabs/Desktop/HealthApp-Mobile/ios/Pods/glog -I/Users/tungstonlabs/Desktop/HealthApp-Mobile/ios/Pods/RCT-Folly -I/Users/tungstonlabs/Desktop/HealthApp-Mobile/ios/Pods/Headers/Public/React-hermes -I/Users/tungstonlabs/Desktop/HealthApp-Mobile/ios/Pods/Headers/Public/hermes-engine -I/Users/tungstonlabs/Desktop/HealthApp-Mobile/ios/Pods/Headers/Public/RNWorklets -I/Users/tungstonlabs/Desktop/HealthApp-Mobile/node_modules/react-native/ReactCommon -I/Users/tungstonlabs/Desktop/HealthApp-Mobile/node_modules/react-native-reanimated/apple -I/Users/tungstonlabs/Desktop/HealthApp-Mobile/node_modules/react-native-reanimated/Common/cpp -I/Users/tungstonlabs/Desktop/HealthApp-Mobile/node_modules/react-native-reanimated/Common/NativeView -I/Users/tungstonlabs/Desktop/HealthApp-Mobile/node_modules/react-native-worklets/apple -I/Users/tungstonlabs/Desktop/HealthApp-Mobile/node_modules/react-native-worklets/Common/cpp -I/Users/tungstonlabs/Desktop/HealthApp-Mobile/node_modules/react-native-reanimated/ReactCommon -I/Users/tungstonlabs/Desktop/HealthApp-Mobile/node_modules/react-native-reanimated -I/Users/tungstonlabs/Desktop/HealthApp-Mobile/ios/Pods/RCT-Folly -I/Users/tungstonlabs/Desktop/HealthApp-Mobile/ios/Pods/boost -I/Users/tungstonlabs/Desktop/HealthApp-Mobile/ios/Pods/boost-for-react-native -I/Users/tungstonlabs/Desktop/HealthApp-Mobile/ios/Pods/DoubleConversion -I/Users/tungstonlabs/Desktop/HealthApp-Mobile/ios/Pods/Headers/Private/React-Core -I/Users/tungstonlabs/Desktop/HealthApp-Mobile/ios/Pods/Headers/Private/Yoga -I/Users/tungstonlabs/Desktop/HealthApp-Mobile/ios/Pods/Headers/Public/RNWorklets -I/Users/tungstonlabs/Desktop/HealthApp-Mobile/ios/Pods/Headers/Private/Yoga -I/Users/tungstonlabs/Desktop/HealthApp-Mobile/ios/Pods/glog -I/Users/tungstonlabs/Desktop/HealthApp-Mobile/ios/Pods/boost -I/Users/tungstonlabs/Desktop/HealthApp-Mobile/ios/Pods/DoubleConversion -I/Users/tungstonlabs/Desktop/HealthApp-Mobile/ios/Pods/fast_float/include -I/Users/tungstonlabs/Desktop/HealthApp-Mobile/ios/Pods/fmt/include -I/Users/tungstonlabs/Desktop/HealthApp-Mobile/ios/Pods/SocketRocket -I/Users/tungstonlabs/Desktop/HealthApp-Mobile/ios/Pods/RCT-Folly -I/Users/tungstonlabs/Library/Developer/Xcode/DerivedData/HealthApp-fjgvhltvryzvlufiayyipuiynnzt/Build/Intermediates.noindex/Pods.build/Debug-iphoneos/RNReanimated.build/DerivedSources-normal/arm64 -I/Users/tungstonlabs/Library/Developer/Xcode/DerivedData/HealthApp-fjgvhltvryzvlufiayyipuiynnzt/Build/Intermediates.noindex/Pods.build/Debug-iphoneos/RNReanimated.build/DerivedSources/arm64 -I/Users/tungstonlabs/Library/Developer/Xcode/DerivedData/HealthApp-fjgvhltvryzvlufiayyipuiynnzt/Build/Intermediates.noindex/Pods.build/Debug-iphoneos/RNReanimated.build/DerivedSources -F/Users/tungstonlabs/Library/Developer/Xcode/DerivedData/HealthApp-fjgvhltvryzvlufiayyipuiynnzt/Build/Products/Debug-iphoneos/RNReanimated -F/Users/tungstonlabs/Desktop/HealthApp-Mobile/ios/Pods/hermes-engine/destroot/Library/Frameworks/universal -F/Users/tungstonlabs/Library/Developer/Xcode/DerivedData/HealthApp-fjgvhltvryzvlufiayyipuiynnzt/Build/Products/Debug-iphoneos/XCFrameworkIntermediates/hermes-engine/Pre-built -F/Users/tungstonlabs/Library/Developer/Xcode/DerivedData/HealthApp-fjgvhltvryzvlufiayyipuiynnzt/Build/Products/Debug-iphoneos/React-hermes '-fmodule-map-file=/Users/tungstonlabs/Desktop/HealthApp-Mobile/ios/Pods/Headers/Public/DoubleConversion/DoubleConversion.modulemap' '-fmodule-map-file=/Users/tungstonlabs/Desktop/HealthApp-Mobile/ios/Pods/Headers/Public/RCTDeprecation/RCTDeprecation.modulemap' '-fmodule-map-file=/Users/tungstonlabs/Desktop/HealthApp-Mobile/ios/Pods/Headers/Public/RCTFabric/React-RCTFabric.modulemap' '-fmodule-map-file=/Users/tungstonlabs/Desktop/HealthApp-Mobile/ios/Pods/Headers/Public/RCTImage/React-RCTImage.modulemap' '-fmodule-map-file=/Users/tungstonlabs/Desktop/HealthApp-Mobile/ios/Pods/Headers/Public/RCTRuntime/React-RCTRuntime.modulemap' '-fmodule-map-file=/Users/tungstonlabs/Desktop/HealthApp-Mobile/ios/Pods/Headers/Public/RCTTypeSafety/RCTTypeSafety.modulemap' '-fmodule-map-file=/Users/tungstonlabs/Desktop/HealthApp-Mobile/ios/Pods/Headers/Public/RNWorklets/RNWorklets.modulemap' '-fmodule-map-file=/Users/tungstonlabs/Desktop/HealthApp-Mobile/ios/Pods/Headers/Public/React/React-Core.modulemap' '-fmodule-map-file=/Users/tungstonlabs/Desktop/HealthApp-Mobile/ios/Pods/Headers/Public/ReactCodegen/ReactCodegen.modulemap' '-fmodule-map-file=/Users/tungstonlabs/Desktop/HealthApp-Mobile/ios/Pods/Headers/Public/ReactCommon/ReactCommon.modulemap' '-fmodule-map-file=/Users/tungstonlabs/Desktop/HealthApp-Mobile/ios/Pods/Headers/Public/React_Fabric/React-Fabric.modulemap' '-fmodule-map-file=/Users/tungstonlabs/Desktop/HealthApp-Mobile/ios/Pods/Headers/Public/React_FabricComponents/React-FabricComponents.modulemap' '-fmodule-map-file=/Users/tungstonlabs/Desktop/HealthApp-Mobile/ios/Pods/Headers/Public/React_NativeModulesApple/React-NativeModulesApple.modulemap' '-fmodule-map-file=/Users/tungstonlabs/Desktop/HealthApp-Mobile/ios/Pods/Headers/Public/React_RCTAppDelegate/React-RCTAppDelegate.modulemap' '-fmodule-map-file=/Users/tungstonlabs/Desktop/HealthApp-Mobile/ios/Pods/Headers/Public/React_runtimeexecutor/React-runtimeexecutor.modulemap' '-fmodule-map-file=/Users/tungstonlabs/Desktop/HealthApp-Mobile/ios/Pods/Headers/Public/SocketRocket/SocketRocket.modulemap' '-fmodule-map-file=/Users/tungstonlabs/Desktop/HealthApp-Mobile/ios/Pods/Headers/Public/fmt/fmt.modulemap' '-fmodule-map-file=/Users/tungstonlabs/Desktop/HealthApp-Mobile/ios/Pods/Headers/Public/folly/RCT-Folly.modulemap' '-fmodule-map-file=/Users/tungstonlabs/Desktop/HealthApp-Mobile/ios/Pods/Headers/Public/glog/glog.modulemap' '-fmodule-map-file=/Users/tungstonlabs/Desktop/HealthApp-Mobile/ios/Pods/Headers/Public/jsi/React-jsi.modulemap' '-fmodule-map-file=/Users/tungstonlabs/Desktop/HealthApp-Mobile/ios/Pods/Headers/Public/jsinspector_modern/React-jsinspector.modulemap' '-fmodule-map-file=/Users/tungstonlabs/Desktop/HealthApp-Mobile/ios/Pods/Headers/Public/jsinspector_modern_cdp/React-jsinspectorcdp.modulemap' '-fmodule-map-file=/Users/tungstonlabs/Desktop/HealthApp-Mobile/ios/Pods/Headers/Public/jsinspector_modern_network/React-jsinspectornetwork.modulemap' '-fmodule-map-file=/Users/tungstonlabs/Desktop/HealthApp-Mobile/ios/Pods/Headers/Public/jsinspector_modern_tracing/React-jsinspectortracing.modulemap' '-fmodule-map-file=/Users/tungstonlabs/Desktop/HealthApp-Mobile/ios/Pods/Headers/Public/react_debug/React-debug.modulemap' '-fmodule-map-file=/Users/tungstonlabs/Desktop/HealthApp-Mobile/ios/Pods/Headers/Public/react_featureflags/React-featureflags.modulemap' '-fmodule-map-file=/Users/tungstonlabs/Desktop/HealthApp-Mobile/ios/Pods/Headers/Public/react_nativemodule_defaults/React-defaultsnativemodule.modulemap' '-fmodule-map-file=/Users/tungstonlabs/Desktop/HealthApp-Mobile/ios/Pods/Headers/Public/react_nativemodule_dom/React-domnativemodule.modulemap' '-fmodule-map-file=/Users/tungstonlabs/Desktop/HealthApp-Mobile/ios/Pods/Headers/Public/react_nativemodule_featureflags/React-featureflagsnativemodule.modulemap' '-fmodule-map-file=/Users/tungstonlabs/Desktop/HealthApp-Mobile/ios/Pods/Headers/Public/react_nativemodule_idlecallbacks/React-idlecallbacksnativemodule.modulemap' '-fmodule-map-file=/Users/tungstonlabs/Desktop/HealthApp-Mobile/ios/Pods/Headers/Public/react_nativemodule_microtasks/React-microtasksnativemodule.modulemap' '-fmodule-map-file=/Users/tungstonlabs/Desktop/HealthApp-Mobile/ios/Pods/Headers/Public/react_nativemodule_webperformance/React-webperformancenativemodule.modulemap' '-fmodule-map-file=/Users/tungstonlabs/Desktop/HealthApp-Mobile/ios/Pods/Headers/Public/react_renderer_css/React-renderercss.modulemap' '-fmodule-map-file=/Users/tungstonlabs/Desktop/HealthApp-Mobile/ios/Pods/Headers/Public/react_renderer_debug/React-rendererdebug.modulemap' '-fmodule-map-file=/Users/tungstonlabs/Desktop/HealthApp-Mobile/ios/Pods/Headers/Public/react_renderer_graphics/React-graphics.modulemap' '-fmodule-map-file=/Users/tungstonlabs/Desktop/HealthApp-Mobile/ios/Pods/Headers/Public/react_renderer_imagemanager/React-ImageManager.modulemap' '-fmodule-map-file=/Users/tungstonlabs/Desktop/HealthApp-Mobile/ios/Pods/Headers/Public/react_runtime/React-jsitooling.modulemap' '-fmodule-map-file=/Users/tungstonlabs/Desktop/HealthApp-Mobile/ios/Pods/Headers/Public/react_utils/React-utils.modulemap' '-fmodule-map-file=/Users/tungstonlabs/Desktop/HealthApp-Mobile/ios/Pods/Headers/Public/reacthermes/React-hermes.modulemap' '-fmodule-map-file=/Users/tungstonlabs/Desktop/HealthApp-Mobile/ios/Pods/Headers/Public/yoga/Yoga.modulemap' '-DREACT_NATIVE_MINOR_VERSION=82' '-DREANIMATED_VERSION=4.2.1' '-DREANIMATED_FEATURE_FLAGS=[RUNTIME_TEST_FLAG:false][DISABLE_COMMIT_PAUSING_MECHANISM:false][ANDROID_SYNCHRONOUSLY_UPDATE_UI_PROPS:false][IOS_SYNCHRONOUSLY_UPDATE_UI_PROPS:false][EXPERIMENTAL_CSS_ANIMATIONS_FOR_SVG_COMPONENTS:false][USE_SYNCHRONIZABLE_FOR_MUTABLES:false][USE_COMMIT_HOOK_ONLY_FOR_REACT_COMMITS:false][ENABLE_SHARED_ELEMENT_TRANSITIONS:false][FORCE_REACT_RENDER_FOR_SETTLED_ANIMATIONS:false]'

WriteAuxiliaryFile /Users/tungstonlabs/Library/Developer/Xcode/DerivedData/HealthApp-fjgvhltvryzvlufiayyipuiynnzt/Build/Intermediates.noindex/Pods.build/Debug-iphoneos/RNReanimated.build/Objects-normal/arm64/af3fcb34312c57c0f52879cdce924b91-common-args.resp (in target 'RNReanimated' from project 'Pods')
    cd /Users/tungstonlabs/Desktop/HealthApp-Mobile/ios/Pods
    write-file /Users/tungstonlabs/Library/Developer/Xcode/DerivedData/HealthApp-fjgvhltvryzvlufiayyipuiynnzt/Build/Intermediates.noindex/Pods.build/Debug-iphoneos/RNReanimated.build/Objects-normal/arm64/af3fcb34312c57c0f52879cdce924b91-common-args.resp
'-std=c++20' '-stdlib=libc++' -fobjc-arc -fmodules -fno-cxx-modules '-fmodules-cache-path=/Users/tungstonlabs/Library/Developer/Xcode/DerivedData/ModuleCache.noindex' '-fmodule-name=RNReanimated' '-D_LIBCPP_HARDENING_MODE=_LIBCPP_HARDENING_MODE_DEBUG' -fpascal-strings -O0 -fno-common '-DPOD_CONFIGURATION_DEBUG=1' '-DDEBUG=1' '-DCOCOAPODS=1' '-DOBJC_OLD_DISPATCH_PROTOTYPES=0' -g -iquote /Users/tungstonlabs/Library/Developer/Xcode/DerivedData/HealthApp-fjgvhltvryzvlufiayyipuiynnzt/Build/Intermediates.noindex/Pods.build/Debug-iphoneos/RNReanimated.build/RNReanimated-generated-files.hmap -I/Users/tungstonlabs/Library/Developer/Xcode/DerivedData/HealthApp-fjgvhltvryzvlufiayyipuiynnzt/Build/Intermediates.noindex/Pods.build/Debug-iphoneos/RNReanimated.build/RNReanimated-own-target-headers.hmap -I/Users/tungstonlabs/Library/Developer/Xcode/DerivedData/HealthApp-fjgvhltvryzvlufiayyipuiynnzt/Build/Intermediates.noindex/Pods.build/Debug-iphoneos/RNReanimated.build/RNReanimated-all-non-framework-target-headers.hmap -ivfsoverlay /Users/tungstonlabs/Library/Developer/Xcode/DerivedData/HealthApp-fjgvhltvryzvlufiayyipuiynnzt/Build/Intermediates.noindex/Pods.build/Debug-iphoneos/Pods-8699adb1dd336b26511df848a716bd42-VFS-iphoneos/all-product-headers.yaml -iquote /Users/tungstonlabs/Library/Developer/Xcode/DerivedData/HealthApp-fjgvhltvryzvlufiayyipuiynnzt/Build/Intermediates.noindex/Pods.build/Debug-iphoneos/RNReanimated.build/RNReanimated-project-headers.hmap -I/Users/tungstonlabs/Library/Developer/Xcode/DerivedData/HealthApp-fjgvhltvryzvlufiayyipuiynnzt/Build/Products/Debug-iphoneos/RNReanimated/include -I/Users/tungstonlabs/Desktop/HealthApp-Mobile/ios/Pods/Headers/Private -I/Users/tungstonlabs/Desktop/HealthApp-Mobile/ios/Pods/Headers/Private/RNReanimated -I/Users/tungstonlabs/Desktop/HealthApp-Mobile/ios/Pods/Headers/Public -I/Users/tungstonlabs/Desktop/HealthApp-Mobile/ios/Pods/Headers/Public/DoubleConversion -I/Users/tungstonlabs/Desktop/HealthApp-Mobile/ios/Pods/Headers/Public/FBLazyVector -I/Users/tungstonlabs/Desktop/HealthApp-Mobile/ios/Pods/Headers/Public/RCT-Folly -I/Users/tungstonlabs/Desktop/HealthApp-Mobile/ios/Pods/Headers/Public/RCTRequired -I/Users/tungstonlabs/Desktop/HealthApp-Mobile/ios/Pods/Headers/Public/RCTTypeSafety -I/Users/tungstonlabs/Desktop/HealthApp-Mobile/ios/Pods/Headers/Public/RNReanimated -I/Users/tungstonlabs/Desktop/HealthApp-Mobile/ios/Pods/Headers/Public/RNWorklets -I/Users/tungstonlabs/Desktop/HealthApp-Mobile/ios/Pods/Headers/Public/React-Core -I/Users/tungstonlabs/Desktop/HealthApp-Mobile/ios/Pods/Headers/Public/React-Fabric -I/Users/tungstonlabs/Desktop/HealthApp-Mobile/ios/Pods/Headers/Public/React-FabricComponents -I/Users/tungstonlabs/Desktop/HealthApp-Mobile/ios/Pods/Headers/Public/React-FabricImage -I/Users/tungstonlabs/Desktop/HealthApp-Mobile/ios/Pods/Headers/Public/React-ImageManager -I/Users/tungstonlabs/Desktop/HealthApp-Mobile/ios/Pods/Headers/Public/React-Mapbuffer -I/Users/tungstonlabs/Desktop/HealthApp-Mobile/ios/Pods/Headers/Public/React-NativeModulesApple -I/Users/tungstonlabs/Desktop/HealthApp-Mobile/ios/Pods/Headers/Public/React-RCTAnimation -I/Users/tungstonlabs/Desktop/HealthApp-Mobile/ios/Pods/Headers/Public/React-RCTBlob -I/Users/tungstonlabs/Desktop/HealthApp-Mobile/ios/Pods/Headers/Public/React-RCTFBReactNativeSpec -I/Users/tungstonlabs/Desktop/HealthApp-Mobile/ios/Pods/Headers/Public/React-RCTFabric -I/Users/tungstonlabs/Desktop/HealthApp-Mobile/ios/Pods/Headers/Public/React-RCTRuntime -I/Users/tungstonlabs/Desktop/HealthApp-Mobile/ios/Pods/Headers/Public/React-RCTText -I/Users/tungstonlabs/Desktop/HealthApp-Mobile/ios/Pods/Headers/Public/React-RuntimeApple -I/Users/tungstonlabs/Desktop/HealthApp-Mobile/ios/Pods/Headers/Public/React-RuntimeCore -I/Users/tungstonlabs/Desktop/HealthApp-Mobile/ios/Pods/Headers/Public/React-RuntimeHermes -I/Users/tungstonlabs/Desktop/HealthApp-Mobile/ios/Pods/Headers/Public/React-callinvoker -I/Users/tungstonlabs/Desktop/HealthApp-Mobile/ios/Pods/Headers/Public/React-cxxreact -I/Users/tungstonlabs/Desktop/HealthApp-Mobile/ios/Pods/Headers/Public/React-debug -I/Users/tungstonlabs/Desktop/HealthApp-Mobile/ios/Pods/Headers/Public/React-defaultsnativemodule -I/Users/tungstonlabs/Desktop/HealthApp-Mobile/ios/Pods/Headers/Public/React-domnativemodule -I/Users/tungstonlabs/Desktop/HealthApp-Mobile/ios/Pods/Headers/Public/React-featureflags -I/Users/tungstonlabs/Desktop/HealthApp-Mobile/ios/Pods/Headers/Public/React-featureflagsnativemodule -I/Users/tungstonlabs/Desktop/HealthApp-Mobile/ios/Pods/Headers/Public/React-graphics -I/Users/tungstonlabs/Desktop/HealthApp-Mobile/ios/Pods/Headers/Public/React-hermes -I/Users/tungstonlabs/Desktop/HealthApp-Mobile/ios/Pods/Headers/Public/React-idlecallbacksnativemodule -I/Users/tungstonlabs/Desktop/HealthApp-Mobile/ios/Pods/Headers/Public/React-jserrorhandler -I/Users/tungstonlabs/Desktop/HealthApp-Mobile/ios/Pods/Headers/Public/React-jsi -I/Users/tungstonlabs/Desktop/HealthApp-Mobile/ios/Pods/Headers/Public/React-jsiexecutor -I/Users/tungstonlabs/Desktop/HealthApp-Mobile/ios/Pods/Headers/Public/React-jsinspector -I/Users/tungstonlabs/Desktop/HealthApp-Mobile/ios/Pods/Headers/Public/React-jsinspectorcdp -I/Users/tungstonlabs/Desktop/HealthApp-Mobile/ios/Pods/Headers/Public/React-jsinspectornetwork -I/Users/tungstonlabs/Desktop/HealthApp-Mobile/ios/Pods/Headers/Public/React-jsinspectortracing -I/Users/tungstonlabs/Desktop/HealthApp-Mobile/ios/Pods/Headers/Public/React-jsitooling -I/Users/tungstonlabs/Desktop/HealthApp-Mobile/ios/Pods/Headers/Public/React-logger -I/Users/tungstonlabs/Desktop/HealthApp-Mobile/ios/Pods/Headers/Public/React-microtasksnativemodule -I/Users/tungstonlabs/Desktop/HealthApp-Mobile/ios/Pods/Headers/Public/React-oscompat -I/Users/tungstonlabs/Desktop/HealthApp-Mobile/ios/Pods/Headers/Public/React-perflogger -I/Users/tungstonlabs/Desktop/HealthApp-Mobile/ios/Pods/Headers/Public/React-performancecdpmetrics -I/Users/tungstonlabs/Desktop/HealthApp-Mobile/ios/Pods/Headers/Public/React-performancetimeline -I/Users/tungstonlabs/Desktop/HealthApp-Mobile/ios/Pods/Headers/Public/React-rendererconsistency -I/Users/tungstonlabs/Desktop/HealthApp-Mobile/ios/Pods/Headers/Public/React-renderercss -I/Users/tungstonlabs/Desktop/HealthApp-Mobile/ios/Pods/Headers/Public/React-rendererdebug -I/Users/tungstonlabs/Desktop/HealthApp-Mobile/ios/Pods/Headers/Public/React-runtimeexecutor -I/Users/tungstonlabs/Desktop/HealthApp-Mobile/ios/Pods/Headers/Public/React-runtimescheduler -I/Users/tungstonlabs/Desktop/HealthApp-Mobile/ios/Pods/Headers/Public/React-timing -I/Users/tungstonlabs/Desktop/HealthApp-Mobile/ios/Pods/Headers/Public/React-utils -I/Users/tungstonlabs/Desktop/HealthApp-Mobile/ios/Pods/Headers/Public/React-webperformancenativemodule -I/Users/tungstonlabs/Desktop/HealthApp-Mobile/ios/Pods/Headers/Public/ReactCodegen -I/Users/tungstonlabs/Desktop/HealthApp-Mobile/ios/Pods/Headers/Public/ReactCommon -I/Users/tungstonlabs/Desktop/HealthApp-Mobile/ios/Pods/Headers/Public/Yoga -I/Users/tungstonlabs/Desktop/HealthApp-Mobile/ios/Pods/Headers/Public/boost -I/Users/tungstonlabs/Desktop/HealthApp-Mobile/ios/Pods/Headers/Public/fast_float -I/Users/tungstonlabs/Desktop/HealthApp-Mobile/ios/Pods/Headers/Public/fmt -I/Users/tungstonlabs/Desktop/HealthApp-Mobile/ios/Pods/Headers/Public/glog -I/Users/tungstonlabs/Desktop/HealthApp-Mobile/ios/Pods/Headers/Public/hermes-engine -I/Users/tungstonlabs/Desktop/HealthApp-Mobile/ios/Pods/boost -I/Users/tungstonlabs/Desktop/HealthApp-Mobile/ios/Pods/boost-for-react-native -I/Users/tungstonlabs/Desktop/HealthApp-Mobile/ios/Pods/glog -I/Users/tungstonlabs/Desktop/HealthApp-Mobile/ios/Pods/RCT-Folly -I/Users/tungstonlabs/Desktop/HealthApp-Mobile/ios/Pods/Headers/Public/React-hermes -I/Users/tungstonlabs/Desktop/HealthApp-Mobile/ios/Pods/Headers/Public/hermes-engine -I/Users/tungstonlabs/Desktop/HealthApp-Mobile/ios/Pods/Headers/Public/RNWorklets -I/Users/tungstonlabs/Desktop/HealthApp-Mobile/node_modules/react-native/ReactCommon -I/Users/tungstonlabs/Desktop/HealthApp-Mobile/node_modules/react-native-reanimated/apple -I/Users/tungstonlabs/Desktop/HealthApp-Mobile/node_modules/react-native-reanimated/Common/cpp -I/Users/tungstonlabs/Desktop/HealthApp-Mobile/node_modules/react-native-reanimated/Common/NativeView -I/Users/tungstonlabs/Desktop/HealthApp-Mobile/node_modules/react-native-worklets/apple -I/Users/tungstonlabs/Desktop/HealthApp-Mobile/node_modules/react-native-worklets/Common/cpp -I/Users/tungstonlabs/Desktop/HealthApp-Mobile/node_modules/react-native-reanimated/ReactCommon -I/Users/tungstonlabs/Desktop/HealthApp-Mobile/node_modules/react-native-reanimated -I/Users/tungstonlabs/Desktop/HealthApp-Mobile/ios/Pods/RCT-Folly -I/Users/tungstonlabs/Desktop/HealthApp-Mobile/ios/Pods/boost -I/Users/tungstonlabs/Desktop/HealthApp-Mobile/ios/Pods/boost-for-react-native -I/Users/tungstonlabs/Desktop/HealthApp-Mobile/ios/Pods/DoubleConversion -I/Users/tungstonlabs/Desktop/HealthApp-Mobile/ios/Pods/Headers/Private/React-Core -I/Users/tungstonlabs/Desktop/HealthApp-Mobile/ios/Pods/Headers/Private/Yoga -I/Users/tungstonlabs/Desktop/HealthApp-Mobile/ios/Pods/Headers/Public/RNWorklets -I/Users/tungstonlabs/Desktop/HealthApp-Mobile/ios/Pods/Headers/Private/Yoga -I/Users/tungstonlabs/Desktop/HealthApp-Mobile/ios/Pods/glog -I/Users/tungstonlabs/Desktop/HealthApp-Mobile/ios/Pods/boost -I/Users/tungstonlabs/Desktop/HealthApp-Mobile/ios/Pods/DoubleConversion -I/Users/tungstonlabs/Desktop/HealthApp-Mobile/ios/Pods/fast_float/include -I/Users/tungstonlabs/Desktop/HealthApp-Mobile/ios/Pods/fmt/include -I/Users/tungstonlabs/Desktop/HealthApp-Mobile/ios/Pods/SocketRocket -I/Users/tungstonlabs/Desktop/HealthApp-Mobile/ios/Pods/RCT-Folly -I/Users/tungstonlabs/Library/Developer/Xcode/DerivedData/HealthApp-fjgvhltvryzvlufiayyipuiynnzt/Build/Intermediates.noindex/Pods.build/Debug-iphoneos/RNReanimated.build/DerivedSources-normal/arm64 -I/Users/tungstonlabs/Library/Developer/Xcode/DerivedData/HealthApp-fjgvhltvryzvlufiayyipuiynnzt/Build/Intermediates.noindex/Pods.build/Debug-iphoneos/RNReanimated.build/DerivedSources/arm64 -I/Users/tungstonlabs/Library/Developer/Xcode/DerivedData/HealthApp-fjgvhltvryzvlufiayyipuiynnzt/Build/Intermediates.noindex/Pods.build/Debug-iphoneos/RNReanimated.build/DerivedSources -F/Users/tungstonlabs/Library/Developer/Xcode/DerivedData/HealthApp-fjgvhltvryzvlufiayyipuiynnzt/Build/Products/Debug-iphoneos/RNReanimated -F/Users/tungstonlabs/Desktop/HealthApp-Mobile/ios/Pods/hermes-engine/destroot/Library/Frameworks/universal -F/Users/tungstonlabs/Library/Developer/Xcode/DerivedData/HealthApp-fjgvhltvryzvlufiayyipuiynnzt/Build/Products/Debug-iphoneos/XCFrameworkIntermediates/hermes-engine/Pre-built -F/Users/tungstonlabs/Library/Developer/Xcode/DerivedData/HealthApp-fjgvhltvryzvlufiayyipuiynnzt/Build/Products/Debug-iphoneos/React-hermes '-fmodule-map-file=/Users/tungstonlabs/Desktop/HealthApp-Mobile/ios/Pods/Headers/Public/DoubleConversion/DoubleConversion.modulemap' '-fmodule-map-file=/Users/tungstonlabs/Desktop/HealthApp-Mobile/ios/Pods/Headers/Public/RCTDeprecation/RCTDeprecation.modulemap' '-fmodule-map-file=/Users/tungstonlabs/Desktop/HealthApp-Mobile/ios/Pods/Headers/Public/RCTFabric/React-RCTFabric.modulemap' '-fmodule-map-file=/Users/tungstonlabs/Desktop/HealthApp-Mobile/ios/Pods/Headers/Public/RCTImage/React-RCTImage.modulemap' '-fmodule-map-file=/Users/tungstonlabs/Desktop/HealthApp-Mobile/ios/Pods/Headers/Public/RCTRuntime/React-RCTRuntime.modulemap' '-fmodule-map-file=/Users/tungstonlabs/Desktop/HealthApp-Mobile/ios/Pods/Headers/Public/RCTTypeSafety/RCTTypeSafety.modulemap' '-fmodule-map-file=/Users/tungstonlabs/Desktop/HealthApp-Mobile/ios/Pods/Headers/Public/RNWorklets/RNWorklets.modulemap' '-fmodule-map-file=/Users/tungstonlabs/Desktop/HealthApp-Mobile/ios/Pods/Headers/Public/React/React-Core.modulemap' '-fmodule-map-file=/Users/tungstonlabs/Desktop/HealthApp-Mobile/ios/Pods/Headers/Public/ReactCodegen/ReactCodegen.modulemap' '-fmodule-map-file=/Users/tungstonlabs/Desktop/HealthApp-Mobile/ios/Pods/Headers/Public/ReactCommon/ReactCommon.modulemap' '-fmodule-map-file=/Users/tungstonlabs/Desktop/HealthApp-Mobile/ios/Pods/Headers/Public/React_Fabric/React-Fabric.modulemap' '-fmodule-map-file=/Users/tungstonlabs/Desktop/HealthApp-Mobile/ios/Pods/Headers/Public/React_FabricComponents/React-FabricComponents.modulemap' '-fmodule-map-file=/Users/tungstonlabs/Desktop/HealthApp-Mobile/ios/Pods/Headers/Public/React_NativeModulesApple/React-NativeModulesApple.modulemap' '-fmodule-map-file=/Users/tungstonlabs/Desktop/HealthApp-Mobile/ios/Pods/Headers/Public/React_RCTAppDelegate/React-RCTAppDelegate.modulemap' '-fmodule-map-file=/Users/tungstonlabs/Desktop/HealthApp-Mobile/ios/Pods/Headers/Public/React_runtimeexecutor/React-runtimeexecutor.modulemap' '-fmodule-map-file=/Users/tungstonlabs/Desktop/HealthApp-Mobile/ios/Pods/Headers/Public/SocketRocket/SocketRocket.modulemap' '-fmodule-map-file=/Users/tungstonlabs/Desktop/HealthApp-Mobile/ios/Pods/Headers/Public/fmt/fmt.modulemap' '-fmodule-map-file=/Users/tungstonlabs/Desktop/HealthApp-Mobile/ios/Pods/Headers/Public/folly/RCT-Folly.modulemap' '-fmodule-map-file=/Users/tungstonlabs/Desktop/HealthApp-Mobile/ios/Pods/Headers/Public/glog/glog.modulemap' '-fmodule-map-file=/Users/tungstonlabs/Desktop/HealthApp-Mobile/ios/Pods/Headers/Public/jsi/React-jsi.modulemap' '-fmodule-map-file=/Users/tungstonlabs/Desktop/HealthApp-Mobile/ios/Pods/Headers/Public/jsinspector_modern/React-jsinspector.modulemap' '-fmodule-map-file=/Users/tungstonlabs/Desktop/HealthApp-Mobile/ios/Pods/Headers/Public/jsinspector_modern_cdp/React-jsinspectorcdp.modulemap' '-fmodule-map-file=/Users/tungstonlabs/Desktop/HealthApp-Mobile/ios/Pods/Headers/Public/jsinspector_modern_network/React-jsinspectornetwork.modulemap' '-fmodule-map-file=/Users/tungstonlabs/Desktop/HealthApp-Mobile/ios/Pods/Headers/Public/jsinspector_modern_tracing/React-jsinspectortracing.modulemap' '-fmodule-map-file=/Users/tungstonlabs/Desktop/HealthApp-Mobile/ios/Pods/Headers/Public/react_debug/React-debug.modulemap' '-fmodule-map-file=/Users/tungstonlabs/Desktop/HealthApp-Mobile/ios/Pods/Headers/Public/react_featureflags/React-featureflags.modulemap' '-fmodule-map-file=/Users/tungstonlabs/Desktop/HealthApp-Mobile/ios/Pods/Headers/Public/react_nativemodule_defaults/React-defaultsnativemodule.modulemap' '-fmodule-map-file=/Users/tungstonlabs/Desktop/HealthApp-Mobile/ios/Pods/Headers/Public/react_nativemodule_dom/React-domnativemodule.modulemap' '-fmodule-map-file=/Users/tungstonlabs/Desktop/HealthApp-Mobile/ios/Pods/Headers/Public/react_nativemodule_featureflags/React-featureflagsnativemodule.modulemap' '-fmodule-map-file=/Users/tungstonlabs/Desktop/HealthApp-Mobile/ios/Pods/Headers/Public/react_nativemodule_idlecallbacks/React-idlecallbacksnativemodule.modulemap' '-fmodule-map-file=/Users/tungstonlabs/Desktop/HealthApp-Mobile/ios/Pods/Headers/Public/react_nativemodule_microtasks/React-microtasksnativemodule.modulemap' '-fmodule-map-file=/Users/tungstonlabs/Desktop/HealthApp-Mobile/ios/Pods/Headers/Public/react_nativemodule_webperformance/React-webperformancenativemodule.modulemap' '-fmodule-map-file=/Users/tungstonlabs/Desktop/HealthApp-Mobile/ios/Pods/Headers/Public/react_renderer_css/React-renderercss.modulemap' '-fmodule-map-file=/Users/tungstonlabs/Desktop/HealthApp-Mobile/ios/Pods/Headers/Public/react_renderer_debug/React-rendererdebug.modulemap' '-fmodule-map-file=/Users/tungstonlabs/Desktop/HealthApp-Mobile/ios/Pods/Headers/Public/react_renderer_graphics/React-graphics.modulemap' '-fmodule-map-file=/Users/tungstonlabs/Desktop/HealthApp-Mobile/ios/Pods/Headers/Public/react_renderer_imagemanager/React-ImageManager.modulemap' '-fmodule-map-file=/Users/tungstonlabs/Desktop/HealthApp-Mobile/ios/Pods/Headers/Public/react_runtime/React-jsitooling.modulemap' '-fmodule-map-file=/Users/tungstonlabs/Desktop/HealthApp-Mobile/ios/Pods/Headers/Public/react_utils/React-utils.modulemap' '-fmodule-map-file=/Users/tungstonlabs/Desktop/HealthApp-Mobile/ios/Pods/Headers/Public/reacthermes/React-hermes.modulemap' '-fmodule-map-file=/Users/tungstonlabs/Desktop/HealthApp-Mobile/ios/Pods/Headers/Public/yoga/Yoga.modulemap' '-DREACT_NATIVE_MINOR_VERSION=82' '-DREANIMATED_VERSION=4.2.1' '-DREANIMATED_FEATURE_FLAGS=[RUNTIME_TEST_FLAG:false][DISABLE_COMMIT_PAUSING_MECHANISM:false][ANDROID_SYNCHRONOUSLY_UPDATE_UI_PROPS:false][IOS_SYNCHRONOUSLY_UPDATE_UI_PROPS:false][EXPERIMENTAL_CSS_ANIMATIONS_FOR_SVG_COMPONENTS:false][USE_SYNCHRONIZABLE_FOR_MUTABLES:false][USE_COMMIT_HOOK_ONLY_FOR_REACT_COMMITS:false][ENABLE_SHARED_ELEMENT_TRANSITIONS:false][FORCE_REACT_RENDER_FOR_SETTLED_ANIMATIONS:false]' '-DRCT_NEW_ARCH_ENABLED=1'

WriteAuxiliaryFile /Users/tungstonlabs/Library/Developer/Xcode/DerivedData/HealthApp-fjgvhltvryzvlufiayyipuiynnzt/Build/Intermediates.noindex/Pods.build/Debug-iphoneos/RNReanimated.build/Objects-normal/arm64/RNReanimated.LinkFileList (in target 'RNReanimated' from project 'Pods')
    cd /Users/tungstonlabs/Desktop/HealthApp-Mobile/ios/Pods
    write-file /Users/tungstonlabs/Library/Developer/Xcode/DerivedData/HealthApp-fjgvhltvryzvlufiayyipuiynnzt/Build/Intermediates.noindex/Pods.build/Debug-iphoneos/RNReanimated.build/Objects-normal/arm64/RNReanimated.LinkFileList

WriteAuxiliaryFile /Users/tungstonlabs/Library/Developer/Xcode/DerivedData/HealthApp-fjgvhltvryzvlufiayyipuiynnzt/Build/Intermediates.noindex/Pods.build/Debug-iphoneos/RNReanimated.build/Objects-normal/arm64/82b82416624d2658e5098eb0a28c15c5-common-args.resp (in target 'RNReanimated' from project 'Pods')
    cd /Users/tungstonlabs/Desktop/HealthApp-Mobile/ios/Pods
    write-file /Users/tungstonlabs/Library/Developer/Xcode/DerivedData/HealthApp-fjgvhltvryzvlufiayyipuiynnzt/Build/Intermediates.noindex/Pods.build/Debug-iphoneos/RNReanimated.build/Objects-normal/arm64/82b82416624d2658e5098eb0a28c15c5-common-args.resp
'-std=c++20' '-stdlib=libc++' -fmodules -fno-cxx-modules '-fmodules-cache-path=/Users/tungstonlabs/Library/Developer/Xcode/DerivedData/ModuleCache.noindex' '-fmodule-name=RNReanimated' '-D_LIBCPP_HARDENING_MODE=_LIBCPP_HARDENING_MODE_DEBUG' -fpascal-strings -O0 -fno-common '-DPOD_CONFIGURATION_DEBUG=1' '-DDEBUG=1' '-DCOCOAPODS=1' -g -iquote /Users/tungstonlabs/Library/Developer/Xcode/DerivedData/HealthApp-fjgvhltvryzvlufiayyipuiynnzt/Build/Intermediates.noindex/Pods.build/Debug-iphoneos/RNReanimated.build/RNReanimated-generated-files.hmap -I/Users/tungstonlabs/Library/Developer/Xcode/DerivedData/HealthApp-fjgvhltvryzvlufiayyipuiynnzt/Build/Intermediates.noindex/Pods.build/Debug-iphoneos/RNReanimated.build/RNReanimated-own-target-headers.hmap -I/Users/tungstonlabs/Library/Developer/Xcode/DerivedData/HealthApp-fjgvhltvryzvlufiayyipuiynnzt/Build/Intermediates.noindex/Pods.build/Debug-iphoneos/RNReanimated.build/RNReanimated-all-non-framework-target-headers.hmap -ivfsoverlay /Users/tungstonlabs/Library/Developer/Xcode/DerivedData/HealthApp-fjgvhltvryzvlufiayyipuiynnzt/Build/Intermediates.noindex/Pods.build/Debug-iphoneos/Pods-8699adb1dd336b26511df848a716bd42-VFS-iphoneos/all-product-headers.yaml -iquote /Users/tungstonlabs/Library/Developer/Xcode/DerivedData/HealthApp-fjgvhltvryzvlufiayyipuiynnzt/Build/Intermediates.noindex/Pods.build/Debug-iphoneos/RNReanimated.build/RNReanimated-project-headers.hmap -I/Users/tungstonlabs/Library/Developer/Xcode/DerivedData/HealthApp-fjgvhltvryzvlufiayyipuiynnzt/Build/Products/Debug-iphoneos/RNReanimated/include -I/Users/tungstonlabs/Desktop/HealthApp-Mobile/ios/Pods/Headers/Private -I/Users/tungstonlabs/Desktop/HealthApp-Mobile/ios/Pods/Headers/Private/RNReanimated -I/Users/tungstonlabs/Desktop/HealthApp-Mobile/ios/Pods/Headers/Public -I/Users/tungstonlabs/Desktop/HealthApp-Mobile/ios/Pods/Headers/Public/DoubleConversion -I/Users/tungstonlabs/Desktop/HealthApp-Mobile/ios/Pods/Headers/Public/FBLazyVector -I/Users/tungstonlabs/Desktop/HealthApp-Mobile/ios/Pods/Headers/Public/RCT-Folly -I/Users/tungstonlabs/Desktop/HealthApp-Mobile/ios/Pods/Headers/Public/RCTRequired -I/Users/tungstonlabs/Desktop/HealthApp-Mobile/ios/Pods/Headers/Public/RCTTypeSafety -I/Users/tungstonlabs/Desktop/HealthApp-Mobile/ios/Pods/Headers/Public/RNReanimated -I/Users/tungstonlabs/Desktop/HealthApp-Mobile/ios/Pods/Headers/Public/RNWorklets -I/Users/tungstonlabs/Desktop/HealthApp-Mobile/ios/Pods/Headers/Public/React-Core -I/Users/tungstonlabs/Desktop/HealthApp-Mobile/ios/Pods/Headers/Public/React-Fabric -I/Users/tungstonlabs/Desktop/HealthApp-Mobile/ios/Pods/Headers/Public/React-FabricComponents -I/Users/tungstonlabs/Desktop/HealthApp-Mobile/ios/Pods/Headers/Public/React-FabricImage -I/Users/tungstonlabs/Desktop/HealthApp-Mobile/ios/Pods/Headers/Public/React-ImageManager -I/Users/tungstonlabs/Desktop/HealthApp-Mobile/ios/Pods/Headers/Public/React-Mapbuffer -I/Users/tungstonlabs/Desktop/HealthApp-Mobile/ios/Pods/Headers/Public/React-NativeModulesApple -I/Users/tungstonlabs/Desktop/HealthApp-Mobile/ios/Pods/Headers/Public/React-RCTAnimation -I/Users/tungstonlabs/Desktop/HealthApp-Mobile/ios/Pods/Headers/Public/React-RCTBlob -I/Users/tungstonlabs/Desktop/HealthApp-Mobile/ios/Pods/Headers/Public/React-RCTFBReactNativeSpec -I/Users/tungstonlabs/Desktop/HealthApp-Mobile/ios/Pods/Headers/Public/React-RCTFabric -I/Users/tungstonlabs/Desktop/HealthApp-Mobile/ios/Pods/Headers/Public/React-RCTRuntime -I/Users/tungstonlabs/Desktop/HealthApp-Mobile/ios/Pods/Headers/Public/React-RCTText -I/Users/tungstonlabs/Desktop/HealthApp-Mobile/ios/Pods/Headers/Public/React-RuntimeApple -I/Users/tungstonlabs/Desktop/HealthApp-Mobile/ios/Pods/Headers/Public/React-RuntimeCore -I/Users/tungstonlabs/Desktop/HealthApp-Mobile/ios/Pods/Headers/Public/React-RuntimeHermes -I/Users/tungstonlabs/Desktop/HealthApp-Mobile/ios/Pods/Headers/Public/React-callinvoker -I/Users/tungstonlabs/Desktop/HealthApp-Mobile/ios/Pods/Headers/Public/React-cxxreact -I/Users/tungstonlabs/Desktop/HealthApp-Mobile/ios/Pods/Headers/Public/React-debug -I/Users/tungstonlabs/Desktop/HealthApp-Mobile/ios/Pods/Headers/Public/React-defaultsnativemodule -I/Users/tungstonlabs/Desktop/HealthApp-Mobile/ios/Pods/Headers/Public/React-domnativemodule -I/Users/tungstonlabs/Desktop/HealthApp-Mobile/ios/Pods/Headers/Public/React-featureflags -I/Users/tungstonlabs/Desktop/HealthApp-Mobile/ios/Pods/Headers/Public/React-featureflagsnativemodule -I/Users/tungstonlabs/Desktop/HealthApp-Mobile/ios/Pods/Headers/Public/React-graphics -I/Users/tungstonlabs/Desktop/HealthApp-Mobile/ios/Pods/Headers/Public/React-hermes -I/Users/tungstonlabs/Desktop/HealthApp-Mobile/ios/Pods/Headers/Public/React-idlecallbacksnativemodule -I/Users/tungstonlabs/Desktop/HealthApp-Mobile/ios/Pods/Headers/Public/React-jserrorhandler -I/Users/tungstonlabs/Desktop/HealthApp-Mobile/ios/Pods/Headers/Public/React-jsi -I/Users/tungstonlabs/Desktop/HealthApp-Mobile/ios/Pods/Headers/Public/React-jsiexecutor -I/Users/tungstonlabs/Desktop/HealthApp-Mobile/ios/Pods/Headers/Public/React-jsinspector -I/Users/tungstonlabs/Desktop/HealthApp-Mobile/ios/Pods/Headers/Public/React-jsinspectorcdp -I/Users/tungstonlabs/Desktop/HealthApp-Mobile/ios/Pods/Headers/Public/React-jsinspectornetwork -I/Users/tungstonlabs/Desktop/HealthApp-Mobile/ios/Pods/Headers/Public/React-jsinspectortracing -I/Users/tungstonlabs/Desktop/HealthApp-Mobile/ios/Pods/Headers/Public/React-jsitooling -I/Users/tungstonlabs/Desktop/HealthApp-Mobile/ios/Pods/Headers/Public/React-logger -I/Users/tungstonlabs/Desktop/HealthApp-Mobile/ios/Pods/Headers/Public/React-microtasksnativemodule -I/Users/tungstonlabs/Desktop/HealthApp-Mobile/ios/Pods/Headers/Public/React-oscompat -I/Users/tungstonlabs/Desktop/HealthApp-Mobile/ios/Pods/Headers/Public/React-perflogger -I/Users/tungstonlabs/Desktop/HealthApp-Mobile/ios/Pods/Headers/Public/React-performancecdpmetrics -I/Users/tungstonlabs/Desktop/HealthApp-Mobile/ios/Pods/Headers/Public/React-performancetimeline -I/Users/tungstonlabs/Desktop/HealthApp-Mobile/ios/Pods/Headers/Public/React-rendererconsistency -I/Users/tungstonlabs/Desktop/HealthApp-Mobile/ios/Pods/Headers/Public/React-renderercss -I/Users/tungstonlabs/Desktop/HealthApp-Mobile/ios/Pods/Headers/Public/React-rendererdebug -I/Users/tungstonlabs/Desktop/HealthApp-Mobile/ios/Pods/Headers/Public/React-runtimeexecutor -I/Users/tungstonlabs/Desktop/HealthApp-Mobile/ios/Pods/Headers/Public/React-runtimescheduler -I/Users/tungstonlabs/Desktop/HealthApp-Mobile/ios/Pods/Headers/Public/React-timing -I/Users/tungstonlabs/Desktop/HealthApp-Mobile/ios/Pods/Headers/Public/React-utils -I/Users/tungstonlabs/Desktop/HealthApp-Mobile/ios/Pods/Headers/Public/React-webperformancenativemodule -I/Users/tungstonlabs/Desktop/HealthApp-Mobile/ios/Pods/Headers/Public/ReactCodegen -I/Users/tungstonlabs/Desktop/HealthApp-Mobile/ios/Pods/Headers/Public/ReactCommon -I/Users/tungstonlabs/Desktop/HealthApp-Mobile/ios/Pods/Headers/Public/Yoga -I/Users/tungstonlabs/Desktop/HealthApp-Mobile/ios/Pods/Headers/Public/boost -I/Users/tungstonlabs/Desktop/HealthApp-Mobile/ios/Pods/Headers/Public/fast_float -I/Users/tungstonlabs/Desktop/HealthApp-Mobile/ios/Pods/Headers/Public/fmt -I/Users/tungstonlabs/Desktop/HealthApp-Mobile/ios/Pods/Headers/Public/glog -I/Users/tungstonlabs/Desktop/HealthApp-Mobile/ios/Pods/Headers/Public/hermes-engine -I/Users/tungstonlabs/Desktop/HealthApp-Mobile/ios/Pods/boost -I/Users/tungstonlabs/Desktop/HealthApp-Mobile/ios/Pods/boost-for-react-native -I/Users/tungstonlabs/Desktop/HealthApp-Mobile/ios/Pods/glog -I/Users/tungstonlabs/Desktop/HealthApp-Mobile/ios/Pods/RCT-Folly -I/Users/tungstonlabs/Desktop/HealthApp-Mobile/ios/Pods/Headers/Public/React-hermes -I/Users/tungstonlabs/Desktop/HealthApp-Mobile/ios/Pods/Headers/Public/hermes-engine -I/Users/tungstonlabs/Desktop/HealthApp-Mobile/ios/Pods/Headers/Public/RNWorklets -I/Users/tungstonlabs/Desktop/HealthApp-Mobile/node_modules/react-native/ReactCommon -I/Users/tungstonlabs/Desktop/HealthApp-Mobile/node_modules/react-native-reanimated/apple -I/Users/tungstonlabs/Desktop/HealthApp-Mobile/node_modules/react-native-reanimated/Common/cpp -I/Users/tungstonlabs/Desktop/HealthApp-Mobile/node_modules/react-native-reanimated/Common/NativeView -I/Users/tungstonlabs/Desktop/HealthApp-Mobile/node_modules/react-native-worklets/apple -I/Users/tungstonlabs/Desktop/HealthApp-Mobile/node_modules/react-native-worklets/Common/cpp -I/Users/tungstonlabs/Desktop/HealthApp-Mobile/node_modules/react-native-reanimated/ReactCommon -I/Users/tungstonlabs/Desktop/HealthApp-Mobile/node_modules/react-native-reanimated -I/Users/tungstonlabs/Desktop/HealthApp-Mobile/ios/Pods/RCT-Folly -I/Users/tungstonlabs/Desktop/HealthApp-Mobile/ios/Pods/boost -I/Users/tungstonlabs/Desktop/HealthApp-Mobile/ios/Pods/boost-for-react-native -I/Users/tungstonlabs/Desktop/HealthApp-Mobile/ios/Pods/DoubleConversion -I/Users/tungstonlabs/Desktop/HealthApp-Mobile/ios/Pods/Headers/Private/React-Core -I/Users/tungstonlabs/Desktop/HealthApp-Mobile/ios/Pods/Headers/Private/Yoga -I/Users/tungstonlabs/Desktop/HealthApp-Mobile/ios/Pods/Headers/Public/RNWorklets -I/Users/tungstonlabs/Desktop/HealthApp-Mobile/ios/Pods/Headers/Private/Yoga -I/Users/tungstonlabs/Desktop/HealthApp-Mobile/ios/Pods/glog -I/Users/tungstonlabs/Desktop/HealthApp-Mobile/ios/Pods/boost -I/Users/tungstonlabs/Desktop/HealthApp-Mobile/ios/Pods/DoubleConversion -I/Users/tungstonlabs/Desktop/HealthApp-Mobile/ios/Pods/fast_float/include -I/Users/tungstonlabs/Desktop/HealthApp-Mobile/ios/Pods/fmt/include -I/Users/tungstonlabs/Desktop/HealthApp-Mobile/ios/Pods/SocketRocket -I/Users/tungstonlabs/Desktop/HealthApp-Mobile/ios/Pods/RCT-Folly -I/Users/tungstonlabs/Library/Developer/Xcode/DerivedData/HealthApp-fjgvhltvryzvlufiayyipuiynnzt/Build/Intermediates.noindex/Pods.build/Debug-iphoneos/RNReanimated.build/DerivedSources-normal/arm64 -I/Users/tungstonlabs/Library/Developer/Xcode/DerivedData/HealthApp-fjgvhltvryzvlufiayyipuiynnzt/Build/Intermediates.noindex/Pods.build/Debug-iphoneos/RNReanimated.build/DerivedSources/arm64 -I/Users/tungstonlabs/Library/Developer/Xcode/DerivedData/HealthApp-fjgvhltvryzvlufiayyipuiynnzt/Build/Intermediates.noindex/Pods.build/Debug-iphoneos/RNReanimated.build/DerivedSources -F/Users/tungstonlabs/Library/Developer/Xcode/DerivedData/HealthApp-fjgvhltvryzvlufiayyipuiynnzt/Build/Products/Debug-iphoneos/RNReanimated -F/Users/tungstonlabs/Desktop/HealthApp-Mobile/ios/Pods/hermes-engine/destroot/Library/Frameworks/universal -F/Users/tungstonlabs/Library/Developer/Xcode/DerivedData/HealthApp-fjgvhltvryzvlufiayyipuiynnzt/Build/Products/Debug-iphoneos/XCFrameworkIntermediates/hermes-engine/Pre-built -F/Users/tungstonlabs/Library/Developer/Xcode/DerivedData/HealthApp-fjgvhltvryzvlufiayyipuiynnzt/Build/Products/Debug-iphoneos/React-hermes '-fmodule-map-file=/Users/tungstonlabs/Desktop/HealthApp-Mobile/ios/Pods/Headers/Public/DoubleConversion/DoubleConversion.modulemap' '-fmodule-map-file=/Users/tungstonlabs/Desktop/HealthApp-Mobile/ios/Pods/Headers/Public/RCTDeprecation/RCTDeprecation.modulemap' '-fmodule-map-file=/Users/tungstonlabs/Desktop/HealthApp-Mobile/ios/Pods/Headers/Public/RCTFabric/React-RCTFabric.modulemap' '-fmodule-map-file=/Users/tungstonlabs/Desktop/HealthApp-Mobile/ios/Pods/Headers/Public/RCTImage/React-RCTImage.modulemap' '-fmodule-map-file=/Users/tungstonlabs/Desktop/HealthApp-Mobile/ios/Pods/Headers/Public/RCTRuntime/React-RCTRuntime.modulemap' '-fmodule-map-file=/Users/tungstonlabs/Desktop/HealthApp-Mobile/ios/Pods/Headers/Public/RCTTypeSafety/RCTTypeSafety.modulemap' '-fmodule-map-file=/Users/tungstonlabs/Desktop/HealthApp-Mobile/ios/Pods/Headers/Public/RNWorklets/RNWorklets.modulemap' '-fmodule-map-file=/Users/tungstonlabs/Desktop/HealthApp-Mobile/ios/Pods/Headers/Public/React/React-Core.modulemap' '-fmodule-map-file=/Users/tungstonlabs/Desktop/HealthApp-Mobile/ios/Pods/Headers/Public/ReactCodegen/ReactCodegen.modulemap' '-fmodule-map-file=/Users/tungstonlabs/Desktop/HealthApp-Mobile/ios/Pods/Headers/Public/ReactCommon/ReactCommon.modulemap' '-fmodule-map-file=/Users/tungstonlabs/Desktop/HealthApp-Mobile/ios/Pods/Headers/Public/React_Fabric/React-Fabric.modulemap' '-fmodule-map-file=/Users/tungstonlabs/Desktop/HealthApp-Mobile/ios/Pods/Headers/Public/React_FabricComponents/React-FabricComponents.modulemap' '-fmodule-map-file=/Users/tungstonlabs/Desktop/HealthApp-Mobile/ios/Pods/Headers/Public/React_NativeModulesApple/React-NativeModulesApple.modulemap' '-fmodule-map-file=/Users/tungstonlabs/Desktop/HealthApp-Mobile/ios/Pods/Headers/Public/React_RCTAppDelegate/React-RCTAppDelegate.modulemap' '-fmodule-map-file=/Users/tungstonlabs/Desktop/HealthApp-Mobile/ios/Pods/Headers/Public/React_runtimeexecutor/React-runtimeexecutor.modulemap' '-fmodule-map-file=/Users/tungstonlabs/Desktop/HealthApp-Mobile/ios/Pods/Headers/Public/SocketRocket/SocketRocket.modulemap' '-fmodule-map-file=/Users/tungstonlabs/Desktop/HealthApp-Mobile/ios/Pods/Headers/Public/fmt/fmt.modulemap' '-fmodule-map-file=/Users/tungstonlabs/Desktop/HealthApp-Mobile/ios/Pods/Headers/Public/folly/RCT-Folly.modulemap' '-fmodule-map-file=/Users/tungstonlabs/Desktop/HealthApp-Mobile/ios/Pods/Headers/Public/glog/glog.modulemap' '-fmodule-map-file=/Users/tungstonlabs/Desktop/HealthApp-Mobile/ios/Pods/Headers/Public/jsi/React-jsi.modulemap' '-fmodule-map-file=/Users/tungstonlabs/Desktop/HealthApp-Mobile/ios/Pods/Headers/Public/jsinspector_modern/React-jsinspector.modulemap' '-fmodule-map-file=/Users/tungstonlabs/Desktop/HealthApp-Mobile/ios/Pods/Headers/Public/jsinspector_modern_cdp/React-jsinspectorcdp.modulemap' '-fmodule-map-file=/Users/tungstonlabs/Desktop/HealthApp-Mobile/ios/Pods/Headers/Public/jsinspector_modern_network/React-jsinspectornetwork.modulemap' '-fmodule-map-file=/Users/tungstonlabs/Desktop/HealthApp-Mobile/ios/Pods/Headers/Public/jsinspector_modern_tracing/React-jsinspectortracing.modulemap' '-fmodule-map-file=/Users/tungstonlabs/Desktop/HealthApp-Mobile/ios/Pods/Headers/Public/react_debug/React-debug.modulemap' '-fmodule-map-file=/Users/tungstonlabs/Desktop/HealthApp-Mobile/ios/Pods/Headers/Public/react_featureflags/React-featureflags.modulemap' '-fmodule-map-file=/Users/tungstonlabs/Desktop/HealthApp-Mobile/ios/Pods/Headers/Public/react_nativemodule_defaults/React-defaultsnativemodule.modulemap' '-fmodule-map-file=/Users/tungstonlabs/Desktop/HealthApp-Mobile/ios/Pods/Headers/Public/react_nativemodule_dom/React-domnativemodule.modulemap' '-fmodule-map-file=/Users/tungstonlabs/Desktop/HealthApp-Mobile/ios/Pods/Headers/Public/react_nativemodule_featureflags/React-featureflagsnativemodule.modulemap' '-fmodule-map-file=/Users/tungstonlabs/Desktop/HealthApp-Mobile/ios/Pods/Headers/Public/react_nativemodule_idlecallbacks/React-idlecallbacksnativemodule.modulemap' '-fmodule-map-file=/Users/tungstonlabs/Desktop/HealthApp-Mobile/ios/Pods/Headers/Public/react_nativemodule_microtasks/React-microtasksnativemodule.modulemap' '-fmodule-map-file=/Users/tungstonlabs/Desktop/HealthApp-Mobile/ios/Pods/Headers/Public/react_nativemodule_webperformance/React-webperformancenativemodule.modulemap' '-fmodule-map-file=/Users/tungstonlabs/Desktop/HealthApp-Mobile/ios/Pods/Headers/Public/react_renderer_css/React-renderercss.modulemap' '-fmodule-map-file=/Users/tungstonlabs/Desktop/HealthApp-Mobile/ios/Pods/Headers/Public/react_renderer_debug/React-rendererdebug.modulemap' '-fmodule-map-file=/Users/tungstonlabs/Desktop/HealthApp-Mobile/ios/Pods/Headers/Public/react_renderer_graphics/React-graphics.modulemap' '-fmodule-map-file=/Users/tungstonlabs/Desktop/HealthApp-Mobile/ios/Pods/Headers/Public/react_renderer_imagemanager/React-ImageManager.modulemap' '-fmodule-map-file=/Users/tungstonlabs/Desktop/HealthApp-Mobile/ios/Pods/Headers/Public/react_runtime/React-jsitooling.modulemap' '-fmodule-map-file=/Users/tungstonlabs/Desktop/HealthApp-Mobile/ios/Pods/Headers/Public/react_utils/React-utils.modulemap' '-fmodule-map-file=/Users/tungstonlabs/Desktop/HealthApp-Mobile/ios/Pods/Headers/Public/reacthermes/React-hermes.modulemap' '-fmodule-map-file=/Users/tungstonlabs/Desktop/HealthApp-Mobile/ios/Pods/Headers/Public/yoga/Yoga.modulemap' '-DREACT_NATIVE_MINOR_VERSION=82' '-DREANIMATED_VERSION=4.2.1' '-DREANIMATED_FEATURE_FLAGS=[RUNTIME_TEST_FLAG:false][DISABLE_COMMIT_PAUSING_MECHANISM:false][ANDROID_SYNCHRONOUSLY_UPDATE_UI_PROPS:false][IOS_SYNCHRONOUSLY_UPDATE_UI_PROPS:false][EXPERIMENTAL_CSS_ANIMATIONS_FOR_SVG_COMPONENTS:false][USE_SYNCHRONIZABLE_FOR_MUTABLES:false][USE_COMMIT_HOOK_ONLY_FOR_REACT_COMMITS:false][ENABLE_SHARED_ELEMENT_TRANSITIONS:false][FORCE_REACT_RENDER_FOR_SETTLED_ANIMATIONS:false]' '-DRCT_NEW_ARCH_ENABLED=1'

WriteAuxiliaryFile /Users/tungstonlabs/Library/Developer/Xcode/DerivedData/HealthApp-fjgvhltvryzvlufiayyipuiynnzt/Build/Intermediates.noindex/Pods.build/Debug-iphoneos/RNGestureHandler.build/RNGestureHandler.hmap (in target 'RNGestureHandler' from project 'Pods')
    cd /Users/tungstonlabs/Desktop/HealthApp-Mobile/ios/Pods
    write-file /Users/tungstonlabs/Library/Developer/Xcode/DerivedData/HealthApp-fjgvhltvryzvlufiayyipuiynnzt/Build/Intermediates.noindex/Pods.build/Debug-iphoneos/RNGestureHandler.build/RNGestureHandler.hmap

WriteAuxiliaryFile /Users/tungstonlabs/Library/Developer/Xcode/DerivedData/HealthApp-fjgvhltvryzvlufiayyipuiynnzt/Build/Intermediates.noindex/Pods.build/Debug-iphoneos/RNGestureHandler.build/RNGestureHandler.DependencyStaticMetadataFileList (in target 'RNGestureHandler' from project 'Pods')
    cd /Users/tungstonlabs/Desktop/HealthApp-Mobile/ios/Pods
    write-file /Users/tungstonlabs/Library/Developer/Xcode/DerivedData/HealthApp-fjgvhltvryzvlufiayyipuiynnzt/Build/Intermediates.noindex/Pods.build/Debug-iphoneos/RNGestureHandler.build/RNGestureHandler.DependencyStaticMetadataFileList

WriteAuxiliaryFile /Users/tungstonlabs/Library/Developer/Xcode/DerivedData/HealthApp-fjgvhltvryzvlufiayyipuiynnzt/Build/Intermediates.noindex/Pods.build/Debug-iphoneos/RNGestureHandler.build/RNGestureHandler.DependencyMetadataFileList (in target 'RNGestureHandler' from project 'Pods')
    cd /Users/tungstonlabs/Desktop/HealthApp-Mobile/ios/Pods
    write-file /Users/tungstonlabs/Library/Developer/Xcode/DerivedData/HealthApp-fjgvhltvryzvlufiayyipuiynnzt/Build/Intermediates.noindex/Pods.build/Debug-iphoneos/RNGestureHandler.build/RNGestureHandler.DependencyMetadataFileList

WriteAuxiliaryFile /Users/tungstonlabs/Library/Developer/Xcode/DerivedData/HealthApp-fjgvhltvryzvlufiayyipuiynnzt/Build/Intermediates.noindex/Pods.build/Debug-iphoneos/RNGestureHandler.build/RNGestureHandler-project-headers.hmap (in target 'RNGestureHandler' from project 'Pods')
    cd /Users/tungstonlabs/Desktop/HealthApp-Mobile/ios/Pods
    write-file /Users/tungstonlabs/Library/Developer/Xcode/DerivedData/HealthApp-fjgvhltvryzvlufiayyipuiynnzt/Build/Intermediates.noindex/Pods.build/Debug-iphoneos/RNGestureHandler.build/RNGestureHandler-project-headers.hmap

WriteAuxiliaryFile /Users/tungstonlabs/Library/Developer/Xcode/DerivedData/HealthApp-fjgvhltvryzvlufiayyipuiynnzt/Build/Intermediates.noindex/Pods.build/Debug-iphoneos/RNGestureHandler.build/RNGestureHandler-own-target-headers.hmap (in target 'RNGestureHandler' from project 'Pods')
    cd /Users/tungstonlabs/Desktop/HealthApp-Mobile/ios/Pods
    write-file /Users/tungstonlabs/Library/Developer/Xcode/DerivedData/HealthApp-fjgvhltvryzvlufiayyipuiynnzt/Build/Intermediates.noindex/Pods.build/Debug-iphoneos/RNGestureHandler.build/RNGestureHandler-own-target-headers.hmap

WriteAuxiliaryFile /Users/tungstonlabs/Library/Developer/Xcode/DerivedData/HealthApp-fjgvhltvryzvlufiayyipuiynnzt/Build/Intermediates.noindex/Pods.build/Debug-iphoneos/RNGestureHandler.build/RNGestureHandler-generated-files.hmap (in target 'RNGestureHandler' from project 'Pods')
    cd /Users/tungstonlabs/Desktop/HealthApp-Mobile/ios/Pods
    write-file /Users/tungstonlabs/Library/Developer/Xcode/DerivedData/HealthApp-fjgvhltvryzvlufiayyipuiynnzt/Build/Intermediates.noindex/Pods.build/Debug-iphoneos/RNGestureHandler.build/RNGestureHandler-generated-files.hmap

WriteAuxiliaryFile /Users/tungstonlabs/Library/Developer/Xcode/DerivedData/HealthApp-fjgvhltvryzvlufiayyipuiynnzt/Build/Intermediates.noindex/Pods.build/Debug-iphoneos/RNGestureHandler.build/RNGestureHandler-all-target-headers.hmap (in target 'RNGestureHandler' from project 'Pods')
    cd /Users/tungstonlabs/Desktop/HealthApp-Mobile/ios/Pods
    write-file /Users/tungstonlabs/Library/Developer/Xcode/DerivedData/HealthApp-fjgvhltvryzvlufiayyipuiynnzt/Build/Intermediates.noindex/Pods.build/Debug-iphoneos/RNGestureHandler.build/RNGestureHandler-all-target-headers.hmap

WriteAuxiliaryFile /Users/tungstonlabs/Library/Developer/Xcode/DerivedData/HealthApp-fjgvhltvryzvlufiayyipuiynnzt/Build/Intermediates.noindex/Pods.build/Debug-iphoneos/RNGestureHandler.build/RNGestureHandler-all-non-framework-target-headers.hmap (in target 'RNGestureHandler' from project 'Pods')
    cd /Users/tungstonlabs/Desktop/HealthApp-Mobile/ios/Pods
    write-file /Users/tungstonlabs/Library/Developer/Xcode/DerivedData/HealthApp-fjgvhltvryzvlufiayyipuiynnzt/Build/Intermediates.noindex/Pods.build/Debug-iphoneos/RNGestureHandler.build/RNGestureHandler-all-non-framework-target-headers.hmap

WriteAuxiliaryFile /Users/tungstonlabs/Library/Developer/Xcode/DerivedData/HealthApp-fjgvhltvryzvlufiayyipuiynnzt/Build/Intermediates.noindex/Pods.build/Debug-iphoneos/RNGestureHandler.build/Objects-normal/arm64/e6072d4f65d7061329687fe24e3d63a7-common-args.resp (in target 'RNGestureHandler' from project 'Pods')
    cd /Users/tungstonlabs/Desktop/HealthApp-Mobile/ios/Pods
    write-file /Users/tungstonlabs/Library/Developer/Xcode/DerivedData/HealthApp-fjgvhltvryzvlufiayyipuiynnzt/Build/Intermediates.noindex/Pods.build/Debug-iphoneos/RNGestureHandler.build/Objects-normal/arm64/e6072d4f65d7061329687fe24e3d63a7-common-args.resp
'-std=gnu11' -fobjc-arc -fmodules '-fmodules-cache-path=/Users/tungstonlabs/Library/Developer/Xcode/DerivedData/ModuleCache.noindex' -fpascal-strings -O0 -fno-common '-DPOD_CONFIGURATION_DEBUG=1' '-DDEBUG=1' '-DCOCOAPODS=1' '-DOBJC_OLD_DISPATCH_PROTOTYPES=0' -g -iquote /Users/tungstonlabs/Library/Developer/Xcode/DerivedData/HealthApp-fjgvhltvryzvlufiayyipuiynnzt/Build/Intermediates.noindex/Pods.build/Debug-iphoneos/RNGestureHandler.build/RNGestureHandler-generated-files.hmap -I/Users/tungstonlabs/Library/Developer/Xcode/DerivedData/HealthApp-fjgvhltvryzvlufiayyipuiynnzt/Build/Intermediates.noindex/Pods.build/Debug-iphoneos/RNGestureHandler.build/RNGestureHandler-own-target-headers.hmap -I/Users/tungstonlabs/Library/Developer/Xcode/DerivedData/HealthApp-fjgvhltvryzvlufiayyipuiynnzt/Build/Intermediates.noindex/Pods.build/Debug-iphoneos/RNGestureHandler.build/RNGestureHandler-all-non-framework-target-headers.hmap -ivfsoverlay /Users/tungstonlabs/Library/Developer/Xcode/DerivedData/HealthApp-fjgvhltvryzvlufiayyipuiynnzt/Build/Intermediates.noindex/Pods.build/Debug-iphoneos/Pods-8699adb1dd336b26511df848a716bd42-VFS-iphoneos/all-product-headers.yaml -iquote /Users/tungstonlabs/Library/Developer/Xcode/DerivedData/HealthApp-fjgvhltvryzvlufiayyipuiynnzt/Build/Intermediates.noindex/Pods.build/Debug-iphoneos/RNGestureHandler.build/RNGestureHandler-project-headers.hmap -I/Users/tungstonlabs/Library/Developer/Xcode/DerivedData/HealthApp-fjgvhltvryzvlufiayyipuiynnzt/Build/Products/Debug-iphoneos/RNGestureHandler/include -I/Users/tungstonlabs/Desktop/HealthApp-Mobile/ios/Pods/Headers/Private -I/Users/tungstonlabs/Desktop/HealthApp-Mobile/ios/Pods/Headers/Private/RNGestureHandler -I/Users/tungstonlabs/Desktop/HealthApp-Mobile/ios/Pods/Headers/Public -I/Users/tungstonlabs/Desktop/HealthApp-Mobile/ios/Pods/Headers/Public/DoubleConversion -I/Users/tungstonlabs/Desktop/HealthApp-Mobile/ios/Pods/Headers/Public/FBLazyVector -I/Users/tungstonlabs/Desktop/HealthApp-Mobile/ios/Pods/Headers/Public/RCT-Folly -I/Users/tungstonlabs/Desktop/HealthApp-Mobile/ios/Pods/Headers/Public/RCTDeprecation -I/Users/tungstonlabs/Desktop/HealthApp-Mobile/ios/Pods/Headers/Public/RCTRequired -I/Users/tungstonlabs/Desktop/HealthApp-Mobile/ios/Pods/Headers/Public/RCTTypeSafety -I/Users/tungstonlabs/Desktop/HealthApp-Mobile/ios/Pods/Headers/Public/RNGestureHandler -I/Users/tungstonlabs/Desktop/HealthApp-Mobile/ios/Pods/Headers/Public/React-Core -I/Users/tungstonlabs/Desktop/HealthApp-Mobile/ios/Pods/Headers/Public/React-Fabric -I/Users/tungstonlabs/Desktop/HealthApp-Mobile/ios/Pods/Headers/Public/React-FabricComponents -I/Users/tungstonlabs/Desktop/HealthApp-Mobile/ios/Pods/Headers/Public/React-FabricImage -I/Users/tungstonlabs/Desktop/HealthApp-Mobile/ios/Pods/Headers/Public/React-ImageManager -I/Users/tungstonlabs/Desktop/HealthApp-Mobile/ios/Pods/Headers/Public/React-Mapbuffer -I/Users/tungstonlabs/Desktop/HealthApp-Mobile/ios/Pods/Headers/Public/React-NativeModulesApple -I/Users/tungstonlabs/Desktop/HealthApp-Mobile/ios/Pods/Headers/Public/React-RCTAnimation -I/Users/tungstonlabs/Desktop/HealthApp-Mobile/ios/Pods/Headers/Public/React-RCTAppDelegate -I/Users/tungstonlabs/Desktop/HealthApp-Mobile/ios/Pods/Headers/Public/React-RCTBlob -I/Users/tungstonlabs/Desktop/HealthApp-Mobile/ios/Pods/Headers/Public/React-RCTFBReactNativeSpec -I/Users/tungstonlabs/Desktop/HealthApp-Mobile/ios/Pods/Headers/Public/React-RCTFabric -I/Users/tungstonlabs/Desktop/HealthApp-Mobile/ios/Pods/Headers/Public/React-RCTRuntime -I/Users/tungstonlabs/Desktop/HealthApp-Mobile/ios/Pods/Headers/Public/React-RCTText -I/Users/tungstonlabs/Desktop/HealthApp-Mobile/ios/Pods/Headers/Public/React-RuntimeApple -I/Users/tungstonlabs/Desktop/HealthApp-Mobile/ios/Pods/Headers/Public/React-RuntimeCore -I/Users/tungstonlabs/Desktop/HealthApp-Mobile/ios/Pods/Headers/Public/React-RuntimeHermes -I/Users/tungstonlabs/Desktop/HealthApp-Mobile/ios/Pods/Headers/Public/React-callinvoker -I/Users/tungstonlabs/Desktop/HealthApp-Mobile/ios/Pods/Headers/Public/React-cxxreact -I/Users/tungstonlabs/Desktop/HealthApp-Mobile/ios/Pods/Headers/Public/React-debug -I/Users/tungstonlabs/Desktop/HealthApp-Mobile/ios/Pods/Headers/Public/React-defaultsnativemodule -I/Users/tungstonlabs/Desktop/HealthApp-Mobile/ios/Pods/Headers/Public/React-domnativemodule -I/Users/tungstonlabs/Desktop/HealthApp-Mobile/ios/Pods/Headers/Public/React-featureflags -I/Users/tungstonlabs/Desktop/HealthApp-Mobile/ios/Pods/Headers/Public/React-featureflagsnativemodule -I/Users/tungstonlabs/Desktop/HealthApp-Mobile/ios/Pods/Headers/Public/React-graphics -I/Users/tungstonlabs/Desktop/HealthApp-Mobile/ios/Pods/Headers/Public/React-hermes -I/Users/tungstonlabs/Desktop/HealthApp-Mobile/ios/Pods/Headers/Public/React-idlecallbacksnativemodule -I/Users/tungstonlabs/Desktop/HealthApp-Mobile/ios/Pods/Headers/Public/React-jserrorhandler -I/Users/tungstonlabs/Desktop/HealthApp-Mobile/ios/Pods/Headers/Public/React-jsi -I/Users/tungstonlabs/Desktop/HealthApp-Mobile/ios/Pods/Headers/Public/React-jsiexecutor -I/Users/tungstonlabs/Desktop/HealthApp-Mobile/ios/Pods/Headers/Public/React-jsinspector -I/Users/tungstonlabs/Desktop/HealthApp-Mobile/ios/Pods/Headers/Public/React-jsinspectorcdp -I/Users/tungstonlabs/Desktop/HealthApp-Mobile/ios/Pods/Headers/Public/React-jsinspectornetwork -I/Users/tungstonlabs/Desktop/HealthApp-Mobile/ios/Pods/Headers/Public/React-jsinspectortracing -I/Users/tungstonlabs/Desktop/HealthApp-Mobile/ios/Pods/Headers/Public/React-jsitooling -I/Users/tungstonlabs/Desktop/HealthApp-Mobile/ios/Pods/Headers/Public/React-logger -I/Users/tungstonlabs/Desktop/HealthApp-Mobile/ios/Pods/Headers/Public/React-microtasksnativemodule -I/Users/tungstonlabs/Desktop/HealthApp-Mobile/ios/Pods/Headers/Public/React-oscompat -I/Users/tungstonlabs/Desktop/HealthApp-Mobile/ios/Pods/Headers/Public/React-perflogger -I/Users/tungstonlabs/Desktop/HealthApp-Mobile/ios/Pods/Headers/Public/React-performancecdpmetrics -I/Users/tungstonlabs/Desktop/HealthApp-Mobile/ios/Pods/Headers/Public/React-performancetimeline -I/Users/tungstonlabs/Desktop/HealthApp-Mobile/ios/Pods/Headers/Public/React-rendererconsistency -I/Users/tungstonlabs/Desktop/HealthApp-Mobile/ios/Pods/Headers/Public/React-renderercss -I/Users/tungstonlabs/Desktop/HealthApp-Mobile/ios/Pods/Headers/Public/React-rendererdebug -I/Users/tungstonlabs/Desktop/HealthApp-Mobile/ios/Pods/Headers/Public/React-runtimeexecutor -I/Users/tungstonlabs/Desktop/HealthApp-Mobile/ios/Pods/Headers/Public/React-runtimescheduler -I/Users/tungstonlabs/Desktop/HealthApp-Mobile/ios/Pods/Headers/Public/React-timing -I/Users/tungstonlabs/Desktop/HealthApp-Mobile/ios/Pods/Headers/Public/React-utils -I/Users/tungstonlabs/Desktop/HealthApp-Mobile/ios/Pods/Headers/Public/React-webperformancenativemodule -I/Users/tungstonlabs/Desktop/HealthApp-Mobile/ios/Pods/Headers/Public/ReactCodegen -I/Users/tungstonlabs/Desktop/HealthApp-Mobile/ios/Pods/Headers/Public/ReactCommon -I/Users/tungstonlabs/Desktop/HealthApp-Mobile/ios/Pods/Headers/Public/SocketRocket -I/Users/tungstonlabs/Desktop/HealthApp-Mobile/ios/Pods/Headers/Public/Yoga -I/Users/tungstonlabs/Desktop/HealthApp-Mobile/ios/Pods/Headers/Public/boost -I/Users/tungstonlabs/Desktop/HealthApp-Mobile/ios/Pods/Headers/Public/fast_float -I/Users/tungstonlabs/Desktop/HealthApp-Mobile/ios/Pods/Headers/Public/fmt -I/Users/tungstonlabs/Desktop/HealthApp-Mobile/ios/Pods/Headers/Public/glog -I/Users/tungstonlabs/Desktop/HealthApp-Mobile/ios/Pods/Headers/Public/hermes-engine -I/Users/tungstonlabs/Desktop/HealthApp-Mobile/ios/Pods/Headers/Private/Yoga -I/Users/tungstonlabs/Library/Developer/Xcode/DerivedData/HealthApp-fjgvhltvryzvlufiayyipuiynnzt/Build/Intermediates.noindex/Pods.build/Debug-iphoneos/RNGestureHandler.build/DerivedSources-normal/arm64 -I/Users/tungstonlabs/Library/Developer/Xcode/DerivedData/HealthApp-fjgvhltvryzvlufiayyipuiynnzt/Build/Intermediates.noindex/Pods.build/Debug-iphoneos/RNGestureHandler.build/DerivedSources/arm64 -I/Users/tungstonlabs/Library/Developer/Xcode/DerivedData/HealthApp-fjgvhltvryzvlufiayyipuiynnzt/Build/Intermediates.noindex/Pods.build/Debug-iphoneos/RNGestureHandler.build/DerivedSources -F/Users/tungstonlabs/Library/Developer/Xcode/DerivedData/HealthApp-fjgvhltvryzvlufiayyipuiynnzt/Build/Products/Debug-iphoneos/RNGestureHandler -F/Users/tungstonlabs/Desktop/HealthApp-Mobile/ios/Pods/hermes-engine/destroot/Library/Frameworks/universal -F/Users/tungstonlabs/Library/Developer/Xcode/DerivedData/HealthApp-fjgvhltvryzvlufiayyipuiynnzt/Build/Products/Debug-iphoneos/XCFrameworkIntermediates/hermes-engine/Pre-built '-fmodule-map-file=/Users/tungstonlabs/Desktop/HealthApp-Mobile/ios/Pods/Headers/Public/DoubleConversion/DoubleConversion.modulemap' '-fmodule-map-file=/Users/tungstonlabs/Desktop/HealthApp-Mobile/ios/Pods/Headers/Public/RCTDeprecation/RCTDeprecation.modulemap' '-fmodule-map-file=/Users/tungstonlabs/Desktop/HealthApp-Mobile/ios/Pods/Headers/Public/RCTFabric/React-RCTFabric.modulemap' '-fmodule-map-file=/Users/tungstonlabs/Desktop/HealthApp-Mobile/ios/Pods/Headers/Public/RCTImage/React-RCTImage.modulemap' '-fmodule-map-file=/Users/tungstonlabs/Desktop/HealthApp-Mobile/ios/Pods/Headers/Public/RCTRuntime/React-RCTRuntime.modulemap' '-fmodule-map-file=/Users/tungstonlabs/Desktop/HealthApp-Mobile/ios/Pods/Headers/Public/RCTTypeSafety/RCTTypeSafety.modulemap' '-fmodule-map-file=/Users/tungstonlabs/Desktop/HealthApp-Mobile/ios/Pods/Headers/Public/React/React-Core.modulemap' '-fmodule-map-file=/Users/tungstonlabs/Desktop/HealthApp-Mobile/ios/Pods/Headers/Public/ReactCodegen/ReactCodegen.modulemap' '-fmodule-map-file=/Users/tungstonlabs/Desktop/HealthApp-Mobile/ios/Pods/Headers/Public/ReactCommon/ReactCommon.modulemap' '-fmodule-map-file=/Users/tungstonlabs/Desktop/HealthApp-Mobile/ios/Pods/Headers/Public/React_Fabric/React-Fabric.modulemap' '-fmodule-map-file=/Users/tungstonlabs/Desktop/HealthApp-Mobile/ios/Pods/Headers/Public/React_FabricComponents/React-FabricComponents.modulemap' '-fmodule-map-file=/Users/tungstonlabs/Desktop/HealthApp-Mobile/ios/Pods/Headers/Public/React_NativeModulesApple/React-NativeModulesApple.modulemap' '-fmodule-map-file=/Users/tungstonlabs/Desktop/HealthApp-Mobile/ios/Pods/Headers/Public/React_RCTAppDelegate/React-RCTAppDelegate.modulemap' '-fmodule-map-file=/Users/tungstonlabs/Desktop/HealthApp-Mobile/ios/Pods/Headers/Public/React_runtimeexecutor/React-runtimeexecutor.modulemap' '-fmodule-map-file=/Users/tungstonlabs/Desktop/HealthApp-Mobile/ios/Pods/Headers/Public/SocketRocket/SocketRocket.modulemap' '-fmodule-map-file=/Users/tungstonlabs/Desktop/HealthApp-Mobile/ios/Pods/Headers/Public/fmt/fmt.modulemap' '-fmodule-map-file=/Users/tungstonlabs/Desktop/HealthApp-Mobile/ios/Pods/Headers/Public/folly/RCT-Folly.modulemap' '-fmodule-map-file=/Users/tungstonlabs/Desktop/HealthApp-Mobile/ios/Pods/Headers/Public/glog/glog.modulemap' '-fmodule-map-file=/Users/tungstonlabs/Desktop/HealthApp-Mobile/ios/Pods/Headers/Public/jsi/React-jsi.modulemap' '-fmodule-map-file=/Users/tungstonlabs/Desktop/HealthApp-Mobile/ios/Pods/Headers/Public/jsinspector_modern/React-jsinspector.modulemap' '-fmodule-map-file=/Users/tungstonlabs/Desktop/HealthApp-Mobile/ios/Pods/Headers/Public/jsinspector_modern_cdp/React-jsinspectorcdp.modulemap' '-fmodule-map-file=/Users/tungstonlabs/Desktop/HealthApp-Mobile/ios/Pods/Headers/Public/jsinspector_modern_network/React-jsinspectornetwork.modulemap' '-fmodule-map-file=/Users/tungstonlabs/Desktop/HealthApp-Mobile/ios/Pods/Headers/Public/jsinspector_modern_tracing/React-jsinspectortracing.modulemap' '-fmodule-map-file=/Users/tungstonlabs/Desktop/HealthApp-Mobile/ios/Pods/Headers/Public/react_debug/React-debug.modulemap' '-fmodule-map-file=/Users/tungstonlabs/Desktop/HealthApp-Mobile/ios/Pods/Headers/Public/react_featureflags/React-featureflags.modulemap' '-fmodule-map-file=/Users/tungstonlabs/Desktop/HealthApp-Mobile/ios/Pods/Headers/Public/react_nativemodule_defaults/React-defaultsnativemodule.modulemap' '-fmodule-map-file=/Users/tungstonlabs/Desktop/HealthApp-Mobile/ios/Pods/Headers/Public/react_nativemodule_dom/React-domnativemodule.modulemap' '-fmodule-map-file=/Users/tungstonlabs/Desktop/HealthApp-Mobile/ios/Pods/Headers/Public/react_nativemodule_featureflags/React-featureflagsnativemodule.modulemap' '-fmodule-map-file=/Users/tungstonlabs/Desktop/HealthApp-Mobile/ios/Pods/Headers/Public/react_nativemodule_idlecallbacks/React-idlecallbacksnativemodule.modulemap' '-fmodule-map-file=/Users/tungstonlabs/Desktop/HealthApp-Mobile/ios/Pods/Headers/Public/react_nativemodule_microtasks/React-microtasksnativemodule.modulemap' '-fmodule-map-file=/Users/tungstonlabs/Desktop/HealthApp-Mobile/ios/Pods/Headers/Public/react_nativemodule_webperformance/React-webperformancenativemodule.modulemap' '-fmodule-map-file=/Users/tungstonlabs/Desktop/HealthApp-Mobile/ios/Pods/Headers/Public/react_renderer_css/React-renderercss.modulemap' '-fmodule-map-file=/Users/tungstonlabs/Desktop/HealthApp-Mobile/ios/Pods/Headers/Public/react_renderer_debug/React-rendererdebug.modulemap' '-fmodule-map-file=/Users/tungstonlabs/Desktop/HealthApp-Mobile/ios/Pods/Headers/Public/react_renderer_graphics/React-graphics.modulemap' '-fmodule-map-file=/Users/tungstonlabs/Desktop/HealthApp-Mobile/ios/Pods/Headers/Public/react_renderer_imagemanager/React-ImageManager.modulemap' '-fmodule-map-file=/Users/tungstonlabs/Desktop/HealthApp-Mobile/ios/Pods/Headers/Public/react_runtime/React-jsitooling.modulemap' '-fmodule-map-file=/Users/tungstonlabs/Desktop/HealthApp-Mobile/ios/Pods/Headers/Public/react_utils/React-utils.modulemap' '-fmodule-map-file=/Users/tungstonlabs/Desktop/HealthApp-Mobile/ios/Pods/Headers/Public/reacthermes/React-hermes.modulemap' '-fmodule-map-file=/Users/tungstonlabs/Desktop/HealthApp-Mobile/ios/Pods/Headers/Public/yoga/Yoga.modulemap' '-DREACT_NATIVE_MINOR_VERSION=82'

WriteAuxiliaryFile /Users/tungstonlabs/Library/Developer/Xcode/DerivedData/HealthApp-fjgvhltvryzvlufiayyipuiynnzt/Build/Intermediates.noindex/Pods.build/Debug-iphoneos/RNGestureHandler.build/Objects-normal/arm64/af3fcb34312c57c0f52879cdce924b91-common-args.resp (in target 'RNGestureHandler' from project 'Pods')
    cd /Users/tungstonlabs/Desktop/HealthApp-Mobile/ios/Pods
    write-file /Users/tungstonlabs/Library/Developer/Xcode/DerivedData/HealthApp-fjgvhltvryzvlufiayyipuiynnzt/Build/Intermediates.noindex/Pods.build/Debug-iphoneos/RNGestureHandler.build/Objects-normal/arm64/af3fcb34312c57c0f52879cdce924b91-common-args.resp
'-std=c++20' '-stdlib=libc++' -fobjc-arc -fmodules -fno-cxx-modules '-fmodules-cache-path=/Users/tungstonlabs/Library/Developer/Xcode/DerivedData/ModuleCache.noindex' '-D_LIBCPP_HARDENING_MODE=_LIBCPP_HARDENING_MODE_DEBUG' -fpascal-strings -O0 -fno-common '-DPOD_CONFIGURATION_DEBUG=1' '-DDEBUG=1' '-DCOCOAPODS=1' '-DOBJC_OLD_DISPATCH_PROTOTYPES=0' -g -iquote /Users/tungstonlabs/Library/Developer/Xcode/DerivedData/HealthApp-fjgvhltvryzvlufiayyipuiynnzt/Build/Intermediates.noindex/Pods.build/Debug-iphoneos/RNGestureHandler.build/RNGestureHandler-generated-files.hmap -I/Users/tungstonlabs/Library/Developer/Xcode/DerivedData/HealthApp-fjgvhltvryzvlufiayyipuiynnzt/Build/Intermediates.noindex/Pods.build/Debug-iphoneos/RNGestureHandler.build/RNGestureHandler-own-target-headers.hmap -I/Users/tungstonlabs/Library/Developer/Xcode/DerivedData/HealthApp-fjgvhltvryzvlufiayyipuiynnzt/Build/Intermediates.noindex/Pods.build/Debug-iphoneos/RNGestureHandler.build/RNGestureHandler-all-non-framework-target-headers.hmap -ivfsoverlay /Users/tungstonlabs/Library/Developer/Xcode/DerivedData/HealthApp-fjgvhltvryzvlufiayyipuiynnzt/Build/Intermediates.noindex/Pods.build/Debug-iphoneos/Pods-8699adb1dd336b26511df848a716bd42-VFS-iphoneos/all-product-headers.yaml -iquote /Users/tungstonlabs/Library/Developer/Xcode/DerivedData/HealthApp-fjgvhltvryzvlufiayyipuiynnzt/Build/Intermediates.noindex/Pods.build/Debug-iphoneos/RNGestureHandler.build/RNGestureHandler-project-headers.hmap -I/Users/tungstonlabs/Library/Developer/Xcode/DerivedData/HealthApp-fjgvhltvryzvlufiayyipuiynnzt/Build/Products/Debug-iphoneos/RNGestureHandler/include -I/Users/tungstonlabs/Desktop/HealthApp-Mobile/ios/Pods/Headers/Private -I/Users/tungstonlabs/Desktop/HealthApp-Mobile/ios/Pods/Headers/Private/RNGestureHandler -I/Users/tungstonlabs/Desktop/HealthApp-Mobile/ios/Pods/Headers/Public -I/Users/tungstonlabs/Desktop/HealthApp-Mobile/ios/Pods/Headers/Public/DoubleConversion -I/Users/tungstonlabs/Desktop/HealthApp-Mobile/ios/Pods/Headers/Public/FBLazyVector -I/Users/tungstonlabs/Desktop/HealthApp-Mobile/ios/Pods/Headers/Public/RCT-Folly -I/Users/tungstonlabs/Desktop/HealthApp-Mobile/ios/Pods/Headers/Public/RCTDeprecation -I/Users/tungstonlabs/Desktop/HealthApp-Mobile/ios/Pods/Headers/Public/RCTRequired -I/Users/tungstonlabs/Desktop/HealthApp-Mobile/ios/Pods/Headers/Public/RCTTypeSafety -I/Users/tungstonlabs/Desktop/HealthApp-Mobile/ios/Pods/Headers/Public/RNGestureHandler -I/Users/tungstonlabs/Desktop/HealthApp-Mobile/ios/Pods/Headers/Public/React-Core -I/Users/tungstonlabs/Desktop/HealthApp-Mobile/ios/Pods/Headers/Public/React-Fabric -I/Users/tungstonlabs/Desktop/HealthApp-Mobile/ios/Pods/Headers/Public/React-FabricComponents -I/Users/tungstonlabs/Desktop/HealthApp-Mobile/ios/Pods/Headers/Public/React-FabricImage -I/Users/tungstonlabs/Desktop/HealthApp-Mobile/ios/Pods/Headers/Public/React-ImageManager -I/Users/tungstonlabs/Desktop/HealthApp-Mobile/ios/Pods/Headers/Public/React-Mapbuffer -I/Users/tungstonlabs/Desktop/HealthApp-Mobile/ios/Pods/Headers/Public/React-NativeModulesApple -I/Users/tungstonlabs/Desktop/HealthApp-Mobile/ios/Pods/Headers/Public/React-RCTAnimation -I/Users/tungstonlabs/Desktop/HealthApp-Mobile/ios/Pods/Headers/Public/React-RCTAppDelegate -I/Users/tungstonlabs/Desktop/HealthApp-Mobile/ios/Pods/Headers/Public/React-RCTBlob -I/Users/tungstonlabs/Desktop/HealthApp-Mobile/ios/Pods/Headers/Public/React-RCTFBReactNativeSpec -I/Users/tungstonlabs/Desktop/HealthApp-Mobile/ios/Pods/Headers/Public/React-RCTFabric -I/Users/tungstonlabs/Desktop/HealthApp-Mobile/ios/Pods/Headers/Public/React-RCTRuntime -I/Users/tungstonlabs/Desktop/HealthApp-Mobile/ios/Pods/Headers/Public/React-RCTText -I/Users/tungstonlabs/Desktop/HealthApp-Mobile/ios/Pods/Headers/Public/React-RuntimeApple -I/Users/tungstonlabs/Desktop/HealthApp-Mobile/ios/Pods/Headers/Public/React-RuntimeCore -I/Users/tungstonlabs/Desktop/HealthApp-Mobile/ios/Pods/Headers/Public/React-RuntimeHermes -I/Users/tungstonlabs/Desktop/HealthApp-Mobile/ios/Pods/Headers/Public/React-callinvoker -I/Users/tungstonlabs/Desktop/HealthApp-Mobile/ios/Pods/Headers/Public/React-cxxreact -I/Users/tungstonlabs/Desktop/HealthApp-Mobile/ios/Pods/Headers/Public/React-debug -I/Users/tungstonlabs/Desktop/HealthApp-Mobile/ios/Pods/Headers/Public/React-defaultsnativemodule -I/Users/tungstonlabs/Desktop/HealthApp-Mobile/ios/Pods/Headers/Public/React-domnativemodule -I/Users/tungstonlabs/Desktop/HealthApp-Mobile/ios/Pods/Headers/Public/React-featureflags -I/Users/tungstonlabs/Desktop/HealthApp-Mobile/ios/Pods/Headers/Public/React-featureflagsnativemodule -I/Users/tungstonlabs/Desktop/HealthApp-Mobile/ios/Pods/Headers/Public/React-graphics -I/Users/tungstonlabs/Desktop/HealthApp-Mobile/ios/Pods/Headers/Public/React-hermes -I/Users/tungstonlabs/Desktop/HealthApp-Mobile/ios/Pods/Headers/Public/React-idlecallbacksnativemodule -I/Users/tungstonlabs/Desktop/HealthApp-Mobile/ios/Pods/Headers/Public/React-jserrorhandler -I/Users/tungstonlabs/Desktop/HealthApp-Mobile/ios/Pods/Headers/Public/React-jsi -I/Users/tungstonlabs/Desktop/HealthApp-Mobile/ios/Pods/Headers/Public/React-jsiexecutor -I/Users/tungstonlabs/Desktop/HealthApp-Mobile/ios/Pods/Headers/Public/React-jsinspector -I/Users/tungstonlabs/Desktop/HealthApp-Mobile/ios/Pods/Headers/Public/React-jsinspectorcdp -I/Users/tungstonlabs/Desktop/HealthApp-Mobile/ios/Pods/Headers/Public/React-jsinspectornetwork -I/Users/tungstonlabs/Desktop/HealthApp-Mobile/ios/Pods/Headers/Public/React-jsinspectortracing -I/Users/tungstonlabs/Desktop/HealthApp-Mobile/ios/Pods/Headers/Public/React-jsitooling -I/Users/tungstonlabs/Desktop/HealthApp-Mobile/ios/Pods/Headers/Public/React-logger -I/Users/tungstonlabs/Desktop/HealthApp-Mobile/ios/Pods/Headers/Public/React-microtasksnativemodule -I/Users/tungstonlabs/Desktop/HealthApp-Mobile/ios/Pods/Headers/Public/React-oscompat -I/Users/tungstonlabs/Desktop/HealthApp-Mobile/ios/Pods/Headers/Public/React-perflogger -I/Users/tungstonlabs/Desktop/HealthApp-Mobile/ios/Pods/Headers/Public/React-performancecdpmetrics -I/Users/tungstonlabs/Desktop/HealthApp-Mobile/ios/Pods/Headers/Public/React-performancetimeline -I/Users/tungstonlabs/Desktop/HealthApp-Mobile/ios/Pods/Headers/Public/React-rendererconsistency -I/Users/tungstonlabs/Desktop/HealthApp-Mobile/ios/Pods/Headers/Public/React-renderercss -I/Users/tungstonlabs/Desktop/HealthApp-Mobile/ios/Pods/Headers/Public/React-rendererdebug -I/Users/tungstonlabs/Desktop/HealthApp-Mobile/ios/Pods/Headers/Public/React-runtimeexecutor -I/Users/tungstonlabs/Desktop/HealthApp-Mobile/ios/Pods/Headers/Public/React-runtimescheduler -I/Users/tungstonlabs/Desktop/HealthApp-Mobile/ios/Pods/Headers/Public/React-timing -I/Users/tungstonlabs/Desktop/HealthApp-Mobile/ios/Pods/Headers/Public/React-utils -I/Users/tungstonlabs/Desktop/HealthApp-Mobile/ios/Pods/Headers/Public/React-webperformancenativemodule -I/Users/tungstonlabs/Desktop/HealthApp-Mobile/ios/Pods/Headers/Public/ReactCodegen -I/Users/tungstonlabs/Desktop/HealthApp-Mobile/ios/Pods/Headers/Public/ReactCommon -I/Users/tungstonlabs/Desktop/HealthApp-Mobile/ios/Pods/Headers/Public/SocketRocket -I/Users/tungstonlabs/Desktop/HealthApp-Mobile/ios/Pods/Headers/Public/Yoga -I/Users/tungstonlabs/Desktop/HealthApp-Mobile/ios/Pods/Headers/Public/boost -I/Users/tungstonlabs/Desktop/HealthApp-Mobile/ios/Pods/Headers/Public/fast_float -I/Users/tungstonlabs/Desktop/HealthApp-Mobile/ios/Pods/Headers/Public/fmt -I/Users/tungstonlabs/Desktop/HealthApp-Mobile/ios/Pods/Headers/Public/glog -I/Users/tungstonlabs/Desktop/HealthApp-Mobile/ios/Pods/Headers/Public/hermes-engine -I/Users/tungstonlabs/Desktop/HealthApp-Mobile/ios/Pods/Headers/Private/Yoga -I/Users/tungstonlabs/Library/Developer/Xcode/DerivedData/HealthApp-fjgvhltvryzvlufiayyipuiynnzt/Build/Intermediates.noindex/Pods.build/Debug-iphoneos/RNGestureHandler.build/DerivedSources-normal/arm64 -I/Users/tungstonlabs/Library/Developer/Xcode/DerivedData/HealthApp-fjgvhltvryzvlufiayyipuiynnzt/Build/Intermediates.noindex/Pods.build/Debug-iphoneos/RNGestureHandler.build/DerivedSources/arm64 -I/Users/tungstonlabs/Library/Developer/Xcode/DerivedData/HealthApp-fjgvhltvryzvlufiayyipuiynnzt/Build/Intermediates.noindex/Pods.build/Debug-iphoneos/RNGestureHandler.build/DerivedSources -F/Users/tungstonlabs/Library/Developer/Xcode/DerivedData/HealthApp-fjgvhltvryzvlufiayyipuiynnzt/Build/Products/Debug-iphoneos/RNGestureHandler -F/Users/tungstonlabs/Desktop/HealthApp-Mobile/ios/Pods/hermes-engine/destroot/Library/Frameworks/universal -F/Users/tungstonlabs/Library/Developer/Xcode/DerivedData/HealthApp-fjgvhltvryzvlufiayyipuiynnzt/Build/Products/Debug-iphoneos/XCFrameworkIntermediates/hermes-engine/Pre-built '-fmodule-map-file=/Users/tungstonlabs/Desktop/HealthApp-Mobile/ios/Pods/Headers/Public/DoubleConversion/DoubleConversion.modulemap' '-fmodule-map-file=/Users/tungstonlabs/Desktop/HealthApp-Mobile/ios/Pods/Headers/Public/RCTDeprecation/RCTDeprecation.modulemap' '-fmodule-map-file=/Users/tungstonlabs/Desktop/HealthApp-Mobile/ios/Pods/Headers/Public/RCTFabric/React-RCTFabric.modulemap' '-fmodule-map-file=/Users/tungstonlabs/Desktop/HealthApp-Mobile/ios/Pods/Headers/Public/RCTImage/React-RCTImage.modulemap' '-fmodule-map-file=/Users/tungstonlabs/Desktop/HealthApp-Mobile/ios/Pods/Headers/Public/RCTRuntime/React-RCTRuntime.modulemap' '-fmodule-map-file=/Users/tungstonlabs/Desktop/HealthApp-Mobile/ios/Pods/Headers/Public/RCTTypeSafety/RCTTypeSafety.modulemap' '-fmodule-map-file=/Users/tungstonlabs/Desktop/HealthApp-Mobile/ios/Pods/Headers/Public/React/React-Core.modulemap' '-fmodule-map-file=/Users/tungstonlabs/Desktop/HealthApp-Mobile/ios/Pods/Headers/Public/ReactCodegen/ReactCodegen.modulemap' '-fmodule-map-file=/Users/tungstonlabs/Desktop/HealthApp-Mobile/ios/Pods/Headers/Public/ReactCommon/ReactCommon.modulemap' '-fmodule-map-file=/Users/tungstonlabs/Desktop/HealthApp-Mobile/ios/Pods/Headers/Public/React_Fabric/React-Fabric.modulemap' '-fmodule-map-file=/Users/tungstonlabs/Desktop/HealthApp-Mobile/ios/Pods/Headers/Public/React_FabricComponents/React-FabricComponents.modulemap' '-fmodule-map-file=/Users/tungstonlabs/Desktop/HealthApp-Mobile/ios/Pods/Headers/Public/React_NativeModulesApple/React-NativeModulesApple.modulemap' '-fmodule-map-file=/Users/tungstonlabs/Desktop/HealthApp-Mobile/ios/Pods/Headers/Public/React_RCTAppDelegate/React-RCTAppDelegate.modulemap' '-fmodule-map-file=/Users/tungstonlabs/Desktop/HealthApp-Mobile/ios/Pods/Headers/Public/React_runtimeexecutor/React-runtimeexecutor.modulemap' '-fmodule-map-file=/Users/tungstonlabs/Desktop/HealthApp-Mobile/ios/Pods/Headers/Public/SocketRocket/SocketRocket.modulemap' '-fmodule-map-file=/Users/tungstonlabs/Desktop/HealthApp-Mobile/ios/Pods/Headers/Public/fmt/fmt.modulemap' '-fmodule-map-file=/Users/tungstonlabs/Desktop/HealthApp-Mobile/ios/Pods/Headers/Public/folly/RCT-Folly.modulemap' '-fmodule-map-file=/Users/tungstonlabs/Desktop/HealthApp-Mobile/ios/Pods/Headers/Public/glog/glog.modulemap' '-fmodule-map-file=/Users/tungstonlabs/Desktop/HealthApp-Mobile/ios/Pods/Headers/Public/jsi/React-jsi.modulemap' '-fmodule-map-file=/Users/tungstonlabs/Desktop/HealthApp-Mobile/ios/Pods/Headers/Public/jsinspector_modern/React-jsinspector.modulemap' '-fmodule-map-file=/Users/tungstonlabs/Desktop/HealthApp-Mobile/ios/Pods/Headers/Public/jsinspector_modern_cdp/React-jsinspectorcdp.modulemap' '-fmodule-map-file=/Users/tungstonlabs/Desktop/HealthApp-Mobile/ios/Pods/Headers/Public/jsinspector_modern_network/React-jsinspectornetwork.modulemap' '-fmodule-map-file=/Users/tungstonlabs/Desktop/HealthApp-Mobile/ios/Pods/Headers/Public/jsinspector_modern_tracing/React-jsinspectortracing.modulemap' '-fmodule-map-file=/Users/tungstonlabs/Desktop/HealthApp-Mobile/ios/Pods/Headers/Public/react_debug/React-debug.modulemap' '-fmodule-map-file=/Users/tungstonlabs/Desktop/HealthApp-Mobile/ios/Pods/Headers/Public/react_featureflags/React-featureflags.modulemap' '-fmodule-map-file=/Users/tungstonlabs/Desktop/HealthApp-Mobile/ios/Pods/Headers/Public/react_nativemodule_defaults/React-defaultsnativemodule.modulemap' '-fmodule-map-file=/Users/tungstonlabs/Desktop/HealthApp-Mobile/ios/Pods/Headers/Public/react_nativemodule_dom/React-domnativemodule.modulemap' '-fmodule-map-file=/Users/tungstonlabs/Desktop/HealthApp-Mobile/ios/Pods/Headers/Public/react_nativemodule_featureflags/React-featureflagsnativemodule.modulemap' '-fmodule-map-file=/Users/tungstonlabs/Desktop/HealthApp-Mobile/ios/Pods/Headers/Public/react_nativemodule_idlecallbacks/React-idlecallbacksnativemodule.modulemap' '-fmodule-map-file=/Users/tungstonlabs/Desktop/HealthApp-Mobile/ios/Pods/Headers/Public/react_nativemodule_microtasks/React-microtasksnativemodule.modulemap' '-fmodule-map-file=/Users/tungstonlabs/Desktop/HealthApp-Mobile/ios/Pods/Headers/Public/react_nativemodule_webperformance/React-webperformancenativemodule.modulemap' '-fmodule-map-file=/Users/tungstonlabs/Desktop/HealthApp-Mobile/ios/Pods/Headers/Public/react_renderer_css/React-renderercss.modulemap' '-fmodule-map-file=/Users/tungstonlabs/Desktop/HealthApp-Mobile/ios/Pods/Headers/Public/react_renderer_debug/React-rendererdebug.modulemap' '-fmodule-map-file=/Users/tungstonlabs/Desktop/HealthApp-Mobile/ios/Pods/Headers/Public/react_renderer_graphics/React-graphics.modulemap' '-fmodule-map-file=/Users/tungstonlabs/Desktop/HealthApp-Mobile/ios/Pods/Headers/Public/react_renderer_imagemanager/React-ImageManager.modulemap' '-fmodule-map-file=/Users/tungstonlabs/Desktop/HealthApp-Mobile/ios/Pods/Headers/Public/react_runtime/React-jsitooling.modulemap' '-fmodule-map-file=/Users/tungstonlabs/Desktop/HealthApp-Mobile/ios/Pods/Headers/Public/react_utils/React-utils.modulemap' '-fmodule-map-file=/Users/tungstonlabs/Desktop/HealthApp-Mobile/ios/Pods/Headers/Public/reacthermes/React-hermes.modulemap' '-fmodule-map-file=/Users/tungstonlabs/Desktop/HealthApp-Mobile/ios/Pods/Headers/Public/yoga/Yoga.modulemap' '-DREACT_NATIVE_MINOR_VERSION=82' '-DRCT_NEW_ARCH_ENABLED=1'

WriteAuxiliaryFile /Users/tungstonlabs/Library/Developer/Xcode/DerivedData/HealthApp-fjgvhltvryzvlufiayyipuiynnzt/Build/Intermediates.noindex/Pods.build/Debug-iphoneos/RNGestureHandler.build/Objects-normal/arm64/RNGestureHandler.LinkFileList (in target 'RNGestureHandler' from project 'Pods')
    cd /Users/tungstonlabs/Desktop/HealthApp-Mobile/ios/Pods
    write-file /Users/tungstonlabs/Library/Developer/Xcode/DerivedData/HealthApp-fjgvhltvryzvlufiayyipuiynnzt/Build/Intermediates.noindex/Pods.build/Debug-iphoneos/RNGestureHandler.build/Objects-normal/arm64/RNGestureHandler.LinkFileList

WriteAuxiliaryFile /Users/tungstonlabs/Library/Developer/Xcode/DerivedData/HealthApp-fjgvhltvryzvlufiayyipuiynnzt/Build/Intermediates.noindex/Pods.build/Debug-iphoneos/RNDateTimePicker.build/RNDateTimePicker.hmap (in target 'RNDateTimePicker' from project 'Pods')
    cd /Users/tungstonlabs/Desktop/HealthApp-Mobile/ios/Pods
    write-file /Users/tungstonlabs/Library/Developer/Xcode/DerivedData/HealthApp-fjgvhltvryzvlufiayyipuiynnzt/Build/Intermediates.noindex/Pods.build/Debug-iphoneos/RNDateTimePicker.build/RNDateTimePicker.hmap

WriteAuxiliaryFile /Users/tungstonlabs/Library/Developer/Xcode/DerivedData/HealthApp-fjgvhltvryzvlufiayyipuiynnzt/Build/Intermediates.noindex/Pods.build/Debug-iphoneos/RNDateTimePicker.build/RNDateTimePicker.DependencyStaticMetadataFileList (in target 'RNDateTimePicker' from project 'Pods')
    cd /Users/tungstonlabs/Desktop/HealthApp-Mobile/ios/Pods
    write-file /Users/tungstonlabs/Library/Developer/Xcode/DerivedData/HealthApp-fjgvhltvryzvlufiayyipuiynnzt/Build/Intermediates.noindex/Pods.build/Debug-iphoneos/RNDateTimePicker.build/RNDateTimePicker.DependencyStaticMetadataFileList

WriteAuxiliaryFile /Users/tungstonlabs/Library/Developer/Xcode/DerivedData/HealthApp-fjgvhltvryzvlufiayyipuiynnzt/Build/Intermediates.noindex/Pods.build/Debug-iphoneos/RNDateTimePicker.build/RNDateTimePicker.DependencyMetadataFileList (in target 'RNDateTimePicker' from project 'Pods')
    cd /Users/tungstonlabs/Desktop/HealthApp-Mobile/ios/Pods
    write-file /Users/tungstonlabs/Library/Developer/Xcode/DerivedData/HealthApp-fjgvhltvryzvlufiayyipuiynnzt/Build/Intermediates.noindex/Pods.build/Debug-iphoneos/RNDateTimePicker.build/RNDateTimePicker.DependencyMetadataFileList

WriteAuxiliaryFile /Users/tungstonlabs/Library/Developer/Xcode/DerivedData/HealthApp-fjgvhltvryzvlufiayyipuiynnzt/Build/Intermediates.noindex/Pods.build/Debug-iphoneos/RNDateTimePicker.build/RNDateTimePicker-project-headers.hmap (in target 'RNDateTimePicker' from project 'Pods')
    cd /Users/tungstonlabs/Desktop/HealthApp-Mobile/ios/Pods
    write-file /Users/tungstonlabs/Library/Developer/Xcode/DerivedData/HealthApp-fjgvhltvryzvlufiayyipuiynnzt/Build/Intermediates.noindex/Pods.build/Debug-iphoneos/RNDateTimePicker.build/RNDateTimePicker-project-headers.hmap

WriteAuxiliaryFile /Users/tungstonlabs/Library/Developer/Xcode/DerivedData/HealthApp-fjgvhltvryzvlufiayyipuiynnzt/Build/Intermediates.noindex/Pods.build/Debug-iphoneos/RNDateTimePicker.build/RNDateTimePicker-own-target-headers.hmap (in target 'RNDateTimePicker' from project 'Pods')
    cd /Users/tungstonlabs/Desktop/HealthApp-Mobile/ios/Pods
    write-file /Users/tungstonlabs/Library/Developer/Xcode/DerivedData/HealthApp-fjgvhltvryzvlufiayyipuiynnzt/Build/Intermediates.noindex/Pods.build/Debug-iphoneos/RNDateTimePicker.build/RNDateTimePicker-own-target-headers.hmap

WriteAuxiliaryFile /Users/tungstonlabs/Library/Developer/Xcode/DerivedData/HealthApp-fjgvhltvryzvlufiayyipuiynnzt/Build/Intermediates.noindex/Pods.build/Debug-iphoneos/RNDateTimePicker.build/RNDateTimePicker-generated-files.hmap (in target 'RNDateTimePicker' from project 'Pods')
    cd /Users/tungstonlabs/Desktop/HealthApp-Mobile/ios/Pods
    write-file /Users/tungstonlabs/Library/Developer/Xcode/DerivedData/HealthApp-fjgvhltvryzvlufiayyipuiynnzt/Build/Intermediates.noindex/Pods.build/Debug-iphoneos/RNDateTimePicker.build/RNDateTimePicker-generated-files.hmap

WriteAuxiliaryFile /Users/tungstonlabs/Library/Developer/Xcode/DerivedData/HealthApp-fjgvhltvryzvlufiayyipuiynnzt/Build/Intermediates.noindex/Pods.build/Debug-iphoneos/RNDateTimePicker.build/RNDateTimePicker-all-target-headers.hmap (in target 'RNDateTimePicker' from project 'Pods')
    cd /Users/tungstonlabs/Desktop/HealthApp-Mobile/ios/Pods
    write-file /Users/tungstonlabs/Library/Developer/Xcode/DerivedData/HealthApp-fjgvhltvryzvlufiayyipuiynnzt/Build/Intermediates.noindex/Pods.build/Debug-iphoneos/RNDateTimePicker.build/RNDateTimePicker-all-target-headers.hmap

WriteAuxiliaryFile /Users/tungstonlabs/Library/Developer/Xcode/DerivedData/HealthApp-fjgvhltvryzvlufiayyipuiynnzt/Build/Intermediates.noindex/Pods.build/Debug-iphoneos/RNDateTimePicker.build/RNDateTimePicker-all-non-framework-target-headers.hmap (in target 'RNDateTimePicker' from project 'Pods')
    cd /Users/tungstonlabs/Desktop/HealthApp-Mobile/ios/Pods
    write-file /Users/tungstonlabs/Library/Developer/Xcode/DerivedData/HealthApp-fjgvhltvryzvlufiayyipuiynnzt/Build/Intermediates.noindex/Pods.build/Debug-iphoneos/RNDateTimePicker.build/RNDateTimePicker-all-non-framework-target-headers.hmap

WriteAuxiliaryFile /Users/tungstonlabs/Library/Developer/Xcode/DerivedData/HealthApp-fjgvhltvryzvlufiayyipuiynnzt/Build/Intermediates.noindex/Pods.build/Debug-iphoneos/RNDateTimePicker.build/Objects-normal/arm64/e6072d4f65d7061329687fe24e3d63a7-common-args.resp (in target 'RNDateTimePicker' from project 'Pods')
    cd /Users/tungstonlabs/Desktop/HealthApp-Mobile/ios/Pods
    write-file /Users/tungstonlabs/Library/Developer/Xcode/DerivedData/HealthApp-fjgvhltvryzvlufiayyipuiynnzt/Build/Intermediates.noindex/Pods.build/Debug-iphoneos/RNDateTimePicker.build/Objects-normal/arm64/e6072d4f65d7061329687fe24e3d63a7-common-args.resp
'-std=gnu11' -fobjc-arc -fmodules '-fmodules-cache-path=/Users/tungstonlabs/Library/Developer/Xcode/DerivedData/ModuleCache.noindex' -fpascal-strings -O0 -fno-common '-DPOD_CONFIGURATION_DEBUG=1' '-DDEBUG=1' '-DCOCOAPODS=1' '-DOBJC_OLD_DISPATCH_PROTOTYPES=0' -g -iquote /Users/tungstonlabs/Library/Developer/Xcode/DerivedData/HealthApp-fjgvhltvryzvlufiayyipuiynnzt/Build/Intermediates.noindex/Pods.build/Debug-iphoneos/RNDateTimePicker.build/RNDateTimePicker-generated-files.hmap -I/Users/tungstonlabs/Library/Developer/Xcode/DerivedData/HealthApp-fjgvhltvryzvlufiayyipuiynnzt/Build/Intermediates.noindex/Pods.build/Debug-iphoneos/RNDateTimePicker.build/RNDateTimePicker-own-target-headers.hmap -I/Users/tungstonlabs/Library/Developer/Xcode/DerivedData/HealthApp-fjgvhltvryzvlufiayyipuiynnzt/Build/Intermediates.noindex/Pods.build/Debug-iphoneos/RNDateTimePicker.build/RNDateTimePicker-all-non-framework-target-headers.hmap -ivfsoverlay /Users/tungstonlabs/Library/Developer/Xcode/DerivedData/HealthApp-fjgvhltvryzvlufiayyipuiynnzt/Build/Intermediates.noindex/Pods.build/Debug-iphoneos/Pods-8699adb1dd336b26511df848a716bd42-VFS-iphoneos/all-product-headers.yaml -iquote /Users/tungstonlabs/Library/Developer/Xcode/DerivedData/HealthApp-fjgvhltvryzvlufiayyipuiynnzt/Build/Intermediates.noindex/Pods.build/Debug-iphoneos/RNDateTimePicker.build/RNDateTimePicker-project-headers.hmap -I/Users/tungstonlabs/Library/Developer/Xcode/DerivedData/HealthApp-fjgvhltvryzvlufiayyipuiynnzt/Build/Products/Debug-iphoneos/RNDateTimePicker/include -I/Users/tungstonlabs/Desktop/HealthApp-Mobile/ios/Pods/Headers/Private -I/Users/tungstonlabs/Desktop/HealthApp-Mobile/ios/Pods/Headers/Private/RNDateTimePicker -I/Users/tungstonlabs/Desktop/HealthApp-Mobile/ios/Pods/Headers/Public -I/Users/tungstonlabs/Desktop/HealthApp-Mobile/ios/Pods/Headers/Public/DoubleConversion -I/Users/tungstonlabs/Desktop/HealthApp-Mobile/ios/Pods/Headers/Public/FBLazyVector -I/Users/tungstonlabs/Desktop/HealthApp-Mobile/ios/Pods/Headers/Public/RCT-Folly -I/Users/tungstonlabs/Desktop/HealthApp-Mobile/ios/Pods/Headers/Public/RCTDeprecation -I/Users/tungstonlabs/Desktop/HealthApp-Mobile/ios/Pods/Headers/Public/RCTRequired -I/Users/tungstonlabs/Desktop/HealthApp-Mobile/ios/Pods/Headers/Public/RCTTypeSafety -I/Users/tungstonlabs/Desktop/HealthApp-Mobile/ios/Pods/Headers/Public/RNDateTimePicker -I/Users/tungstonlabs/Desktop/HealthApp-Mobile/ios/Pods/Headers/Public/React-Core -I/Users/tungstonlabs/Desktop/HealthApp-Mobile/ios/Pods/Headers/Public/React-Fabric -I/Users/tungstonlabs/Desktop/HealthApp-Mobile/ios/Pods/Headers/Public/React-FabricComponents -I/Users/tungstonlabs/Desktop/HealthApp-Mobile/ios/Pods/Headers/Public/React-FabricImage -I/Users/tungstonlabs/Desktop/HealthApp-Mobile/ios/Pods/Headers/Public/React-ImageManager -I/Users/tungstonlabs/Desktop/HealthApp-Mobile/ios/Pods/Headers/Public/React-Mapbuffer -I/Users/tungstonlabs/Desktop/HealthApp-Mobile/ios/Pods/Headers/Public/React-NativeModulesApple -I/Users/tungstonlabs/Desktop/HealthApp-Mobile/ios/Pods/Headers/Public/React-RCTAnimation -I/Users/tungstonlabs/Desktop/HealthApp-Mobile/ios/Pods/Headers/Public/React-RCTAppDelegate -I/Users/tungstonlabs/Desktop/HealthApp-Mobile/ios/Pods/Headers/Public/React-RCTBlob -I/Users/tungstonlabs/Desktop/HealthApp-Mobile/ios/Pods/Headers/Public/React-RCTFBReactNativeSpec -I/Users/tungstonlabs/Desktop/HealthApp-Mobile/ios/Pods/Headers/Public/React-RCTFabric -I/Users/tungstonlabs/Desktop/HealthApp-Mobile/ios/Pods/Headers/Public/React-RCTRuntime -I/Users/tungstonlabs/Desktop/HealthApp-Mobile/ios/Pods/Headers/Public/React-RCTText -I/Users/tungstonlabs/Desktop/HealthApp-Mobile/ios/Pods/Headers/Public/React-RuntimeApple -I/Users/tungstonlabs/Desktop/HealthApp-Mobile/ios/Pods/Headers/Public/React-RuntimeCore -I/Users/tungstonlabs/Desktop/HealthApp-Mobile/ios/Pods/Headers/Public/React-RuntimeHermes -I/Users/tungstonlabs/Desktop/HealthApp-Mobile/ios/Pods/Headers/Public/React-callinvoker -I/Users/tungstonlabs/Desktop/HealthApp-Mobile/ios/Pods/Headers/Public/React-cxxreact -I/Users/tungstonlabs/Desktop/HealthApp-Mobile/ios/Pods/Headers/Public/React-debug -I/Users/tungstonlabs/Desktop/HealthApp-Mobile/ios/Pods/Headers/Public/React-defaultsnativemodule -I/Users/tungstonlabs/Desktop/HealthApp-Mobile/ios/Pods/Headers/Public/React-domnativemodule -I/Users/tungstonlabs/Desktop/HealthApp-Mobile/ios/Pods/Headers/Public/React-featureflags -I/Users/tungstonlabs/Desktop/HealthApp-Mobile/ios/Pods/Headers/Public/React-featureflagsnativemodule -I/Users/tungstonlabs/Desktop/HealthApp-Mobile/ios/Pods/Headers/Public/React-graphics -I/Users/tungstonlabs/Desktop/HealthApp-Mobile/ios/Pods/Headers/Public/React-hermes -I/Users/tungstonlabs/Desktop/HealthApp-Mobile/ios/Pods/Headers/Public/React-idlecallbacksnativemodule -I/Users/tungstonlabs/Desktop/HealthApp-Mobile/ios/Pods/Headers/Public/React-jserrorhandler -I/Users/tungstonlabs/Desktop/HealthApp-Mobile/ios/Pods/Headers/Public/React-jsi -I/Users/tungstonlabs/Desktop/HealthApp-Mobile/ios/Pods/Headers/Public/React-jsiexecutor -I/Users/tungstonlabs/Desktop/HealthApp-Mobile/ios/Pods/Headers/Public/React-jsinspector -I/Users/tungstonlabs/Desktop/HealthApp-Mobile/ios/Pods/Headers/Public/React-jsinspectorcdp -I/Users/tungstonlabs/Desktop/HealthApp-Mobile/ios/Pods/Headers/Public/React-jsinspectornetwork -I/Users/tungstonlabs/Desktop/HealthApp-Mobile/ios/Pods/Headers/Public/React-jsinspectortracing -I/Users/tungstonlabs/Desktop/HealthApp-Mobile/ios/Pods/Headers/Public/React-jsitooling -I/Users/tungstonlabs/Desktop/HealthApp-Mobile/ios/Pods/Headers/Public/React-logger -I/Users/tungstonlabs/Desktop/HealthApp-Mobile/ios/Pods/Headers/Public/React-microtasksnativemodule -I/Users/tungstonlabs/Desktop/HealthApp-Mobile/ios/Pods/Headers/Public/React-oscompat -I/Users/tungstonlabs/Desktop/HealthApp-Mobile/ios/Pods/Headers/Public/React-perflogger -I/Users/tungstonlabs/Desktop/HealthApp-Mobile/ios/Pods/Headers/Public/React-performancecdpmetrics -I/Users/tungstonlabs/Desktop/HealthApp-Mobile/ios/Pods/Headers/Public/React-performancetimeline -I/Users/tungstonlabs/Desktop/HealthApp-Mobile/ios/Pods/Headers/Public/React-rendererconsistency -I/Users/tungstonlabs/Desktop/HealthApp-Mobile/ios/Pods/Headers/Public/React-renderercss -I/Users/tungstonlabs/Desktop/HealthApp-Mobile/ios/Pods/Headers/Public/React-rendererdebug -I/Users/tungstonlabs/Desktop/HealthApp-Mobile/ios/Pods/Headers/Public/React-runtimeexecutor -I/Users/tungstonlabs/Desktop/HealthApp-Mobile/ios/Pods/Headers/Public/React-runtimescheduler -I/Users/tungstonlabs/Desktop/HealthApp-Mobile/ios/Pods/Headers/Public/React-timing -I/Users/tungstonlabs/Desktop/HealthApp-Mobile/ios/Pods/Headers/Public/React-utils -I/Users/tungstonlabs/Desktop/HealthApp-Mobile/ios/Pods/Headers/Public/React-webperformancenativemodule -I/Users/tungstonlabs/Desktop/HealthApp-Mobile/ios/Pods/Headers/Public/ReactCodegen -I/Users/tungstonlabs/Desktop/HealthApp-Mobile/ios/Pods/Headers/Public/ReactCommon -I/Users/tungstonlabs/Desktop/HealthApp-Mobile/ios/Pods/Headers/Public/SocketRocket -I/Users/tungstonlabs/Desktop/HealthApp-Mobile/ios/Pods/Headers/Public/Yoga -I/Users/tungstonlabs/Desktop/HealthApp-Mobile/ios/Pods/Headers/Public/boost -I/Users/tungstonlabs/Desktop/HealthApp-Mobile/ios/Pods/Headers/Public/fast_float -I/Users/tungstonlabs/Desktop/HealthApp-Mobile/ios/Pods/Headers/Public/fmt -I/Users/tungstonlabs/Desktop/HealthApp-Mobile/ios/Pods/Headers/Public/glog -I/Users/tungstonlabs/Desktop/HealthApp-Mobile/ios/Pods/Headers/Public/hermes-engine -I/Users/tungstonlabs/Desktop/HealthApp-Mobile/ios/Pods/Headers/Private/Yoga -I/Users/tungstonlabs/Library/Developer/Xcode/DerivedData/HealthApp-fjgvhltvryzvlufiayyipuiynnzt/Build/Intermediates.noindex/Pods.build/Debug-iphoneos/RNDateTimePicker.build/DerivedSources-normal/arm64 -I/Users/tungstonlabs/Library/Developer/Xcode/DerivedData/HealthApp-fjgvhltvryzvlufiayyipuiynnzt/Build/Intermediates.noindex/Pods.build/Debug-iphoneos/RNDateTimePicker.build/DerivedSources/arm64 -I/Users/tungstonlabs/Library/Developer/Xcode/DerivedData/HealthApp-fjgvhltvryzvlufiayyipuiynnzt/Build/Intermediates.noindex/Pods.build/Debug-iphoneos/RNDateTimePicker.build/DerivedSources -F/Users/tungstonlabs/Library/Developer/Xcode/DerivedData/HealthApp-fjgvhltvryzvlufiayyipuiynnzt/Build/Products/Debug-iphoneos/RNDateTimePicker -F/Users/tungstonlabs/Desktop/HealthApp-Mobile/ios/Pods/hermes-engine/destroot/Library/Frameworks/universal -F/Users/tungstonlabs/Library/Developer/Xcode/DerivedData/HealthApp-fjgvhltvryzvlufiayyipuiynnzt/Build/Products/Debug-iphoneos/XCFrameworkIntermediates/hermes-engine/Pre-built '-fmodule-map-file=/Users/tungstonlabs/Desktop/HealthApp-Mobile/ios/Pods/Headers/Public/DoubleConversion/DoubleConversion.modulemap' '-fmodule-map-file=/Users/tungstonlabs/Desktop/HealthApp-Mobile/ios/Pods/Headers/Public/RCTDeprecation/RCTDeprecation.modulemap' '-fmodule-map-file=/Users/tungstonlabs/Desktop/HealthApp-Mobile/ios/Pods/Headers/Public/RCTFabric/React-RCTFabric.modulemap' '-fmodule-map-file=/Users/tungstonlabs/Desktop/HealthApp-Mobile/ios/Pods/Headers/Public/RCTImage/React-RCTImage.modulemap' '-fmodule-map-file=/Users/tungstonlabs/Desktop/HealthApp-Mobile/ios/Pods/Headers/Public/RCTRuntime/React-RCTRuntime.modulemap' '-fmodule-map-file=/Users/tungstonlabs/Desktop/HealthApp-Mobile/ios/Pods/Headers/Public/RCTTypeSafety/RCTTypeSafety.modulemap' '-fmodule-map-file=/Users/tungstonlabs/Desktop/HealthApp-Mobile/ios/Pods/Headers/Public/React/React-Core.modulemap' '-fmodule-map-file=/Users/tungstonlabs/Desktop/HealthApp-Mobile/ios/Pods/Headers/Public/ReactCodegen/ReactCodegen.modulemap' '-fmodule-map-file=/Users/tungstonlabs/Desktop/HealthApp-Mobile/ios/Pods/Headers/Public/ReactCommon/ReactCommon.modulemap' '-fmodule-map-file=/Users/tungstonlabs/Desktop/HealthApp-Mobile/ios/Pods/Headers/Public/React_Fabric/React-Fabric.modulemap' '-fmodule-map-file=/Users/tungstonlabs/Desktop/HealthApp-Mobile/ios/Pods/Headers/Public/React_FabricComponents/React-FabricComponents.modulemap' '-fmodule-map-file=/Users/tungstonlabs/Desktop/HealthApp-Mobile/ios/Pods/Headers/Public/React_NativeModulesApple/React-NativeModulesApple.modulemap' '-fmodule-map-file=/Users/tungstonlabs/Desktop/HealthApp-Mobile/ios/Pods/Headers/Public/React_RCTAppDelegate/React-RCTAppDelegate.modulemap' '-fmodule-map-file=/Users/tungstonlabs/Desktop/HealthApp-Mobile/ios/Pods/Headers/Public/React_runtimeexecutor/React-runtimeexecutor.modulemap' '-fmodule-map-file=/Users/tungstonlabs/Desktop/HealthApp-Mobile/ios/Pods/Headers/Public/SocketRocket/SocketRocket.modulemap' '-fmodule-map-file=/Users/tungstonlabs/Desktop/HealthApp-Mobile/ios/Pods/Headers/Public/fmt/fmt.modulemap' '-fmodule-map-file=/Users/tungstonlabs/Desktop/HealthApp-Mobile/ios/Pods/Headers/Public/folly/RCT-Folly.modulemap' '-fmodule-map-file=/Users/tungstonlabs/Desktop/HealthApp-Mobile/ios/Pods/Headers/Public/glog/glog.modulemap' '-fmodule-map-file=/Users/tungstonlabs/Desktop/HealthApp-Mobile/ios/Pods/Headers/Public/jsi/React-jsi.modulemap' '-fmodule-map-file=/Users/tungstonlabs/Desktop/HealthApp-Mobile/ios/Pods/Headers/Public/jsinspector_modern/React-jsinspector.modulemap' '-fmodule-map-file=/Users/tungstonlabs/Desktop/HealthApp-Mobile/ios/Pods/Headers/Public/jsinspector_modern_cdp/React-jsinspectorcdp.modulemap' '-fmodule-map-file=/Users/tungstonlabs/Desktop/HealthApp-Mobile/ios/Pods/Headers/Public/jsinspector_modern_network/React-jsinspectornetwork.modulemap' '-fmodule-map-file=/Users/tungstonlabs/Desktop/HealthApp-Mobile/ios/Pods/Headers/Public/jsinspector_modern_tracing/React-jsinspectortracing.modulemap' '-fmodule-map-file=/Users/tungstonlabs/Desktop/HealthApp-Mobile/ios/Pods/Headers/Public/react_debug/React-debug.modulemap' '-fmodule-map-file=/Users/tungstonlabs/Desktop/HealthApp-Mobile/ios/Pods/Headers/Public/react_featureflags/React-featureflags.modulemap' '-fmodule-map-file=/Users/tungstonlabs/Desktop/HealthApp-Mobile/ios/Pods/Headers/Public/react_nativemodule_defaults/React-defaultsnativemodule.modulemap' '-fmodule-map-file=/Users/tungstonlabs/Desktop/HealthApp-Mobile/ios/Pods/Headers/Public/react_nativemodule_dom/React-domnativemodule.modulemap' '-fmodule-map-file=/Users/tungstonlabs/Desktop/HealthApp-Mobile/ios/Pods/Headers/Public/react_nativemodule_featureflags/React-featureflagsnativemodule.modulemap' '-fmodule-map-file=/Users/tungstonlabs/Desktop/HealthApp-Mobile/ios/Pods/Headers/Public/react_nativemodule_idlecallbacks/React-idlecallbacksnativemodule.modulemap' '-fmodule-map-file=/Users/tungstonlabs/Desktop/HealthApp-Mobile/ios/Pods/Headers/Public/react_nativemodule_microtasks/React-microtasksnativemodule.modulemap' '-fmodule-map-file=/Users/tungstonlabs/Desktop/HealthApp-Mobile/ios/Pods/Headers/Public/react_nativemodule_webperformance/React-webperformancenativemodule.modulemap' '-fmodule-map-file=/Users/tungstonlabs/Desktop/HealthApp-Mobile/ios/Pods/Headers/Public/react_renderer_css/React-renderercss.modulemap' '-fmodule-map-file=/Users/tungstonlabs/Desktop/HealthApp-Mobile/ios/Pods/Headers/Public/react_renderer_debug/React-rendererdebug.modulemap' '-fmodule-map-file=/Users/tungstonlabs/Desktop/HealthApp-Mobile/ios/Pods/Headers/Public/react_renderer_graphics/React-graphics.modulemap' '-fmodule-map-file=/Users/tungstonlabs/Desktop/HealthApp-Mobile/ios/Pods/Headers/Public/react_renderer_imagemanager/React-ImageManager.modulemap' '-fmodule-map-file=/Users/tungstonlabs/Desktop/HealthApp-Mobile/ios/Pods/Headers/Public/react_runtime/React-jsitooling.modulemap' '-fmodule-map-file=/Users/tungstonlabs/Desktop/HealthApp-Mobile/ios/Pods/Headers/Public/react_utils/React-utils.modulemap' '-fmodule-map-file=/Users/tungstonlabs/Desktop/HealthApp-Mobile/ios/Pods/Headers/Public/reacthermes/React-hermes.modulemap' '-fmodule-map-file=/Users/tungstonlabs/Desktop/HealthApp-Mobile/ios/Pods/Headers/Public/yoga/Yoga.modulemap'

WriteAuxiliaryFile /Users/tungstonlabs/Library/Developer/Xcode/DerivedData/HealthApp-fjgvhltvryzvlufiayyipuiynnzt/Build/Intermediates.noindex/Pods.build/Debug-iphoneos/RNDateTimePicker.build/Objects-normal/arm64/af3fcb34312c57c0f52879cdce924b91-common-args.resp (in target 'RNDateTimePicker' from project 'Pods')
    cd /Users/tungstonlabs/Desktop/HealthApp-Mobile/ios/Pods
    write-file /Users/tungstonlabs/Library/Developer/Xcode/DerivedData/HealthApp-fjgvhltvryzvlufiayyipuiynnzt/Build/Intermediates.noindex/Pods.build/Debug-iphoneos/RNDateTimePicker.build/Objects-normal/arm64/af3fcb34312c57c0f52879cdce924b91-common-args.resp
'-std=c++20' '-stdlib=libc++' -fobjc-arc -fmodules -fno-cxx-modules '-fmodules-cache-path=/Users/tungstonlabs/Library/Developer/Xcode/DerivedData/ModuleCache.noindex' '-D_LIBCPP_HARDENING_MODE=_LIBCPP_HARDENING_MODE_DEBUG' -fpascal-strings -O0 -fno-common '-DPOD_CONFIGURATION_DEBUG=1' '-DDEBUG=1' '-DCOCOAPODS=1' '-DOBJC_OLD_DISPATCH_PROTOTYPES=0' -g -iquote /Users/tungstonlabs/Library/Developer/Xcode/DerivedData/HealthApp-fjgvhltvryzvlufiayyipuiynnzt/Build/Intermediates.noindex/Pods.build/Debug-iphoneos/RNDateTimePicker.build/RNDateTimePicker-generated-files.hmap -I/Users/tungstonlabs/Library/Developer/Xcode/DerivedData/HealthApp-fjgvhltvryzvlufiayyipuiynnzt/Build/Intermediates.noindex/Pods.build/Debug-iphoneos/RNDateTimePicker.build/RNDateTimePicker-own-target-headers.hmap -I/Users/tungstonlabs/Library/Developer/Xcode/DerivedData/HealthApp-fjgvhltvryzvlufiayyipuiynnzt/Build/Intermediates.noindex/Pods.build/Debug-iphoneos/RNDateTimePicker.build/RNDateTimePicker-all-non-framework-target-headers.hmap -ivfsoverlay /Users/tungstonlabs/Library/Developer/Xcode/DerivedData/HealthApp-fjgvhltvryzvlufiayyipuiynnzt/Build/Intermediates.noindex/Pods.build/Debug-iphoneos/Pods-8699adb1dd336b26511df848a716bd42-VFS-iphoneos/all-product-headers.yaml -iquote /Users/tungstonlabs/Library/Developer/Xcode/DerivedData/HealthApp-fjgvhltvryzvlufiayyipuiynnzt/Build/Intermediates.noindex/Pods.build/Debug-iphoneos/RNDateTimePicker.build/RNDateTimePicker-project-headers.hmap -I/Users/tungstonlabs/Library/Developer/Xcode/DerivedData/HealthApp-fjgvhltvryzvlufiayyipuiynnzt/Build/Products/Debug-iphoneos/RNDateTimePicker/include -I/Users/tungstonlabs/Desktop/HealthApp-Mobile/ios/Pods/Headers/Private -I/Users/tungstonlabs/Desktop/HealthApp-Mobile/ios/Pods/Headers/Private/RNDateTimePicker -I/Users/tungstonlabs/Desktop/HealthApp-Mobile/ios/Pods/Headers/Public -I/Users/tungstonlabs/Desktop/HealthApp-Mobile/ios/Pods/Headers/Public/DoubleConversion -I/Users/tungstonlabs/Desktop/HealthApp-Mobile/ios/Pods/Headers/Public/FBLazyVector -I/Users/tungstonlabs/Desktop/HealthApp-Mobile/ios/Pods/Headers/Public/RCT-Folly -I/Users/tungstonlabs/Desktop/HealthApp-Mobile/ios/Pods/Headers/Public/RCTDeprecation -I/Users/tungstonlabs/Desktop/HealthApp-Mobile/ios/Pods/Headers/Public/RCTRequired -I/Users/tungstonlabs/Desktop/HealthApp-Mobile/ios/Pods/Headers/Public/RCTTypeSafety -I/Users/tungstonlabs/Desktop/HealthApp-Mobile/ios/Pods/Headers/Public/RNDateTimePicker -I/Users/tungstonlabs/Desktop/HealthApp-Mobile/ios/Pods/Headers/Public/React-Core -I/Users/tungstonlabs/Desktop/HealthApp-Mobile/ios/Pods/Headers/Public/React-Fabric -I/Users/tungstonlabs/Desktop/HealthApp-Mobile/ios/Pods/Headers/Public/React-FabricComponents -I/Users/tungstonlabs/Desktop/HealthApp-Mobile/ios/Pods/Headers/Public/React-FabricImage -I/Users/tungstonlabs/Desktop/HealthApp-Mobile/ios/Pods/Headers/Public/React-ImageManager -I/Users/tungstonlabs/Desktop/HealthApp-Mobile/ios/Pods/Headers/Public/React-Mapbuffer -I/Users/tungstonlabs/Desktop/HealthApp-Mobile/ios/Pods/Headers/Public/React-NativeModulesApple -I/Users/tungstonlabs/Desktop/HealthApp-Mobile/ios/Pods/Headers/Public/React-RCTAnimation -I/Users/tungstonlabs/Desktop/HealthApp-Mobile/ios/Pods/Headers/Public/React-RCTAppDelegate -I/Users/tungstonlabs/Desktop/HealthApp-Mobile/ios/Pods/Headers/Public/React-RCTBlob -I/Users/tungstonlabs/Desktop/HealthApp-Mobile/ios/Pods/Headers/Public/React-RCTFBReactNativeSpec -I/Users/tungstonlabs/Desktop/HealthApp-Mobile/ios/Pods/Headers/Public/React-RCTFabric -I/Users/tungstonlabs/Desktop/HealthApp-Mobile/ios/Pods/Headers/Public/React-RCTRuntime -I/Users/tungstonlabs/Desktop/HealthApp-Mobile/ios/Pods/Headers/Public/React-RCTText -I/Users/tungstonlabs/Desktop/HealthApp-Mobile/ios/Pods/Headers/Public/React-RuntimeApple -I/Users/tungstonlabs/Desktop/HealthApp-Mobile/ios/Pods/Headers/Public/React-RuntimeCore -I/Users/tungstonlabs/Desktop/HealthApp-Mobile/ios/Pods/Headers/Public/React-RuntimeHermes -I/Users/tungstonlabs/Desktop/HealthApp-Mobile/ios/Pods/Headers/Public/React-callinvoker -I/Users/tungstonlabs/Desktop/HealthApp-Mobile/ios/Pods/Headers/Public/React-cxxreact -I/Users/tungstonlabs/Desktop/HealthApp-Mobile/ios/Pods/Headers/Public/React-debug -I/Users/tungstonlabs/Desktop/HealthApp-Mobile/ios/Pods/Headers/Public/React-defaultsnativemodule -I/Users/tungstonlabs/Desktop/HealthApp-Mobile/ios/Pods/Headers/Public/React-domnativemodule -I/Users/tungstonlabs/Desktop/HealthApp-Mobile/ios/Pods/Headers/Public/React-featureflags -I/Users/tungstonlabs/Desktop/HealthApp-Mobile/ios/Pods/Headers/Public/React-featureflagsnativemodule -I/Users/tungstonlabs/Desktop/HealthApp-Mobile/ios/Pods/Headers/Public/React-graphics -I/Users/tungstonlabs/Desktop/HealthApp-Mobile/ios/Pods/Headers/Public/React-hermes -I/Users/tungstonlabs/Desktop/HealthApp-Mobile/ios/Pods/Headers/Public/React-idlecallbacksnativemodule -I/Users/tungstonlabs/Desktop/HealthApp-Mobile/ios/Pods/Headers/Public/React-jserrorhandler -I/Users/tungstonlabs/Desktop/HealthApp-Mobile/ios/Pods/Headers/Public/React-jsi -I/Users/tungstonlabs/Desktop/HealthApp-Mobile/ios/Pods/Headers/Public/React-jsiexecutor -I/Users/tungstonlabs/Desktop/HealthApp-Mobile/ios/Pods/Headers/Public/React-jsinspector -I/Users/tungstonlabs/Desktop/HealthApp-Mobile/ios/Pods/Headers/Public/React-jsinspectorcdp -I/Users/tungstonlabs/Desktop/HealthApp-Mobile/ios/Pods/Headers/Public/React-jsinspectornetwork -I/Users/tungstonlabs/Desktop/HealthApp-Mobile/ios/Pods/Headers/Public/React-jsinspectortracing -I/Users/tungstonlabs/Desktop/HealthApp-Mobile/ios/Pods/Headers/Public/React-jsitooling -I/Users/tungstonlabs/Desktop/HealthApp-Mobile/ios/Pods/Headers/Public/React-logger -I/Users/tungstonlabs/Desktop/HealthApp-Mobile/ios/Pods/Headers/Public/React-microtasksnativemodule -I/Users/tungstonlabs/Desktop/HealthApp-Mobile/ios/Pods/Headers/Public/React-oscompat -I/Users/tungstonlabs/Desktop/HealthApp-Mobile/ios/Pods/Headers/Public/React-perflogger -I/Users/tungstonlabs/Desktop/HealthApp-Mobile/ios/Pods/Headers/Public/React-performancecdpmetrics -I/Users/tungstonlabs/Desktop/HealthApp-Mobile/ios/Pods/Headers/Public/React-performancetimeline -I/Users/tungstonlabs/Desktop/HealthApp-Mobile/ios/Pods/Headers/Public/React-rendererconsistency -I/Users/tungstonlabs/Desktop/HealthApp-Mobile/ios/Pods/Headers/Public/React-renderercss -I/Users/tungstonlabs/Desktop/HealthApp-Mobile/ios/Pods/Headers/Public/React-rendererdebug -I/Users/tungstonlabs/Desktop/HealthApp-Mobile/ios/Pods/Headers/Public/React-runtimeexecutor -I/Users/tungstonlabs/Desktop/HealthApp-Mobile/ios/Pods/Headers/Public/React-runtimescheduler -I/Users/tungstonlabs/Desktop/HealthApp-Mobile/ios/Pods/Headers/Public/React-timing -I/Users/tungstonlabs/Desktop/HealthApp-Mobile/ios/Pods/Headers/Public/React-utils -I/Users/tungstonlabs/Desktop/HealthApp-Mobile/ios/Pods/Headers/Public/React-webperformancenativemodule -I/Users/tungstonlabs/Desktop/HealthApp-Mobile/ios/Pods/Headers/Public/ReactCodegen -I/Users/tungstonlabs/Desktop/HealthApp-Mobile/ios/Pods/Headers/Public/ReactCommon -I/Users/tungstonlabs/Desktop/HealthApp-Mobile/ios/Pods/Headers/Public/SocketRocket -I/Users/tungstonlabs/Desktop/HealthApp-Mobile/ios/Pods/Headers/Public/Yoga -I/Users/tungstonlabs/Desktop/HealthApp-Mobile/ios/Pods/Headers/Public/boost -I/Users/tungstonlabs/Desktop/HealthApp-Mobile/ios/Pods/Headers/Public/fast_float -I/Users/tungstonlabs/Desktop/HealthApp-Mobile/ios/Pods/Headers/Public/fmt -I/Users/tungstonlabs/Desktop/HealthApp-Mobile/ios/Pods/Headers/Public/glog -I/Users/tungstonlabs/Desktop/HealthApp-Mobile/ios/Pods/Headers/Public/hermes-engine -I/Users/tungstonlabs/Desktop/HealthApp-Mobile/ios/Pods/Headers/Private/Yoga -I/Users/tungstonlabs/Library/Developer/Xcode/DerivedData/HealthApp-fjgvhltvryzvlufiayyipuiynnzt/Build/Intermediates.noindex/Pods.build/Debug-iphoneos/RNDateTimePicker.build/DerivedSources-normal/arm64 -I/Users/tungstonlabs/Library/Developer/Xcode/DerivedData/HealthApp-fjgvhltvryzvlufiayyipuiynnzt/Build/Intermediates.noindex/Pods.build/Debug-iphoneos/RNDateTimePicker.build/DerivedSources/arm64 -I/Users/tungstonlabs/Library/Developer/Xcode/DerivedData/HealthApp-fjgvhltvryzvlufiayyipuiynnzt/Build/Intermediates.noindex/Pods.build/Debug-iphoneos/RNDateTimePicker.build/DerivedSources -F/Users/tungstonlabs/Library/Developer/Xcode/DerivedData/HealthApp-fjgvhltvryzvlufiayyipuiynnzt/Build/Products/Debug-iphoneos/RNDateTimePicker -F/Users/tungstonlabs/Desktop/HealthApp-Mobile/ios/Pods/hermes-engine/destroot/Library/Frameworks/universal -F/Users/tungstonlabs/Library/Developer/Xcode/DerivedData/HealthApp-fjgvhltvryzvlufiayyipuiynnzt/Build/Products/Debug-iphoneos/XCFrameworkIntermediates/hermes-engine/Pre-built '-fmodule-map-file=/Users/tungstonlabs/Desktop/HealthApp-Mobile/ios/Pods/Headers/Public/DoubleConversion/DoubleConversion.modulemap' '-fmodule-map-file=/Users/tungstonlabs/Desktop/HealthApp-Mobile/ios/Pods/Headers/Public/RCTDeprecation/RCTDeprecation.modulemap' '-fmodule-map-file=/Users/tungstonlabs/Desktop/HealthApp-Mobile/ios/Pods/Headers/Public/RCTFabric/React-RCTFabric.modulemap' '-fmodule-map-file=/Users/tungstonlabs/Desktop/HealthApp-Mobile/ios/Pods/Headers/Public/RCTImage/React-RCTImage.modulemap' '-fmodule-map-file=/Users/tungstonlabs/Desktop/HealthApp-Mobile/ios/Pods/Headers/Public/RCTRuntime/React-RCTRuntime.modulemap' '-fmodule-map-file=/Users/tungstonlabs/Desktop/HealthApp-Mobile/ios/Pods/Headers/Public/RCTTypeSafety/RCTTypeSafety.modulemap' '-fmodule-map-file=/Users/tungstonlabs/Desktop/HealthApp-Mobile/ios/Pods/Headers/Public/React/React-Core.modulemap' '-fmodule-map-file=/Users/tungstonlabs/Desktop/HealthApp-Mobile/ios/Pods/Headers/Public/ReactCodegen/ReactCodegen.modulemap' '-fmodule-map-file=/Users/tungstonlabs/Desktop/HealthApp-Mobile/ios/Pods/Headers/Public/ReactCommon/ReactCommon.modulemap' '-fmodule-map-file=/Users/tungstonlabs/Desktop/HealthApp-Mobile/ios/Pods/Headers/Public/React_Fabric/React-Fabric.modulemap' '-fmodule-map-file=/Users/tungstonlabs/Desktop/HealthApp-Mobile/ios/Pods/Headers/Public/React_FabricComponents/React-FabricComponents.modulemap' '-fmodule-map-file=/Users/tungstonlabs/Desktop/HealthApp-Mobile/ios/Pods/Headers/Public/React_NativeModulesApple/React-NativeModulesApple.modulemap' '-fmodule-map-file=/Users/tungstonlabs/Desktop/HealthApp-Mobile/ios/Pods/Headers/Public/React_RCTAppDelegate/React-RCTAppDelegate.modulemap' '-fmodule-map-file=/Users/tungstonlabs/Desktop/HealthApp-Mobile/ios/Pods/Headers/Public/React_runtimeexecutor/React-runtimeexecutor.modulemap' '-fmodule-map-file=/Users/tungstonlabs/Desktop/HealthApp-Mobile/ios/Pods/Headers/Public/SocketRocket/SocketRocket.modulemap' '-fmodule-map-file=/Users/tungstonlabs/Desktop/HealthApp-Mobile/ios/Pods/Headers/Public/fmt/fmt.modulemap' '-fmodule-map-file=/Users/tungstonlabs/Desktop/HealthApp-Mobile/ios/Pods/Headers/Public/folly/RCT-Folly.modulemap' '-fmodule-map-file=/Users/tungstonlabs/Desktop/HealthApp-Mobile/ios/Pods/Headers/Public/glog/glog.modulemap' '-fmodule-map-file=/Users/tungstonlabs/Desktop/HealthApp-Mobile/ios/Pods/Headers/Public/jsi/React-jsi.modulemap' '-fmodule-map-file=/Users/tungstonlabs/Desktop/HealthApp-Mobile/ios/Pods/Headers/Public/jsinspector_modern/React-jsinspector.modulemap' '-fmodule-map-file=/Users/tungstonlabs/Desktop/HealthApp-Mobile/ios/Pods/Headers/Public/jsinspector_modern_cdp/React-jsinspectorcdp.modulemap' '-fmodule-map-file=/Users/tungstonlabs/Desktop/HealthApp-Mobile/ios/Pods/Headers/Public/jsinspector_modern_network/React-jsinspectornetwork.modulemap' '-fmodule-map-file=/Users/tungstonlabs/Desktop/HealthApp-Mobile/ios/Pods/Headers/Public/jsinspector_modern_tracing/React-jsinspectortracing.modulemap' '-fmodule-map-file=/Users/tungstonlabs/Desktop/HealthApp-Mobile/ios/Pods/Headers/Public/react_debug/React-debug.modulemap' '-fmodule-map-file=/Users/tungstonlabs/Desktop/HealthApp-Mobile/ios/Pods/Headers/Public/react_featureflags/React-featureflags.modulemap' '-fmodule-map-file=/Users/tungstonlabs/Desktop/HealthApp-Mobile/ios/Pods/Headers/Public/react_nativemodule_defaults/React-defaultsnativemodule.modulemap' '-fmodule-map-file=/Users/tungstonlabs/Desktop/HealthApp-Mobile/ios/Pods/Headers/Public/react_nativemodule_dom/React-domnativemodule.modulemap' '-fmodule-map-file=/Users/tungstonlabs/Desktop/HealthApp-Mobile/ios/Pods/Headers/Public/react_nativemodule_featureflags/React-featureflagsnativemodule.modulemap' '-fmodule-map-file=/Users/tungstonlabs/Desktop/HealthApp-Mobile/ios/Pods/Headers/Public/react_nativemodule_idlecallbacks/React-idlecallbacksnativemodule.modulemap' '-fmodule-map-file=/Users/tungstonlabs/Desktop/HealthApp-Mobile/ios/Pods/Headers/Public/react_nativemodule_microtasks/React-microtasksnativemodule.modulemap' '-fmodule-map-file=/Users/tungstonlabs/Desktop/HealthApp-Mobile/ios/Pods/Headers/Public/react_nativemodule_webperformance/React-webperformancenativemodule.modulemap' '-fmodule-map-file=/Users/tungstonlabs/Desktop/HealthApp-Mobile/ios/Pods/Headers/Public/react_renderer_css/React-renderercss.modulemap' '-fmodule-map-file=/Users/tungstonlabs/Desktop/HealthApp-Mobile/ios/Pods/Headers/Public/react_renderer_debug/React-rendererdebug.modulemap' '-fmodule-map-file=/Users/tungstonlabs/Desktop/HealthApp-Mobile/ios/Pods/Headers/Public/react_renderer_graphics/React-graphics.modulemap' '-fmodule-map-file=/Users/tungstonlabs/Desktop/HealthApp-Mobile/ios/Pods/Headers/Public/react_renderer_imagemanager/React-ImageManager.modulemap' '-fmodule-map-file=/Users/tungstonlabs/Desktop/HealthApp-Mobile/ios/Pods/Headers/Public/react_runtime/React-jsitooling.modulemap' '-fmodule-map-file=/Users/tungstonlabs/Desktop/HealthApp-Mobile/ios/Pods/Headers/Public/react_utils/React-utils.modulemap' '-fmodule-map-file=/Users/tungstonlabs/Desktop/HealthApp-Mobile/ios/Pods/Headers/Public/reacthermes/React-hermes.modulemap' '-fmodule-map-file=/Users/tungstonlabs/Desktop/HealthApp-Mobile/ios/Pods/Headers/Public/yoga/Yoga.modulemap' '-DRCT_NEW_ARCH_ENABLED=1'

WriteAuxiliaryFile /Users/tungstonlabs/Library/Developer/Xcode/DerivedData/HealthApp-fjgvhltvryzvlufiayyipuiynnzt/Build/Intermediates.noindex/Pods.build/Debug-iphoneos/RNDateTimePicker.build/Objects-normal/arm64/RNDateTimePicker.LinkFileList (in target 'RNDateTimePicker' from project 'Pods')
    cd /Users/tungstonlabs/Desktop/HealthApp-Mobile/ios/Pods
    write-file /Users/tungstonlabs/Library/Developer/Xcode/DerivedData/HealthApp-fjgvhltvryzvlufiayyipuiynnzt/Build/Intermediates.noindex/Pods.build/Debug-iphoneos/RNDateTimePicker.build/Objects-normal/arm64/RNDateTimePicker.LinkFileList

WriteAuxiliaryFile /Users/tungstonlabs/Library/Developer/Xcode/DerivedData/HealthApp-fjgvhltvryzvlufiayyipuiynnzt/Build/Intermediates.noindex/Pods.build/Debug-iphoneos/RNDateTimePicker.build/Objects-normal/arm64/82b82416624d2658e5098eb0a28c15c5-common-args.resp (in target 'RNDateTimePicker' from project 'Pods')
    cd /Users/tungstonlabs/Desktop/HealthApp-Mobile/ios/Pods
    write-file /Users/tungstonlabs/Library/Developer/Xcode/DerivedData/HealthApp-fjgvhltvryzvlufiayyipuiynnzt/Build/Intermediates.noindex/Pods.build/Debug-iphoneos/RNDateTimePicker.build/Objects-normal/arm64/82b82416624d2658e5098eb0a28c15c5-common-args.resp
'-std=c++20' '-stdlib=libc++' -fmodules -fno-cxx-modules '-fmodules-cache-path=/Users/tungstonlabs/Library/Developer/Xcode/DerivedData/ModuleCache.noindex' '-D_LIBCPP_HARDENING_MODE=_LIBCPP_HARDENING_MODE_DEBUG' -fpascal-strings -O0 -fno-common '-DPOD_CONFIGURATION_DEBUG=1' '-DDEBUG=1' '-DCOCOAPODS=1' -g -iquote /Users/tungstonlabs/Library/Developer/Xcode/DerivedData/HealthApp-fjgvhltvryzvlufiayyipuiynnzt/Build/Intermediates.noindex/Pods.build/Debug-iphoneos/RNDateTimePicker.build/RNDateTimePicker-generated-files.hmap -I/Users/tungstonlabs/Library/Developer/Xcode/DerivedData/HealthApp-fjgvhltvryzvlufiayyipuiynnzt/Build/Intermediates.noindex/Pods.build/Debug-iphoneos/RNDateTimePicker.build/RNDateTimePicker-own-target-headers.hmap -I/Users/tungstonlabs/Library/Developer/Xcode/DerivedData/HealthApp-fjgvhltvryzvlufiayyipuiynnzt/Build/Intermediates.noindex/Pods.build/Debug-iphoneos/RNDateTimePicker.build/RNDateTimePicker-all-non-framework-target-headers.hmap -ivfsoverlay /Users/tungstonlabs/Library/Developer/Xcode/DerivedData/HealthApp-fjgvhltvryzvlufiayyipuiynnzt/Build/Intermediates.noindex/Pods.build/Debug-iphoneos/Pods-8699adb1dd336b26511df848a716bd42-VFS-iphoneos/all-product-headers.yaml -iquote /Users/tungstonlabs/Library/Developer/Xcode/DerivedData/HealthApp-fjgvhltvryzvlufiayyipuiynnzt/Build/Intermediates.noindex/Pods.build/Debug-iphoneos/RNDateTimePicker.build/RNDateTimePicker-project-headers.hmap -I/Users/tungstonlabs/Library/Developer/Xcode/DerivedData/HealthApp-fjgvhltvryzvlufiayyipuiynnzt/Build/Products/Debug-iphoneos/RNDateTimePicker/include -I/Users/tungstonlabs/Desktop/HealthApp-Mobile/ios/Pods/Headers/Private -I/Users/tungstonlabs/Desktop/HealthApp-Mobile/ios/Pods/Headers/Private/RNDateTimePicker -I/Users/tungstonlabs/Desktop/HealthApp-Mobile/ios/Pods/Headers/Public -I/Users/tungstonlabs/Desktop/HealthApp-Mobile/ios/Pods/Headers/Public/DoubleConversion -I/Users/tungstonlabs/Desktop/HealthApp-Mobile/ios/Pods/Headers/Public/FBLazyVector -I/Users/tungstonlabs/Desktop/HealthApp-Mobile/ios/Pods/Headers/Public/RCT-Folly -I/Users/tungstonlabs/Desktop/HealthApp-Mobile/ios/Pods/Headers/Public/RCTDeprecation -I/Users/tungstonlabs/Desktop/HealthApp-Mobile/ios/Pods/Headers/Public/RCTRequired -I/Users/tungstonlabs/Desktop/HealthApp-Mobile/ios/Pods/Headers/Public/RCTTypeSafety -I/Users/tungstonlabs/Desktop/HealthApp-Mobile/ios/Pods/Headers/Public/RNDateTimePicker -I/Users/tungstonlabs/Desktop/HealthApp-Mobile/ios/Pods/Headers/Public/React-Core -I/Users/tungstonlabs/Desktop/HealthApp-Mobile/ios/Pods/Headers/Public/React-Fabric -I/Users/tungstonlabs/Desktop/HealthApp-Mobile/ios/Pods/Headers/Public/React-FabricComponents -I/Users/tungstonlabs/Desktop/HealthApp-Mobile/ios/Pods/Headers/Public/React-FabricImage -I/Users/tungstonlabs/Desktop/HealthApp-Mobile/ios/Pods/Headers/Public/React-ImageManager -I/Users/tungstonlabs/Desktop/HealthApp-Mobile/ios/Pods/Headers/Public/React-Mapbuffer -I/Users/tungstonlabs/Desktop/HealthApp-Mobile/ios/Pods/Headers/Public/React-NativeModulesApple -I/Users/tungstonlabs/Desktop/HealthApp-Mobile/ios/Pods/Headers/Public/React-RCTAnimation -I/Users/tungstonlabs/Desktop/HealthApp-Mobile/ios/Pods/Headers/Public/React-RCTAppDelegate -I/Users/tungstonlabs/Desktop/HealthApp-Mobile/ios/Pods/Headers/Public/React-RCTBlob -I/Users/tungstonlabs/Desktop/HealthApp-Mobile/ios/Pods/Headers/Public/React-RCTFBReactNativeSpec -I/Users/tungstonlabs/Desktop/HealthApp-Mobile/ios/Pods/Headers/Public/React-RCTFabric -I/Users/tungstonlabs/Desktop/HealthApp-Mobile/ios/Pods/Headers/Public/React-RCTRuntime -I/Users/tungstonlabs/Desktop/HealthApp-Mobile/ios/Pods/Headers/Public/React-RCTText -I/Users/tungstonlabs/Desktop/HealthApp-Mobile/ios/Pods/Headers/Public/React-RuntimeApple -I/Users/tungstonlabs/Desktop/HealthApp-Mobile/ios/Pods/Headers/Public/React-RuntimeCore -I/Users/tungstonlabs/Desktop/HealthApp-Mobile/ios/Pods/Headers/Public/React-RuntimeHermes -I/Users/tungstonlabs/Desktop/HealthApp-Mobile/ios/Pods/Headers/Public/React-callinvoker -I/Users/tungstonlabs/Desktop/HealthApp-Mobile/ios/Pods/Headers/Public/React-cxxreact -I/Users/tungstonlabs/Desktop/HealthApp-Mobile/ios/Pods/Headers/Public/React-debug -I/Users/tungstonlabs/Desktop/HealthApp-Mobile/ios/Pods/Headers/Public/React-defaultsnativemodule -I/Users/tungstonlabs/Desktop/HealthApp-Mobile/ios/Pods/Headers/Public/React-domnativemodule -I/Users/tungstonlabs/Desktop/HealthApp-Mobile/ios/Pods/Headers/Public/React-featureflags -I/Users/tungstonlabs/Desktop/HealthApp-Mobile/ios/Pods/Headers/Public/React-featureflagsnativemodule -I/Users/tungstonlabs/Desktop/HealthApp-Mobile/ios/Pods/Headers/Public/React-graphics -I/Users/tungstonlabs/Desktop/HealthApp-Mobile/ios/Pods/Headers/Public/React-hermes -I/Users/tungstonlabs/Desktop/HealthApp-Mobile/ios/Pods/Headers/Public/React-idlecallbacksnativemodule -I/Users/tungstonlabs/Desktop/HealthApp-Mobile/ios/Pods/Headers/Public/React-jserrorhandler -I/Users/tungstonlabs/Desktop/HealthApp-Mobile/ios/Pods/Headers/Public/React-jsi -I/Users/tungstonlabs/Desktop/HealthApp-Mobile/ios/Pods/Headers/Public/React-jsiexecutor -I/Users/tungstonlabs/Desktop/HealthApp-Mobile/ios/Pods/Headers/Public/React-jsinspector -I/Users/tungstonlabs/Desktop/HealthApp-Mobile/ios/Pods/Headers/Public/React-jsinspectorcdp -I/Users/tungstonlabs/Desktop/HealthApp-Mobile/ios/Pods/Headers/Public/React-jsinspectornetwork -I/Users/tungstonlabs/Desktop/HealthApp-Mobile/ios/Pods/Headers/Public/React-jsinspectortracing -I/Users/tungstonlabs/Desktop/HealthApp-Mobile/ios/Pods/Headers/Public/React-jsitooling -I/Users/tungstonlabs/Desktop/HealthApp-Mobile/ios/Pods/Headers/Public/React-logger -I/Users/tungstonlabs/Desktop/HealthApp-Mobile/ios/Pods/Headers/Public/React-microtasksnativemodule -I/Users/tungstonlabs/Desktop/HealthApp-Mobile/ios/Pods/Headers/Public/React-oscompat -I/Users/tungstonlabs/Desktop/HealthApp-Mobile/ios/Pods/Headers/Public/React-perflogger -I/Users/tungstonlabs/Desktop/HealthApp-Mobile/ios/Pods/Headers/Public/React-performancecdpmetrics -I/Users/tungstonlabs/Desktop/HealthApp-Mobile/ios/Pods/Headers/Public/React-performancetimeline -I/Users/tungstonlabs/Desktop/HealthApp-Mobile/ios/Pods/Headers/Public/React-rendererconsistency -I/Users/tungstonlabs/Desktop/HealthApp-Mobile/ios/Pods/Headers/Public/React-renderercss -I/Users/tungstonlabs/Desktop/HealthApp-Mobile/ios/Pods/Headers/Public/React-rendererdebug -I/Users/tungstonlabs/Desktop/HealthApp-Mobile/ios/Pods/Headers/Public/React-runtimeexecutor -I/Users/tungstonlabs/Desktop/HealthApp-Mobile/ios/Pods/Headers/Public/React-runtimescheduler -I/Users/tungstonlabs/Desktop/HealthApp-Mobile/ios/Pods/Headers/Public/React-timing -I/Users/tungstonlabs/Desktop/HealthApp-Mobile/ios/Pods/Headers/Public/React-utils -I/Users/tungstonlabs/Desktop/HealthApp-Mobile/ios/Pods/Headers/Public/React-webperformancenativemodule -I/Users/tungstonlabs/Desktop/HealthApp-Mobile/ios/Pods/Headers/Public/ReactCodegen -I/Users/tungstonlabs/Desktop/HealthApp-Mobile/ios/Pods/Headers/Public/ReactCommon -I/Users/tungstonlabs/Desktop/HealthApp-Mobile/ios/Pods/Headers/Public/SocketRocket -I/Users/tungstonlabs/Desktop/HealthApp-Mobile/ios/Pods/Headers/Public/Yoga -I/Users/tungstonlabs/Desktop/HealthApp-Mobile/ios/Pods/Headers/Public/boost -I/Users/tungstonlabs/Desktop/HealthApp-Mobile/ios/Pods/Headers/Public/fast_float -I/Users/tungstonlabs/Desktop/HealthApp-Mobile/ios/Pods/Headers/Public/fmt -I/Users/tungstonlabs/Desktop/HealthApp-Mobile/ios/Pods/Headers/Public/glog -I/Users/tungstonlabs/Desktop/HealthApp-Mobile/ios/Pods/Headers/Public/hermes-engine -I/Users/tungstonlabs/Desktop/HealthApp-Mobile/ios/Pods/Headers/Private/Yoga -I/Users/tungstonlabs/Library/Developer/Xcode/DerivedData/HealthApp-fjgvhltvryzvlufiayyipuiynnzt/Build/Intermediates.noindex/Pods.build/Debug-iphoneos/RNDateTimePicker.build/DerivedSources-normal/arm64 -I/Users/tungstonlabs/Library/Developer/Xcode/DerivedData/HealthApp-fjgvhltvryzvlufiayyipuiynnzt/Build/Intermediates.noindex/Pods.build/Debug-iphoneos/RNDateTimePicker.build/DerivedSources/arm64 -I/Users/tungstonlabs/Library/Developer/Xcode/DerivedData/HealthApp-fjgvhltvryzvlufiayyipuiynnzt/Build/Intermediates.noindex/Pods.build/Debug-iphoneos/RNDateTimePicker.build/DerivedSources -F/Users/tungstonlabs/Library/Developer/Xcode/DerivedData/HealthApp-fjgvhltvryzvlufiayyipuiynnzt/Build/Products/Debug-iphoneos/RNDateTimePicker -F/Users/tungstonlabs/Desktop/HealthApp-Mobile/ios/Pods/hermes-engine/destroot/Library/Frameworks/universal -F/Users/tungstonlabs/Library/Developer/Xcode/DerivedData/HealthApp-fjgvhltvryzvlufiayyipuiynnzt/Build/Products/Debug-iphoneos/XCFrameworkIntermediates/hermes-engine/Pre-built '-fmodule-map-file=/Users/tungstonlabs/Desktop/HealthApp-Mobile/ios/Pods/Headers/Public/DoubleConversion/DoubleConversion.modulemap' '-fmodule-map-file=/Users/tungstonlabs/Desktop/HealthApp-Mobile/ios/Pods/Headers/Public/RCTDeprecation/RCTDeprecation.modulemap' '-fmodule-map-file=/Users/tungstonlabs/Desktop/HealthApp-Mobile/ios/Pods/Headers/Public/RCTFabric/React-RCTFabric.modulemap' '-fmodule-map-file=/Users/tungstonlabs/Desktop/HealthApp-Mobile/ios/Pods/Headers/Public/RCTImage/React-RCTImage.modulemap' '-fmodule-map-file=/Users/tungstonlabs/Desktop/HealthApp-Mobile/ios/Pods/Headers/Public/RCTRuntime/React-RCTRuntime.modulemap' '-fmodule-map-file=/Users/tungstonlabs/Desktop/HealthApp-Mobile/ios/Pods/Headers/Public/RCTTypeSafety/RCTTypeSafety.modulemap' '-fmodule-map-file=/Users/tungstonlabs/Desktop/HealthApp-Mobile/ios/Pods/Headers/Public/React/React-Core.modulemap' '-fmodule-map-file=/Users/tungstonlabs/Desktop/HealthApp-Mobile/ios/Pods/Headers/Public/ReactCodegen/ReactCodegen.modulemap' '-fmodule-map-file=/Users/tungstonlabs/Desktop/HealthApp-Mobile/ios/Pods/Headers/Public/ReactCommon/ReactCommon.modulemap' '-fmodule-map-file=/Users/tungstonlabs/Desktop/HealthApp-Mobile/ios/Pods/Headers/Public/React_Fabric/React-Fabric.modulemap' '-fmodule-map-file=/Users/tungstonlabs/Desktop/HealthApp-Mobile/ios/Pods/Headers/Public/React_FabricComponents/React-FabricComponents.modulemap' '-fmodule-map-file=/Users/tungstonlabs/Desktop/HealthApp-Mobile/ios/Pods/Headers/Public/React_NativeModulesApple/React-NativeModulesApple.modulemap' '-fmodule-map-file=/Users/tungstonlabs/Desktop/HealthApp-Mobile/ios/Pods/Headers/Public/React_RCTAppDelegate/React-RCTAppDelegate.modulemap' '-fmodule-map-file=/Users/tungstonlabs/Desktop/HealthApp-Mobile/ios/Pods/Headers/Public/React_runtimeexecutor/React-runtimeexecutor.modulemap' '-fmodule-map-file=/Users/tungstonlabs/Desktop/HealthApp-Mobile/ios/Pods/Headers/Public/SocketRocket/SocketRocket.modulemap' '-fmodule-map-file=/Users/tungstonlabs/Desktop/HealthApp-Mobile/ios/Pods/Headers/Public/fmt/fmt.modulemap' '-fmodule-map-file=/Users/tungstonlabs/Desktop/HealthApp-Mobile/ios/Pods/Headers/Public/folly/RCT-Folly.modulemap' '-fmodule-map-file=/Users/tungstonlabs/Desktop/HealthApp-Mobile/ios/Pods/Headers/Public/glog/glog.modulemap' '-fmodule-map-file=/Users/tungstonlabs/Desktop/HealthApp-Mobile/ios/Pods/Headers/Public/jsi/React-jsi.modulemap' '-fmodule-map-file=/Users/tungstonlabs/Desktop/HealthApp-Mobile/ios/Pods/Headers/Public/jsinspector_modern/React-jsinspector.modulemap' '-fmodule-map-file=/Users/tungstonlabs/Desktop/HealthApp-Mobile/ios/Pods/Headers/Public/jsinspector_modern_cdp/React-jsinspectorcdp.modulemap' '-fmodule-map-file=/Users/tungstonlabs/Desktop/HealthApp-Mobile/ios/Pods/Headers/Public/jsinspector_modern_network/React-jsinspectornetwork.modulemap' '-fmodule-map-file=/Users/tungstonlabs/Desktop/HealthApp-Mobile/ios/Pods/Headers/Public/jsinspector_modern_tracing/React-jsinspectortracing.modulemap' '-fmodule-map-file=/Users/tungstonlabs/Desktop/HealthApp-Mobile/ios/Pods/Headers/Public/react_debug/React-debug.modulemap' '-fmodule-map-file=/Users/tungstonlabs/Desktop/HealthApp-Mobile/ios/Pods/Headers/Public/react_featureflags/React-featureflags.modulemap' '-fmodule-map-file=/Users/tungstonlabs/Desktop/HealthApp-Mobile/ios/Pods/Headers/Public/react_nativemodule_defaults/React-defaultsnativemodule.modulemap' '-fmodule-map-file=/Users/tungstonlabs/Desktop/HealthApp-Mobile/ios/Pods/Headers/Public/react_nativemodule_dom/React-domnativemodule.modulemap' '-fmodule-map-file=/Users/tungstonlabs/Desktop/HealthApp-Mobile/ios/Pods/Headers/Public/react_nativemodule_featureflags/React-featureflagsnativemodule.modulemap' '-fmodule-map-file=/Users/tungstonlabs/Desktop/HealthApp-Mobile/ios/Pods/Headers/Public/react_nativemodule_idlecallbacks/React-idlecallbacksnativemodule.modulemap' '-fmodule-map-file=/Users/tungstonlabs/Desktop/HealthApp-Mobile/ios/Pods/Headers/Public/react_nativemodule_microtasks/React-microtasksnativemodule.modulemap' '-fmodule-map-file=/Users/tungstonlabs/Desktop/HealthApp-Mobile/ios/Pods/Headers/Public/react_nativemodule_webperformance/React-webperformancenativemodule.modulemap' '-fmodule-map-file=/Users/tungstonlabs/Desktop/HealthApp-Mobile/ios/Pods/Headers/Public/react_renderer_css/React-renderercss.modulemap' '-fmodule-map-file=/Users/tungstonlabs/Desktop/HealthApp-Mobile/ios/Pods/Headers/Public/react_renderer_debug/React-rendererdebug.modulemap' '-fmodule-map-file=/Users/tungstonlabs/Desktop/HealthApp-Mobile/ios/Pods/Headers/Public/react_renderer_graphics/React-graphics.modulemap' '-fmodule-map-file=/Users/tungstonlabs/Desktop/HealthApp-Mobile/ios/Pods/Headers/Public/react_renderer_imagemanager/React-ImageManager.modulemap' '-fmodule-map-file=/Users/tungstonlabs/Desktop/HealthApp-Mobile/ios/Pods/Headers/Public/react_runtime/React-jsitooling.modulemap' '-fmodule-map-file=/Users/tungstonlabs/Desktop/HealthApp-Mobile/ios/Pods/Headers/Public/react_utils/React-utils.modulemap' '-fmodule-map-file=/Users/tungstonlabs/Desktop/HealthApp-Mobile/ios/Pods/Headers/Public/reacthermes/React-hermes.modulemap' '-fmodule-map-file=/Users/tungstonlabs/Desktop/HealthApp-Mobile/ios/Pods/Headers/Public/yoga/Yoga.modulemap' '-DRCT_NEW_ARCH_ENABLED=1'

WriteAuxiliaryFile /Users/tungstonlabs/Library/Developer/Xcode/DerivedData/HealthApp-fjgvhltvryzvlufiayyipuiynnzt/Build/Intermediates.noindex/Pods.build/Debug-iphoneos/RNCPicker.build/RNCPicker.hmap (in target 'RNCPicker' from project 'Pods')
    cd /Users/tungstonlabs/Desktop/HealthApp-Mobile/ios/Pods
    write-file /Users/tungstonlabs/Library/Developer/Xcode/DerivedData/HealthApp-fjgvhltvryzvlufiayyipuiynnzt/Build/Intermediates.noindex/Pods.build/Debug-iphoneos/RNCPicker.build/RNCPicker.hmap

WriteAuxiliaryFile /Users/tungstonlabs/Library/Developer/Xcode/DerivedData/HealthApp-fjgvhltvryzvlufiayyipuiynnzt/Build/Intermediates.noindex/Pods.build/Debug-iphoneos/RNCPicker.build/RNCPicker.DependencyStaticMetadataFileList (in target 'RNCPicker' from project 'Pods')
    cd /Users/tungstonlabs/Desktop/HealthApp-Mobile/ios/Pods
    write-file /Users/tungstonlabs/Library/Developer/Xcode/DerivedData/HealthApp-fjgvhltvryzvlufiayyipuiynnzt/Build/Intermediates.noindex/Pods.build/Debug-iphoneos/RNCPicker.build/RNCPicker.DependencyStaticMetadataFileList

WriteAuxiliaryFile /Users/tungstonlabs/Library/Developer/Xcode/DerivedData/HealthApp-fjgvhltvryzvlufiayyipuiynnzt/Build/Intermediates.noindex/Pods.build/Debug-iphoneos/RNCPicker.build/RNCPicker.DependencyMetadataFileList (in target 'RNCPicker' from project 'Pods')
    cd /Users/tungstonlabs/Desktop/HealthApp-Mobile/ios/Pods
    write-file /Users/tungstonlabs/Library/Developer/Xcode/DerivedData/HealthApp-fjgvhltvryzvlufiayyipuiynnzt/Build/Intermediates.noindex/Pods.build/Debug-iphoneos/RNCPicker.build/RNCPicker.DependencyMetadataFileList

WriteAuxiliaryFile /Users/tungstonlabs/Library/Developer/Xcode/DerivedData/HealthApp-fjgvhltvryzvlufiayyipuiynnzt/Build/Intermediates.noindex/Pods.build/Debug-iphoneos/RNCPicker.build/RNCPicker-project-headers.hmap (in target 'RNCPicker' from project 'Pods')
    cd /Users/tungstonlabs/Desktop/HealthApp-Mobile/ios/Pods
    write-file /Users/tungstonlabs/Library/Developer/Xcode/DerivedData/HealthApp-fjgvhltvryzvlufiayyipuiynnzt/Build/Intermediates.noindex/Pods.build/Debug-iphoneos/RNCPicker.build/RNCPicker-project-headers.hmap

WriteAuxiliaryFile /Users/tungstonlabs/Library/Developer/Xcode/DerivedData/HealthApp-fjgvhltvryzvlufiayyipuiynnzt/Build/Intermediates.noindex/Pods.build/Debug-iphoneos/RNCPicker.build/RNCPicker-own-target-headers.hmap (in target 'RNCPicker' from project 'Pods')
    cd /Users/tungstonlabs/Desktop/HealthApp-Mobile/ios/Pods
    write-file /Users/tungstonlabs/Library/Developer/Xcode/DerivedData/HealthApp-fjgvhltvryzvlufiayyipuiynnzt/Build/Intermediates.noindex/Pods.build/Debug-iphoneos/RNCPicker.build/RNCPicker-own-target-headers.hmap

WriteAuxiliaryFile /Users/tungstonlabs/Library/Developer/Xcode/DerivedData/HealthApp-fjgvhltvryzvlufiayyipuiynnzt/Build/Intermediates.noindex/Pods.build/Debug-iphoneos/RNCPicker.build/RNCPicker-all-target-headers.hmap (in target 'RNCPicker' from project 'Pods')
    cd /Users/tungstonlabs/Desktop/HealthApp-Mobile/ios/Pods
    write-file /Users/tungstonlabs/Library/Developer/Xcode/DerivedData/HealthApp-fjgvhltvryzvlufiayyipuiynnzt/Build/Intermediates.noindex/Pods.build/Debug-iphoneos/RNCPicker.build/RNCPicker-all-target-headers.hmap

WriteAuxiliaryFile /Users/tungstonlabs/Library/Developer/Xcode/DerivedData/HealthApp-fjgvhltvryzvlufiayyipuiynnzt/Build/Intermediates.noindex/Pods.build/Debug-iphoneos/RNCPicker.build/RNCPicker-generated-files.hmap (in target 'RNCPicker' from project 'Pods')
    cd /Users/tungstonlabs/Desktop/HealthApp-Mobile/ios/Pods
    write-file /Users/tungstonlabs/Library/Developer/Xcode/DerivedData/HealthApp-fjgvhltvryzvlufiayyipuiynnzt/Build/Intermediates.noindex/Pods.build/Debug-iphoneos/RNCPicker.build/RNCPicker-generated-files.hmap

WriteAuxiliaryFile /Users/tungstonlabs/Library/Developer/Xcode/DerivedData/HealthApp-fjgvhltvryzvlufiayyipuiynnzt/Build/Intermediates.noindex/Pods.build/Debug-iphoneos/RNCPicker.build/RNCPicker-all-non-framework-target-headers.hmap (in target 'RNCPicker' from project 'Pods')
    cd /Users/tungstonlabs/Desktop/HealthApp-Mobile/ios/Pods
    write-file /Users/tungstonlabs/Library/Developer/Xcode/DerivedData/HealthApp-fjgvhltvryzvlufiayyipuiynnzt/Build/Intermediates.noindex/Pods.build/Debug-iphoneos/RNCPicker.build/RNCPicker-all-non-framework-target-headers.hmap

WriteAuxiliaryFile /Users/tungstonlabs/Library/Developer/Xcode/DerivedData/HealthApp-fjgvhltvryzvlufiayyipuiynnzt/Build/Intermediates.noindex/Pods.build/Debug-iphoneos/RNCPicker.build/Objects-normal/arm64/e6072d4f65d7061329687fe24e3d63a7-common-args.resp (in target 'RNCPicker' from project 'Pods')
    cd /Users/tungstonlabs/Desktop/HealthApp-Mobile/ios/Pods
    write-file /Users/tungstonlabs/Library/Developer/Xcode/DerivedData/HealthApp-fjgvhltvryzvlufiayyipuiynnzt/Build/Intermediates.noindex/Pods.build/Debug-iphoneos/RNCPicker.build/Objects-normal/arm64/e6072d4f65d7061329687fe24e3d63a7-common-args.resp
'-std=gnu11' -fobjc-arc -fmodules '-fmodules-cache-path=/Users/tungstonlabs/Library/Developer/Xcode/DerivedData/ModuleCache.noindex' -fpascal-strings -O0 -fno-common '-DPOD_CONFIGURATION_DEBUG=1' '-DDEBUG=1' '-DCOCOAPODS=1' '-DOBJC_OLD_DISPATCH_PROTOTYPES=0' -g -iquote /Users/tungstonlabs/Library/Developer/Xcode/DerivedData/HealthApp-fjgvhltvryzvlufiayyipuiynnzt/Build/Intermediates.noindex/Pods.build/Debug-iphoneos/RNCPicker.build/RNCPicker-generated-files.hmap -I/Users/tungstonlabs/Library/Developer/Xcode/DerivedData/HealthApp-fjgvhltvryzvlufiayyipuiynnzt/Build/Intermediates.noindex/Pods.build/Debug-iphoneos/RNCPicker.build/RNCPicker-own-target-headers.hmap -I/Users/tungstonlabs/Library/Developer/Xcode/DerivedData/HealthApp-fjgvhltvryzvlufiayyipuiynnzt/Build/Intermediates.noindex/Pods.build/Debug-iphoneos/RNCPicker.build/RNCPicker-all-non-framework-target-headers.hmap -ivfsoverlay /Users/tungstonlabs/Library/Developer/Xcode/DerivedData/HealthApp-fjgvhltvryzvlufiayyipuiynnzt/Build/Intermediates.noindex/Pods.build/Debug-iphoneos/Pods-8699adb1dd336b26511df848a716bd42-VFS-iphoneos/all-product-headers.yaml -iquote /Users/tungstonlabs/Library/Developer/Xcode/DerivedData/HealthApp-fjgvhltvryzvlufiayyipuiynnzt/Build/Intermediates.noindex/Pods.build/Debug-iphoneos/RNCPicker.build/RNCPicker-project-headers.hmap -I/Users/tungstonlabs/Library/Developer/Xcode/DerivedData/HealthApp-fjgvhltvryzvlufiayyipuiynnzt/Build/Products/Debug-iphoneos/RNCPicker/include -I/Users/tungstonlabs/Desktop/HealthApp-Mobile/ios/Pods/Headers/Private -I/Users/tungstonlabs/Desktop/HealthApp-Mobile/ios/Pods/Headers/Private/RNCPicker -I/Users/tungstonlabs/Desktop/HealthApp-Mobile/ios/Pods/Headers/Public -I/Users/tungstonlabs/Desktop/HealthApp-Mobile/ios/Pods/Headers/Public/DoubleConversion -I/Users/tungstonlabs/Desktop/HealthApp-Mobile/ios/Pods/Headers/Public/FBLazyVector -I/Users/tungstonlabs/Desktop/HealthApp-Mobile/ios/Pods/Headers/Public/RCT-Folly -I/Users/tungstonlabs/Desktop/HealthApp-Mobile/ios/Pods/Headers/Public/RCTDeprecation -I/Users/tungstonlabs/Desktop/HealthApp-Mobile/ios/Pods/Headers/Public/RCTRequired -I/Users/tungstonlabs/Desktop/HealthApp-Mobile/ios/Pods/Headers/Public/RCTTypeSafety -I/Users/tungstonlabs/Desktop/HealthApp-Mobile/ios/Pods/Headers/Public/RNCPicker -I/Users/tungstonlabs/Desktop/HealthApp-Mobile/ios/Pods/Headers/Public/React-Core -I/Users/tungstonlabs/Desktop/HealthApp-Mobile/ios/Pods/Headers/Public/React-Fabric -I/Users/tungstonlabs/Desktop/HealthApp-Mobile/ios/Pods/Headers/Public/React-FabricComponents -I/Users/tungstonlabs/Desktop/HealthApp-Mobile/ios/Pods/Headers/Public/React-FabricImage -I/Users/tungstonlabs/Desktop/HealthApp-Mobile/ios/Pods/Headers/Public/React-ImageManager -I/Users/tungstonlabs/Desktop/HealthApp-Mobile/ios/Pods/Headers/Public/React-Mapbuffer -I/Users/tungstonlabs/Desktop/HealthApp-Mobile/ios/Pods/Headers/Public/React-NativeModulesApple -I/Users/tungstonlabs/Desktop/HealthApp-Mobile/ios/Pods/Headers/Public/React-RCTAnimation -I/Users/tungstonlabs/Desktop/HealthApp-Mobile/ios/Pods/Headers/Public/React-RCTAppDelegate -I/Users/tungstonlabs/Desktop/HealthApp-Mobile/ios/Pods/Headers/Public/React-RCTBlob -I/Users/tungstonlabs/Desktop/HealthApp-Mobile/ios/Pods/Headers/Public/React-RCTFBReactNativeSpec -I/Users/tungstonlabs/Desktop/HealthApp-Mobile/ios/Pods/Headers/Public/React-RCTFabric -I/Users/tungstonlabs/Desktop/HealthApp-Mobile/ios/Pods/Headers/Public/React-RCTRuntime -I/Users/tungstonlabs/Desktop/HealthApp-Mobile/ios/Pods/Headers/Public/React-RCTText -I/Users/tungstonlabs/Desktop/HealthApp-Mobile/ios/Pods/Headers/Public/React-RuntimeApple -I/Users/tungstonlabs/Desktop/HealthApp-Mobile/ios/Pods/Headers/Public/React-RuntimeCore -I/Users/tungstonlabs/Desktop/HealthApp-Mobile/ios/Pods/Headers/Public/React-RuntimeHermes -I/Users/tungstonlabs/Desktop/HealthApp-Mobile/ios/Pods/Headers/Public/React-callinvoker -I/Users/tungstonlabs/Desktop/HealthApp-Mobile/ios/Pods/Headers/Public/React-cxxreact -I/Users/tungstonlabs/Desktop/HealthApp-Mobile/ios/Pods/Headers/Public/React-debug -I/Users/tungstonlabs/Desktop/HealthApp-Mobile/ios/Pods/Headers/Public/React-defaultsnativemodule -I/Users/tungstonlabs/Desktop/HealthApp-Mobile/ios/Pods/Headers/Public/React-domnativemodule -I/Users/tungstonlabs/Desktop/HealthApp-Mobile/ios/Pods/Headers/Public/React-featureflags -I/Users/tungstonlabs/Desktop/HealthApp-Mobile/ios/Pods/Headers/Public/React-featureflagsnativemodule -I/Users/tungstonlabs/Desktop/HealthApp-Mobile/ios/Pods/Headers/Public/React-graphics -I/Users/tungstonlabs/Desktop/HealthApp-Mobile/ios/Pods/Headers/Public/React-hermes -I/Users/tungstonlabs/Desktop/HealthApp-Mobile/ios/Pods/Headers/Public/React-idlecallbacksnativemodule -I/Users/tungstonlabs/Desktop/HealthApp-Mobile/ios/Pods/Headers/Public/React-jserrorhandler -I/Users/tungstonlabs/Desktop/HealthApp-Mobile/ios/Pods/Headers/Public/React-jsi -I/Users/tungstonlabs/Desktop/HealthApp-Mobile/ios/Pods/Headers/Public/React-jsiexecutor -I/Users/tungstonlabs/Desktop/HealthApp-Mobile/ios/Pods/Headers/Public/React-jsinspector -I/Users/tungstonlabs/Desktop/HealthApp-Mobile/ios/Pods/Headers/Public/React-jsinspectorcdp -I/Users/tungstonlabs/Desktop/HealthApp-Mobile/ios/Pods/Headers/Public/React-jsinspectornetwork -I/Users/tungstonlabs/Desktop/HealthApp-Mobile/ios/Pods/Headers/Public/React-jsinspectortracing -I/Users/tungstonlabs/Desktop/HealthApp-Mobile/ios/Pods/Headers/Public/React-jsitooling -I/Users/tungstonlabs/Desktop/HealthApp-Mobile/ios/Pods/Headers/Public/React-logger -I/Users/tungstonlabs/Desktop/HealthApp-Mobile/ios/Pods/Headers/Public/React-microtasksnativemodule -I/Users/tungstonlabs/Desktop/HealthApp-Mobile/ios/Pods/Headers/Public/React-oscompat -I/Users/tungstonlabs/Desktop/HealthApp-Mobile/ios/Pods/Headers/Public/React-perflogger -I/Users/tungstonlabs/Desktop/HealthApp-Mobile/ios/Pods/Headers/Public/React-performancecdpmetrics -I/Users/tungstonlabs/Desktop/HealthApp-Mobile/ios/Pods/Headers/Public/React-performancetimeline -I/Users/tungstonlabs/Desktop/HealthApp-Mobile/ios/Pods/Headers/Public/React-rendererconsistency -I/Users/tungstonlabs/Desktop/HealthApp-Mobile/ios/Pods/Headers/Public/React-renderercss -I/Users/tungstonlabs/Desktop/HealthApp-Mobile/ios/Pods/Headers/Public/React-rendererdebug -I/Users/tungstonlabs/Desktop/HealthApp-Mobile/ios/Pods/Headers/Public/React-runtimeexecutor -I/Users/tungstonlabs/Desktop/HealthApp-Mobile/ios/Pods/Headers/Public/React-runtimescheduler -I/Users/tungstonlabs/Desktop/HealthApp-Mobile/ios/Pods/Headers/Public/React-timing -I/Users/tungstonlabs/Desktop/HealthApp-Mobile/ios/Pods/Headers/Public/React-utils -I/Users/tungstonlabs/Desktop/HealthApp-Mobile/ios/Pods/Headers/Public/React-webperformancenativemodule -I/Users/tungstonlabs/Desktop/HealthApp-Mobile/ios/Pods/Headers/Public/ReactCodegen -I/Users/tungstonlabs/Desktop/HealthApp-Mobile/ios/Pods/Headers/Public/ReactCommon -I/Users/tungstonlabs/Desktop/HealthApp-Mobile/ios/Pods/Headers/Public/SocketRocket -I/Users/tungstonlabs/Desktop/HealthApp-Mobile/ios/Pods/Headers/Public/Yoga -I/Users/tungstonlabs/Desktop/HealthApp-Mobile/ios/Pods/Headers/Public/boost -I/Users/tungstonlabs/Desktop/HealthApp-Mobile/ios/Pods/Headers/Public/fast_float -I/Users/tungstonlabs/Desktop/HealthApp-Mobile/ios/Pods/Headers/Public/fmt -I/Users/tungstonlabs/Desktop/HealthApp-Mobile/ios/Pods/Headers/Public/glog -I/Users/tungstonlabs/Desktop/HealthApp-Mobile/ios/Pods/Headers/Public/hermes-engine -I/Users/tungstonlabs/Desktop/HealthApp-Mobile/ios/Pods/Headers/Private/Yoga -I/Users/tungstonlabs/Library/Developer/Xcode/DerivedData/HealthApp-fjgvhltvryzvlufiayyipuiynnzt/Build/Intermediates.noindex/Pods.build/Debug-iphoneos/RNCPicker.build/DerivedSources-normal/arm64 -I/Users/tungstonlabs/Library/Developer/Xcode/DerivedData/HealthApp-fjgvhltvryzvlufiayyipuiynnzt/Build/Intermediates.noindex/Pods.build/Debug-iphoneos/RNCPicker.build/DerivedSources/arm64 -I/Users/tungstonlabs/Library/Developer/Xcode/DerivedData/HealthApp-fjgvhltvryzvlufiayyipuiynnzt/Build/Intermediates.noindex/Pods.build/Debug-iphoneos/RNCPicker.build/DerivedSources -F/Users/tungstonlabs/Library/Developer/Xcode/DerivedData/HealthApp-fjgvhltvryzvlufiayyipuiynnzt/Build/Products/Debug-iphoneos/RNCPicker -F/Users/tungstonlabs/Desktop/HealthApp-Mobile/ios/Pods/hermes-engine/destroot/Library/Frameworks/universal -F/Users/tungstonlabs/Library/Developer/Xcode/DerivedData/HealthApp-fjgvhltvryzvlufiayyipuiynnzt/Build/Products/Debug-iphoneos/XCFrameworkIntermediates/hermes-engine/Pre-built '-fmodule-map-file=/Users/tungstonlabs/Desktop/HealthApp-Mobile/ios/Pods/Headers/Public/DoubleConversion/DoubleConversion.modulemap' '-fmodule-map-file=/Users/tungstonlabs/Desktop/HealthApp-Mobile/ios/Pods/Headers/Public/RCTDeprecation/RCTDeprecation.modulemap' '-fmodule-map-file=/Users/tungstonlabs/Desktop/HealthApp-Mobile/ios/Pods/Headers/Public/RCTFabric/React-RCTFabric.modulemap' '-fmodule-map-file=/Users/tungstonlabs/Desktop/HealthApp-Mobile/ios/Pods/Headers/Public/RCTImage/React-RCTImage.modulemap' '-fmodule-map-file=/Users/tungstonlabs/Desktop/HealthApp-Mobile/ios/Pods/Headers/Public/RCTRuntime/React-RCTRuntime.modulemap' '-fmodule-map-file=/Users/tungstonlabs/Desktop/HealthApp-Mobile/ios/Pods/Headers/Public/RCTTypeSafety/RCTTypeSafety.modulemap' '-fmodule-map-file=/Users/tungstonlabs/Desktop/HealthApp-Mobile/ios/Pods/Headers/Public/React/React-Core.modulemap' '-fmodule-map-file=/Users/tungstonlabs/Desktop/HealthApp-Mobile/ios/Pods/Headers/Public/ReactCodegen/ReactCodegen.modulemap' '-fmodule-map-file=/Users/tungstonlabs/Desktop/HealthApp-Mobile/ios/Pods/Headers/Public/ReactCommon/ReactCommon.modulemap' '-fmodule-map-file=/Users/tungstonlabs/Desktop/HealthApp-Mobile/ios/Pods/Headers/Public/React_Fabric/React-Fabric.modulemap' '-fmodule-map-file=/Users/tungstonlabs/Desktop/HealthApp-Mobile/ios/Pods/Headers/Public/React_FabricComponents/React-FabricComponents.modulemap' '-fmodule-map-file=/Users/tungstonlabs/Desktop/HealthApp-Mobile/ios/Pods/Headers/Public/React_NativeModulesApple/React-NativeModulesApple.modulemap' '-fmodule-map-file=/Users/tungstonlabs/Desktop/HealthApp-Mobile/ios/Pods/Headers/Public/React_RCTAppDelegate/React-RCTAppDelegate.modulemap' '-fmodule-map-file=/Users/tungstonlabs/Desktop/HealthApp-Mobile/ios/Pods/Headers/Public/React_runtimeexecutor/React-runtimeexecutor.modulemap' '-fmodule-map-file=/Users/tungstonlabs/Desktop/HealthApp-Mobile/ios/Pods/Headers/Public/SocketRocket/SocketRocket.modulemap' '-fmodule-map-file=/Users/tungstonlabs/Desktop/HealthApp-Mobile/ios/Pods/Headers/Public/fmt/fmt.modulemap' '-fmodule-map-file=/Users/tungstonlabs/Desktop/HealthApp-Mobile/ios/Pods/Headers/Public/folly/RCT-Folly.modulemap' '-fmodule-map-file=/Users/tungstonlabs/Desktop/HealthApp-Mobile/ios/Pods/Headers/Public/glog/glog.modulemap' '-fmodule-map-file=/Users/tungstonlabs/Desktop/HealthApp-Mobile/ios/Pods/Headers/Public/jsi/React-jsi.modulemap' '-fmodule-map-file=/Users/tungstonlabs/Desktop/HealthApp-Mobile/ios/Pods/Headers/Public/jsinspector_modern/React-jsinspector.modulemap' '-fmodule-map-file=/Users/tungstonlabs/Desktop/HealthApp-Mobile/ios/Pods/Headers/Public/jsinspector_modern_cdp/React-jsinspectorcdp.modulemap' '-fmodule-map-file=/Users/tungstonlabs/Desktop/HealthApp-Mobile/ios/Pods/Headers/Public/jsinspector_modern_network/React-jsinspectornetwork.modulemap' '-fmodule-map-file=/Users/tungstonlabs/Desktop/HealthApp-Mobile/ios/Pods/Headers/Public/jsinspector_modern_tracing/React-jsinspectortracing.modulemap' '-fmodule-map-file=/Users/tungstonlabs/Desktop/HealthApp-Mobile/ios/Pods/Headers/Public/react_debug/React-debug.modulemap' '-fmodule-map-file=/Users/tungstonlabs/Desktop/HealthApp-Mobile/ios/Pods/Headers/Public/react_featureflags/React-featureflags.modulemap' '-fmodule-map-file=/Users/tungstonlabs/Desktop/HealthApp-Mobile/ios/Pods/Headers/Public/react_nativemodule_defaults/React-defaultsnativemodule.modulemap' '-fmodule-map-file=/Users/tungstonlabs/Desktop/HealthApp-Mobile/ios/Pods/Headers/Public/react_nativemodule_dom/React-domnativemodule.modulemap' '-fmodule-map-file=/Users/tungstonlabs/Desktop/HealthApp-Mobile/ios/Pods/Headers/Public/react_nativemodule_featureflags/React-featureflagsnativemodule.modulemap' '-fmodule-map-file=/Users/tungstonlabs/Desktop/HealthApp-Mobile/ios/Pods/Headers/Public/react_nativemodule_idlecallbacks/React-idlecallbacksnativemodule.modulemap' '-fmodule-map-file=/Users/tungstonlabs/Desktop/HealthApp-Mobile/ios/Pods/Headers/Public/react_nativemodule_microtasks/React-microtasksnativemodule.modulemap' '-fmodule-map-file=/Users/tungstonlabs/Desktop/HealthApp-Mobile/ios/Pods/Headers/Public/react_nativemodule_webperformance/React-webperformancenativemodule.modulemap' '-fmodule-map-file=/Users/tungstonlabs/Desktop/HealthApp-Mobile/ios/Pods/Headers/Public/react_renderer_css/React-renderercss.modulemap' '-fmodule-map-file=/Users/tungstonlabs/Desktop/HealthApp-Mobile/ios/Pods/Headers/Public/react_renderer_debug/React-rendererdebug.modulemap' '-fmodule-map-file=/Users/tungstonlabs/Desktop/HealthApp-Mobile/ios/Pods/Headers/Public/react_renderer_graphics/React-graphics.modulemap' '-fmodule-map-file=/Users/tungstonlabs/Desktop/HealthApp-Mobile/ios/Pods/Headers/Public/react_renderer_imagemanager/React-ImageManager.modulemap' '-fmodule-map-file=/Users/tungstonlabs/Desktop/HealthApp-Mobile/ios/Pods/Headers/Public/react_runtime/React-jsitooling.modulemap' '-fmodule-map-file=/Users/tungstonlabs/Desktop/HealthApp-Mobile/ios/Pods/Headers/Public/react_utils/React-utils.modulemap' '-fmodule-map-file=/Users/tungstonlabs/Desktop/HealthApp-Mobile/ios/Pods/Headers/Public/reacthermes/React-hermes.modulemap' '-fmodule-map-file=/Users/tungstonlabs/Desktop/HealthApp-Mobile/ios/Pods/Headers/Public/yoga/Yoga.modulemap'

WriteAuxiliaryFile /Users/tungstonlabs/Library/Developer/Xcode/DerivedData/HealthApp-fjgvhltvryzvlufiayyipuiynnzt/Build/Intermediates.noindex/Pods.build/Debug-iphoneos/RNCPicker.build/Objects-normal/arm64/af3fcb34312c57c0f52879cdce924b91-common-args.resp (in target 'RNCPicker' from project 'Pods')
    cd /Users/tungstonlabs/Desktop/HealthApp-Mobile/ios/Pods
    write-file /Users/tungstonlabs/Library/Developer/Xcode/DerivedData/HealthApp-fjgvhltvryzvlufiayyipuiynnzt/Build/Intermediates.noindex/Pods.build/Debug-iphoneos/RNCPicker.build/Objects-normal/arm64/af3fcb34312c57c0f52879cdce924b91-common-args.resp
'-std=c++20' '-stdlib=libc++' -fobjc-arc -fmodules -fno-cxx-modules '-fmodules-cache-path=/Users/tungstonlabs/Library/Developer/Xcode/DerivedData/ModuleCache.noindex' '-D_LIBCPP_HARDENING_MODE=_LIBCPP_HARDENING_MODE_DEBUG' -fpascal-strings -O0 -fno-common '-DPOD_CONFIGURATION_DEBUG=1' '-DDEBUG=1' '-DCOCOAPODS=1' '-DOBJC_OLD_DISPATCH_PROTOTYPES=0' -g -iquote /Users/tungstonlabs/Library/Developer/Xcode/DerivedData/HealthApp-fjgvhltvryzvlufiayyipuiynnzt/Build/Intermediates.noindex/Pods.build/Debug-iphoneos/RNCPicker.build/RNCPicker-generated-files.hmap -I/Users/tungstonlabs/Library/Developer/Xcode/DerivedData/HealthApp-fjgvhltvryzvlufiayyipuiynnzt/Build/Intermediates.noindex/Pods.build/Debug-iphoneos/RNCPicker.build/RNCPicker-own-target-headers.hmap -I/Users/tungstonlabs/Library/Developer/Xcode/DerivedData/HealthApp-fjgvhltvryzvlufiayyipuiynnzt/Build/Intermediates.noindex/Pods.build/Debug-iphoneos/RNCPicker.build/RNCPicker-all-non-framework-target-headers.hmap -ivfsoverlay /Users/tungstonlabs/Library/Developer/Xcode/DerivedData/HealthApp-fjgvhltvryzvlufiayyipuiynnzt/Build/Intermediates.noindex/Pods.build/Debug-iphoneos/Pods-8699adb1dd336b26511df848a716bd42-VFS-iphoneos/all-product-headers.yaml -iquote /Users/tungstonlabs/Library/Developer/Xcode/DerivedData/HealthApp-fjgvhltvryzvlufiayyipuiynnzt/Build/Intermediates.noindex/Pods.build/Debug-iphoneos/RNCPicker.build/RNCPicker-project-headers.hmap -I/Users/tungstonlabs/Library/Developer/Xcode/DerivedData/HealthApp-fjgvhltvryzvlufiayyipuiynnzt/Build/Products/Debug-iphoneos/RNCPicker/include -I/Users/tungstonlabs/Desktop/HealthApp-Mobile/ios/Pods/Headers/Private -I/Users/tungstonlabs/Desktop/HealthApp-Mobile/ios/Pods/Headers/Private/RNCPicker -I/Users/tungstonlabs/Desktop/HealthApp-Mobile/ios/Pods/Headers/Public -I/Users/tungstonlabs/Desktop/HealthApp-Mobile/ios/Pods/Headers/Public/DoubleConversion -I/Users/tungstonlabs/Desktop/HealthApp-Mobile/ios/Pods/Headers/Public/FBLazyVector -I/Users/tungstonlabs/Desktop/HealthApp-Mobile/ios/Pods/Headers/Public/RCT-Folly -I/Users/tungstonlabs/Desktop/HealthApp-Mobile/ios/Pods/Headers/Public/RCTDeprecation -I/Users/tungstonlabs/Desktop/HealthApp-Mobile/ios/Pods/Headers/Public/RCTRequired -I/Users/tungstonlabs/Desktop/HealthApp-Mobile/ios/Pods/Headers/Public/RCTTypeSafety -I/Users/tungstonlabs/Desktop/HealthApp-Mobile/ios/Pods/Headers/Public/RNCPicker -I/Users/tungstonlabs/Desktop/HealthApp-Mobile/ios/Pods/Headers/Public/React-Core -I/Users/tungstonlabs/Desktop/HealthApp-Mobile/ios/Pods/Headers/Public/React-Fabric -I/Users/tungstonlabs/Desktop/HealthApp-Mobile/ios/Pods/Headers/Public/React-FabricComponents -I/Users/tungstonlabs/Desktop/HealthApp-Mobile/ios/Pods/Headers/Public/React-FabricImage -I/Users/tungstonlabs/Desktop/HealthApp-Mobile/ios/Pods/Headers/Public/React-ImageManager -I/Users/tungstonlabs/Desktop/HealthApp-Mobile/ios/Pods/Headers/Public/React-Mapbuffer -I/Users/tungstonlabs/Desktop/HealthApp-Mobile/ios/Pods/Headers/Public/React-NativeModulesApple -I/Users/tungstonlabs/Desktop/HealthApp-Mobile/ios/Pods/Headers/Public/React-RCTAnimation -I/Users/tungstonlabs/Desktop/HealthApp-Mobile/ios/Pods/Headers/Public/React-RCTAppDelegate -I/Users/tungstonlabs/Desktop/HealthApp-Mobile/ios/Pods/Headers/Public/React-RCTBlob -I/Users/tungstonlabs/Desktop/HealthApp-Mobile/ios/Pods/Headers/Public/React-RCTFBReactNativeSpec -I/Users/tungstonlabs/Desktop/HealthApp-Mobile/ios/Pods/Headers/Public/React-RCTFabric -I/Users/tungstonlabs/Desktop/HealthApp-Mobile/ios/Pods/Headers/Public/React-RCTRuntime -I/Users/tungstonlabs/Desktop/HealthApp-Mobile/ios/Pods/Headers/Public/React-RCTText -I/Users/tungstonlabs/Desktop/HealthApp-Mobile/ios/Pods/Headers/Public/React-RuntimeApple -I/Users/tungstonlabs/Desktop/HealthApp-Mobile/ios/Pods/Headers/Public/React-RuntimeCore -I/Users/tungstonlabs/Desktop/HealthApp-Mobile/ios/Pods/Headers/Public/React-RuntimeHermes -I/Users/tungstonlabs/Desktop/HealthApp-Mobile/ios/Pods/Headers/Public/React-callinvoker -I/Users/tungstonlabs/Desktop/HealthApp-Mobile/ios/Pods/Headers/Public/React-cxxreact -I/Users/tungstonlabs/Desktop/HealthApp-Mobile/ios/Pods/Headers/Public/React-debug -I/Users/tungstonlabs/Desktop/HealthApp-Mobile/ios/Pods/Headers/Public/React-defaultsnativemodule -I/Users/tungstonlabs/Desktop/HealthApp-Mobile/ios/Pods/Headers/Public/React-domnativemodule -I/Users/tungstonlabs/Desktop/HealthApp-Mobile/ios/Pods/Headers/Public/React-featureflags -I/Users/tungstonlabs/Desktop/HealthApp-Mobile/ios/Pods/Headers/Public/React-featureflagsnativemodule -I/Users/tungstonlabs/Desktop/HealthApp-Mobile/ios/Pods/Headers/Public/React-graphics -I/Users/tungstonlabs/Desktop/HealthApp-Mobile/ios/Pods/Headers/Public/React-hermes -I/Users/tungstonlabs/Desktop/HealthApp-Mobile/ios/Pods/Headers/Public/React-idlecallbacksnativemodule -I/Users/tungstonlabs/Desktop/HealthApp-Mobile/ios/Pods/Headers/Public/React-jserrorhandler -I/Users/tungstonlabs/Desktop/HealthApp-Mobile/ios/Pods/Headers/Public/React-jsi -I/Users/tungstonlabs/Desktop/HealthApp-Mobile/ios/Pods/Headers/Public/React-jsiexecutor -I/Users/tungstonlabs/Desktop/HealthApp-Mobile/ios/Pods/Headers/Public/React-jsinspector -I/Users/tungstonlabs/Desktop/HealthApp-Mobile/ios/Pods/Headers/Public/React-jsinspectorcdp -I/Users/tungstonlabs/Desktop/HealthApp-Mobile/ios/Pods/Headers/Public/React-jsinspectornetwork -I/Users/tungstonlabs/Desktop/HealthApp-Mobile/ios/Pods/Headers/Public/React-jsinspectortracing -I/Users/tungstonlabs/Desktop/HealthApp-Mobile/ios/Pods/Headers/Public/React-jsitooling -I/Users/tungstonlabs/Desktop/HealthApp-Mobile/ios/Pods/Headers/Public/React-logger -I/Users/tungstonlabs/Desktop/HealthApp-Mobile/ios/Pods/Headers/Public/React-microtasksnativemodule -I/Users/tungstonlabs/Desktop/HealthApp-Mobile/ios/Pods/Headers/Public/React-oscompat -I/Users/tungstonlabs/Desktop/HealthApp-Mobile/ios/Pods/Headers/Public/React-perflogger -I/Users/tungstonlabs/Desktop/HealthApp-Mobile/ios/Pods/Headers/Public/React-performancecdpmetrics -I/Users/tungstonlabs/Desktop/HealthApp-Mobile/ios/Pods/Headers/Public/React-performancetimeline -I/Users/tungstonlabs/Desktop/HealthApp-Mobile/ios/Pods/Headers/Public/React-rendererconsistency -I/Users/tungstonlabs/Desktop/HealthApp-Mobile/ios/Pods/Headers/Public/React-renderercss -I/Users/tungstonlabs/Desktop/HealthApp-Mobile/ios/Pods/Headers/Public/React-rendererdebug -I/Users/tungstonlabs/Desktop/HealthApp-Mobile/ios/Pods/Headers/Public/React-runtimeexecutor -I/Users/tungstonlabs/Desktop/HealthApp-Mobile/ios/Pods/Headers/Public/React-runtimescheduler -I/Users/tungstonlabs/Desktop/HealthApp-Mobile/ios/Pods/Headers/Public/React-timing -I/Users/tungstonlabs/Desktop/HealthApp-Mobile/ios/Pods/Headers/Public/React-utils -I/Users/tungstonlabs/Desktop/HealthApp-Mobile/ios/Pods/Headers/Public/React-webperformancenativemodule -I/Users/tungstonlabs/Desktop/HealthApp-Mobile/ios/Pods/Headers/Public/ReactCodegen -I/Users/tungstonlabs/Desktop/HealthApp-Mobile/ios/Pods/Headers/Public/ReactCommon -I/Users/tungstonlabs/Desktop/HealthApp-Mobile/ios/Pods/Headers/Public/SocketRocket -I/Users/tungstonlabs/Desktop/HealthApp-Mobile/ios/Pods/Headers/Public/Yoga -I/Users/tungstonlabs/Desktop/HealthApp-Mobile/ios/Pods/Headers/Public/boost -I/Users/tungstonlabs/Desktop/HealthApp-Mobile/ios/Pods/Headers/Public/fast_float -I/Users/tungstonlabs/Desktop/HealthApp-Mobile/ios/Pods/Headers/Public/fmt -I/Users/tungstonlabs/Desktop/HealthApp-Mobile/ios/Pods/Headers/Public/glog -I/Users/tungstonlabs/Desktop/HealthApp-Mobile/ios/Pods/Headers/Public/hermes-engine -I/Users/tungstonlabs/Desktop/HealthApp-Mobile/ios/Pods/Headers/Private/Yoga -I/Users/tungstonlabs/Library/Developer/Xcode/DerivedData/HealthApp-fjgvhltvryzvlufiayyipuiynnzt/Build/Intermediates.noindex/Pods.build/Debug-iphoneos/RNCPicker.build/DerivedSources-normal/arm64 -I/Users/tungstonlabs/Library/Developer/Xcode/DerivedData/HealthApp-fjgvhltvryzvlufiayyipuiynnzt/Build/Intermediates.noindex/Pods.build/Debug-iphoneos/RNCPicker.build/DerivedSources/arm64 -I/Users/tungstonlabs/Library/Developer/Xcode/DerivedData/HealthApp-fjgvhltvryzvlufiayyipuiynnzt/Build/Intermediates.noindex/Pods.build/Debug-iphoneos/RNCPicker.build/DerivedSources -F/Users/tungstonlabs/Library/Developer/Xcode/DerivedData/HealthApp-fjgvhltvryzvlufiayyipuiynnzt/Build/Products/Debug-iphoneos/RNCPicker -F/Users/tungstonlabs/Desktop/HealthApp-Mobile/ios/Pods/hermes-engine/destroot/Library/Frameworks/universal -F/Users/tungstonlabs/Library/Developer/Xcode/DerivedData/HealthApp-fjgvhltvryzvlufiayyipuiynnzt/Build/Products/Debug-iphoneos/XCFrameworkIntermediates/hermes-engine/Pre-built '-fmodule-map-file=/Users/tungstonlabs/Desktop/HealthApp-Mobile/ios/Pods/Headers/Public/DoubleConversion/DoubleConversion.modulemap' '-fmodule-map-file=/Users/tungstonlabs/Desktop/HealthApp-Mobile/ios/Pods/Headers/Public/RCTDeprecation/RCTDeprecation.modulemap' '-fmodule-map-file=/Users/tungstonlabs/Desktop/HealthApp-Mobile/ios/Pods/Headers/Public/RCTFabric/React-RCTFabric.modulemap' '-fmodule-map-file=/Users/tungstonlabs/Desktop/HealthApp-Mobile/ios/Pods/Headers/Public/RCTImage/React-RCTImage.modulemap' '-fmodule-map-file=/Users/tungstonlabs/Desktop/HealthApp-Mobile/ios/Pods/Headers/Public/RCTRuntime/React-RCTRuntime.modulemap' '-fmodule-map-file=/Users/tungstonlabs/Desktop/HealthApp-Mobile/ios/Pods/Headers/Public/RCTTypeSafety/RCTTypeSafety.modulemap' '-fmodule-map-file=/Users/tungstonlabs/Desktop/HealthApp-Mobile/ios/Pods/Headers/Public/React/React-Core.modulemap' '-fmodule-map-file=/Users/tungstonlabs/Desktop/HealthApp-Mobile/ios/Pods/Headers/Public/ReactCodegen/ReactCodegen.modulemap' '-fmodule-map-file=/Users/tungstonlabs/Desktop/HealthApp-Mobile/ios/Pods/Headers/Public/ReactCommon/ReactCommon.modulemap' '-fmodule-map-file=/Users/tungstonlabs/Desktop/HealthApp-Mobile/ios/Pods/Headers/Public/React_Fabric/React-Fabric.modulemap' '-fmodule-map-file=/Users/tungstonlabs/Desktop/HealthApp-Mobile/ios/Pods/Headers/Public/React_FabricComponents/React-FabricComponents.modulemap' '-fmodule-map-file=/Users/tungstonlabs/Desktop/HealthApp-Mobile/ios/Pods/Headers/Public/React_NativeModulesApple/React-NativeModulesApple.modulemap' '-fmodule-map-file=/Users/tungstonlabs/Desktop/HealthApp-Mobile/ios/Pods/Headers/Public/React_RCTAppDelegate/React-RCTAppDelegate.modulemap' '-fmodule-map-file=/Users/tungstonlabs/Desktop/HealthApp-Mobile/ios/Pods/Headers/Public/React_runtimeexecutor/React-runtimeexecutor.modulemap' '-fmodule-map-file=/Users/tungstonlabs/Desktop/HealthApp-Mobile/ios/Pods/Headers/Public/SocketRocket/SocketRocket.modulemap' '-fmodule-map-file=/Users/tungstonlabs/Desktop/HealthApp-Mobile/ios/Pods/Headers/Public/fmt/fmt.modulemap' '-fmodule-map-file=/Users/tungstonlabs/Desktop/HealthApp-Mobile/ios/Pods/Headers/Public/folly/RCT-Folly.modulemap' '-fmodule-map-file=/Users/tungstonlabs/Desktop/HealthApp-Mobile/ios/Pods/Headers/Public/glog/glog.modulemap' '-fmodule-map-file=/Users/tungstonlabs/Desktop/HealthApp-Mobile/ios/Pods/Headers/Public/jsi/React-jsi.modulemap' '-fmodule-map-file=/Users/tungstonlabs/Desktop/HealthApp-Mobile/ios/Pods/Headers/Public/jsinspector_modern/React-jsinspector.modulemap' '-fmodule-map-file=/Users/tungstonlabs/Desktop/HealthApp-Mobile/ios/Pods/Headers/Public/jsinspector_modern_cdp/React-jsinspectorcdp.modulemap' '-fmodule-map-file=/Users/tungstonlabs/Desktop/HealthApp-Mobile/ios/Pods/Headers/Public/jsinspector_modern_network/React-jsinspectornetwork.modulemap' '-fmodule-map-file=/Users/tungstonlabs/Desktop/HealthApp-Mobile/ios/Pods/Headers/Public/jsinspector_modern_tracing/React-jsinspectortracing.modulemap' '-fmodule-map-file=/Users/tungstonlabs/Desktop/HealthApp-Mobile/ios/Pods/Headers/Public/react_debug/React-debug.modulemap' '-fmodule-map-file=/Users/tungstonlabs/Desktop/HealthApp-Mobile/ios/Pods/Headers/Public/react_featureflags/React-featureflags.modulemap' '-fmodule-map-file=/Users/tungstonlabs/Desktop/HealthApp-Mobile/ios/Pods/Headers/Public/react_nativemodule_defaults/React-defaultsnativemodule.modulemap' '-fmodule-map-file=/Users/tungstonlabs/Desktop/HealthApp-Mobile/ios/Pods/Headers/Public/react_nativemodule_dom/React-domnativemodule.modulemap' '-fmodule-map-file=/Users/tungstonlabs/Desktop/HealthApp-Mobile/ios/Pods/Headers/Public/react_nativemodule_featureflags/React-featureflagsnativemodule.modulemap' '-fmodule-map-file=/Users/tungstonlabs/Desktop/HealthApp-Mobile/ios/Pods/Headers/Public/react_nativemodule_idlecallbacks/React-idlecallbacksnativemodule.modulemap' '-fmodule-map-file=/Users/tungstonlabs/Desktop/HealthApp-Mobile/ios/Pods/Headers/Public/react_nativemodule_microtasks/React-microtasksnativemodule.modulemap' '-fmodule-map-file=/Users/tungstonlabs/Desktop/HealthApp-Mobile/ios/Pods/Headers/Public/react_nativemodule_webperformance/React-webperformancenativemodule.modulemap' '-fmodule-map-file=/Users/tungstonlabs/Desktop/HealthApp-Mobile/ios/Pods/Headers/Public/react_renderer_css/React-renderercss.modulemap' '-fmodule-map-file=/Users/tungstonlabs/Desktop/HealthApp-Mobile/ios/Pods/Headers/Public/react_renderer_debug/React-rendererdebug.modulemap' '-fmodule-map-file=/Users/tungstonlabs/Desktop/HealthApp-Mobile/ios/Pods/Headers/Public/react_renderer_graphics/React-graphics.modulemap' '-fmodule-map-file=/Users/tungstonlabs/Desktop/HealthApp-Mobile/ios/Pods/Headers/Public/react_renderer_imagemanager/React-ImageManager.modulemap' '-fmodule-map-file=/Users/tungstonlabs/Desktop/HealthApp-Mobile/ios/Pods/Headers/Public/react_runtime/React-jsitooling.modulemap' '-fmodule-map-file=/Users/tungstonlabs/Desktop/HealthApp-Mobile/ios/Pods/Headers/Public/react_utils/React-utils.modulemap' '-fmodule-map-file=/Users/tungstonlabs/Desktop/HealthApp-Mobile/ios/Pods/Headers/Public/reacthermes/React-hermes.modulemap' '-fmodule-map-file=/Users/tungstonlabs/Desktop/HealthApp-Mobile/ios/Pods/Headers/Public/yoga/Yoga.modulemap' '-DRCT_NEW_ARCH_ENABLED=1'

WriteAuxiliaryFile /Users/tungstonlabs/Library/Developer/Xcode/DerivedData/HealthApp-fjgvhltvryzvlufiayyipuiynnzt/Build/Intermediates.noindex/Pods.build/Debug-iphoneos/RNCPicker.build/Objects-normal/arm64/RNCPicker.LinkFileList (in target 'RNCPicker' from project 'Pods')
    cd /Users/tungstonlabs/Desktop/HealthApp-Mobile/ios/Pods
    write-file /Users/tungstonlabs/Library/Developer/Xcode/DerivedData/HealthApp-fjgvhltvryzvlufiayyipuiynnzt/Build/Intermediates.noindex/Pods.build/Debug-iphoneos/RNCPicker.build/Objects-normal/arm64/RNCPicker.LinkFileList

WriteAuxiliaryFile /Users/tungstonlabs/Library/Developer/Xcode/DerivedData/HealthApp-fjgvhltvryzvlufiayyipuiynnzt/Build/Intermediates.noindex/Pods.build/Debug-iphoneos/RNCAsyncStorage-RNCAsyncStorage_resources.build/RNCAsyncStorage_resources.DependencyStaticMetadataFileList (in target 'RNCAsyncStorage-RNCAsyncStorage_resources' from project 'Pods')
    cd /Users/tungstonlabs/Desktop/HealthApp-Mobile/ios/Pods
    write-file /Users/tungstonlabs/Library/Developer/Xcode/DerivedData/HealthApp-fjgvhltvryzvlufiayyipuiynnzt/Build/Intermediates.noindex/Pods.build/Debug-iphoneos/RNCAsyncStorage-RNCAsyncStorage_resources.build/RNCAsyncStorage_resources.DependencyStaticMetadataFileList

WriteAuxiliaryFile /Users/tungstonlabs/Library/Developer/Xcode/DerivedData/HealthApp-fjgvhltvryzvlufiayyipuiynnzt/Build/Intermediates.noindex/Pods.build/Debug-iphoneos/RNCAsyncStorage-RNCAsyncStorage_resources.build/RNCAsyncStorage_resources.hmap (in target 'RNCAsyncStorage-RNCAsyncStorage_resources' from project 'Pods')
    cd /Users/tungstonlabs/Desktop/HealthApp-Mobile/ios/Pods
    write-file /Users/tungstonlabs/Library/Developer/Xcode/DerivedData/HealthApp-fjgvhltvryzvlufiayyipuiynnzt/Build/Intermediates.noindex/Pods.build/Debug-iphoneos/RNCAsyncStorage-RNCAsyncStorage_resources.build/RNCAsyncStorage_resources.hmap

WriteAuxiliaryFile /Users/tungstonlabs/Library/Developer/Xcode/DerivedData/HealthApp-fjgvhltvryzvlufiayyipuiynnzt/Build/Intermediates.noindex/Pods.build/Debug-iphoneos/RNCAsyncStorage-RNCAsyncStorage_resources.build/RNCAsyncStorage_resources.DependencyMetadataFileList (in target 'RNCAsyncStorage-RNCAsyncStorage_resources' from project 'Pods')
    cd /Users/tungstonlabs/Desktop/HealthApp-Mobile/ios/Pods
    write-file /Users/tungstonlabs/Library/Developer/Xcode/DerivedData/HealthApp-fjgvhltvryzvlufiayyipuiynnzt/Build/Intermediates.noindex/Pods.build/Debug-iphoneos/RNCAsyncStorage-RNCAsyncStorage_resources.build/RNCAsyncStorage_resources.DependencyMetadataFileList

WriteAuxiliaryFile /Users/tungstonlabs/Library/Developer/Xcode/DerivedData/HealthApp-fjgvhltvryzvlufiayyipuiynnzt/Build/Intermediates.noindex/Pods.build/Debug-iphoneos/RNCAsyncStorage-RNCAsyncStorage_resources.build/RNCAsyncStorage_resources-project-headers.hmap (in target 'RNCAsyncStorage-RNCAsyncStorage_resources' from project 'Pods')
    cd /Users/tungstonlabs/Desktop/HealthApp-Mobile/ios/Pods
    write-file /Users/tungstonlabs/Library/Developer/Xcode/DerivedData/HealthApp-fjgvhltvryzvlufiayyipuiynnzt/Build/Intermediates.noindex/Pods.build/Debug-iphoneos/RNCAsyncStorage-RNCAsyncStorage_resources.build/RNCAsyncStorage_resources-project-headers.hmap

WriteAuxiliaryFile /Users/tungstonlabs/Library/Developer/Xcode/DerivedData/HealthApp-fjgvhltvryzvlufiayyipuiynnzt/Build/Intermediates.noindex/Pods.build/Debug-iphoneos/RNCAsyncStorage-RNCAsyncStorage_resources.build/RNCAsyncStorage_resources-own-target-headers.hmap (in target 'RNCAsyncStorage-RNCAsyncStorage_resources' from project 'Pods')
    cd /Users/tungstonlabs/Desktop/HealthApp-Mobile/ios/Pods
    write-file /Users/tungstonlabs/Library/Developer/Xcode/DerivedData/HealthApp-fjgvhltvryzvlufiayyipuiynnzt/Build/Intermediates.noindex/Pods.build/Debug-iphoneos/RNCAsyncStorage-RNCAsyncStorage_resources.build/RNCAsyncStorage_resources-own-target-headers.hmap

WriteAuxiliaryFile /Users/tungstonlabs/Library/Developer/Xcode/DerivedData/HealthApp-fjgvhltvryzvlufiayyipuiynnzt/Build/Intermediates.noindex/Pods.build/Debug-iphoneos/RNCAsyncStorage-RNCAsyncStorage_resources.build/RNCAsyncStorage_resources-generated-files.hmap (in target 'RNCAsyncStorage-RNCAsyncStorage_resources' from project 'Pods')
    cd /Users/tungstonlabs/Desktop/HealthApp-Mobile/ios/Pods
    write-file /Users/tungstonlabs/Library/Developer/Xcode/DerivedData/HealthApp-fjgvhltvryzvlufiayyipuiynnzt/Build/Intermediates.noindex/Pods.build/Debug-iphoneos/RNCAsyncStorage-RNCAsyncStorage_resources.build/RNCAsyncStorage_resources-generated-files.hmap

WriteAuxiliaryFile /Users/tungstonlabs/Library/Developer/Xcode/DerivedData/HealthApp-fjgvhltvryzvlufiayyipuiynnzt/Build/Intermediates.noindex/Pods.build/Debug-iphoneos/RNCAsyncStorage-RNCAsyncStorage_resources.build/RNCAsyncStorage_resources-all-target-headers.hmap (in target 'RNCAsyncStorage-RNCAsyncStorage_resources' from project 'Pods')
    cd /Users/tungstonlabs/Desktop/HealthApp-Mobile/ios/Pods
    write-file /Users/tungstonlabs/Library/Developer/Xcode/DerivedData/HealthApp-fjgvhltvryzvlufiayyipuiynnzt/Build/Intermediates.noindex/Pods.build/Debug-iphoneos/RNCAsyncStorage-RNCAsyncStorage_resources.build/RNCAsyncStorage_resources-all-target-headers.hmap

WriteAuxiliaryFile /Users/tungstonlabs/Library/Developer/Xcode/DerivedData/HealthApp-fjgvhltvryzvlufiayyipuiynnzt/Build/Intermediates.noindex/Pods.build/Debug-iphoneos/RNCAsyncStorage-RNCAsyncStorage_resources.build/RNCAsyncStorage_resources-all-non-framework-target-headers.hmap (in target 'RNCAsyncStorage-RNCAsyncStorage_resources' from project 'Pods')
    cd /Users/tungstonlabs/Desktop/HealthApp-Mobile/ios/Pods
    write-file /Users/tungstonlabs/Library/Developer/Xcode/DerivedData/HealthApp-fjgvhltvryzvlufiayyipuiynnzt/Build/Intermediates.noindex/Pods.build/Debug-iphoneos/RNCAsyncStorage-RNCAsyncStorage_resources.build/RNCAsyncStorage_resources-all-non-framework-target-headers.hmap

MkDir /Users/tungstonlabs/Library/Developer/Xcode/DerivedData/HealthApp-fjgvhltvryzvlufiayyipuiynnzt/Build/Products/Debug-iphoneos/RNCAsyncStorage/RNCAsyncStorage_resources.bundle (in target 'RNCAsyncStorage-RNCAsyncStorage_resources' from project 'Pods')
    cd /Users/tungstonlabs/Desktop/HealthApp-Mobile/ios/Pods
    /bin/mkdir -p /Users/tungstonlabs/Library/Developer/Xcode/DerivedData/HealthApp-fjgvhltvryzvlufiayyipuiynnzt/Build/Products/Debug-iphoneos/RNCAsyncStorage/RNCAsyncStorage_resources.bundle

WriteAuxiliaryFile /Users/tungstonlabs/Library/Developer/Xcode/DerivedData/HealthApp-fjgvhltvryzvlufiayyipuiynnzt/Build/Intermediates.noindex/Pods.build/Debug-iphoneos/RNCAsyncStorage.build/RNCAsyncStorage.hmap (in target 'RNCAsyncStorage' from project 'Pods')
    cd /Users/tungstonlabs/Desktop/HealthApp-Mobile/ios/Pods
    write-file /Users/tungstonlabs/Library/Developer/Xcode/DerivedData/HealthApp-fjgvhltvryzvlufiayyipuiynnzt/Build/Intermediates.noindex/Pods.build/Debug-iphoneos/RNCAsyncStorage.build/RNCAsyncStorage.hmap

WriteAuxiliaryFile /Users/tungstonlabs/Library/Developer/Xcode/DerivedData/HealthApp-fjgvhltvryzvlufiayyipuiynnzt/Build/Intermediates.noindex/Pods.build/Debug-iphoneos/RNCAsyncStorage.build/RNCAsyncStorage.DependencyStaticMetadataFileList (in target 'RNCAsyncStorage' from project 'Pods')
    cd /Users/tungstonlabs/Desktop/HealthApp-Mobile/ios/Pods
    write-file /Users/tungstonlabs/Library/Developer/Xcode/DerivedData/HealthApp-fjgvhltvryzvlufiayyipuiynnzt/Build/Intermediates.noindex/Pods.build/Debug-iphoneos/RNCAsyncStorage.build/RNCAsyncStorage.DependencyStaticMetadataFileList

WriteAuxiliaryFile /Users/tungstonlabs/Library/Developer/Xcode/DerivedData/HealthApp-fjgvhltvryzvlufiayyipuiynnzt/Build/Intermediates.noindex/Pods.build/Debug-iphoneos/RNCAsyncStorage.build/RNCAsyncStorage.DependencyMetadataFileList (in target 'RNCAsyncStorage' from project 'Pods')
    cd /Users/tungstonlabs/Desktop/HealthApp-Mobile/ios/Pods
    write-file /Users/tungstonlabs/Library/Developer/Xcode/DerivedData/HealthApp-fjgvhltvryzvlufiayyipuiynnzt/Build/Intermediates.noindex/Pods.build/Debug-iphoneos/RNCAsyncStorage.build/RNCAsyncStorage.DependencyMetadataFileList

WriteAuxiliaryFile /Users/tungstonlabs/Library/Developer/Xcode/DerivedData/HealthApp-fjgvhltvryzvlufiayyipuiynnzt/Build/Intermediates.noindex/Pods.build/Debug-iphoneos/RNCAsyncStorage.build/RNCAsyncStorage-project-headers.hmap (in target 'RNCAsyncStorage' from project 'Pods')
    cd /Users/tungstonlabs/Desktop/HealthApp-Mobile/ios/Pods
    write-file /Users/tungstonlabs/Library/Developer/Xcode/DerivedData/HealthApp-fjgvhltvryzvlufiayyipuiynnzt/Build/Intermediates.noindex/Pods.build/Debug-iphoneos/RNCAsyncStorage.build/RNCAsyncStorage-project-headers.hmap

WriteAuxiliaryFile /Users/tungstonlabs/Library/Developer/Xcode/DerivedData/HealthApp-fjgvhltvryzvlufiayyipuiynnzt/Build/Intermediates.noindex/Pods.build/Debug-iphoneos/RNCAsyncStorage.build/RNCAsyncStorage-own-target-headers.hmap (in target 'RNCAsyncStorage' from project 'Pods')
    cd /Users/tungstonlabs/Desktop/HealthApp-Mobile/ios/Pods
    write-file /Users/tungstonlabs/Library/Developer/Xcode/DerivedData/HealthApp-fjgvhltvryzvlufiayyipuiynnzt/Build/Intermediates.noindex/Pods.build/Debug-iphoneos/RNCAsyncStorage.build/RNCAsyncStorage-own-target-headers.hmap

WriteAuxiliaryFile /Users/tungstonlabs/Library/Developer/Xcode/DerivedData/HealthApp-fjgvhltvryzvlufiayyipuiynnzt/Build/Intermediates.noindex/Pods.build/Debug-iphoneos/RNCAsyncStorage.build/RNCAsyncStorage-generated-files.hmap (in target 'RNCAsyncStorage' from project 'Pods')
    cd /Users/tungstonlabs/Desktop/HealthApp-Mobile/ios/Pods
    write-file /Users/tungstonlabs/Library/Developer/Xcode/DerivedData/HealthApp-fjgvhltvryzvlufiayyipuiynnzt/Build/Intermediates.noindex/Pods.build/Debug-iphoneos/RNCAsyncStorage.build/RNCAsyncStorage-generated-files.hmap

WriteAuxiliaryFile /Users/tungstonlabs/Library/Developer/Xcode/DerivedData/HealthApp-fjgvhltvryzvlufiayyipuiynnzt/Build/Intermediates.noindex/Pods.build/Debug-iphoneos/RNCAsyncStorage.build/RNCAsyncStorage-all-target-headers.hmap (in target 'RNCAsyncStorage' from project 'Pods')
    cd /Users/tungstonlabs/Desktop/HealthApp-Mobile/ios/Pods
    write-file /Users/tungstonlabs/Library/Developer/Xcode/DerivedData/HealthApp-fjgvhltvryzvlufiayyipuiynnzt/Build/Intermediates.noindex/Pods.build/Debug-iphoneos/RNCAsyncStorage.build/RNCAsyncStorage-all-target-headers.hmap

WriteAuxiliaryFile /Users/tungstonlabs/Library/Developer/Xcode/DerivedData/HealthApp-fjgvhltvryzvlufiayyipuiynnzt/Build/Intermediates.noindex/Pods.build/Debug-iphoneos/RNCAsyncStorage.build/RNCAsyncStorage-all-non-framework-target-headers.hmap (in target 'RNCAsyncStorage' from project 'Pods')
    cd /Users/tungstonlabs/Desktop/HealthApp-Mobile/ios/Pods
    write-file /Users/tungstonlabs/Library/Developer/Xcode/DerivedData/HealthApp-fjgvhltvryzvlufiayyipuiynnzt/Build/Intermediates.noindex/Pods.build/Debug-iphoneos/RNCAsyncStorage.build/RNCAsyncStorage-all-non-framework-target-headers.hmap

WriteAuxiliaryFile /Users/tungstonlabs/Library/Developer/Xcode/DerivedData/HealthApp-fjgvhltvryzvlufiayyipuiynnzt/Build/Intermediates.noindex/Pods.build/Debug-iphoneos/RNCAsyncStorage.build/Objects-normal/arm64/e6072d4f65d7061329687fe24e3d63a7-common-args.resp (in target 'RNCAsyncStorage' from project 'Pods')
    cd /Users/tungstonlabs/Desktop/HealthApp-Mobile/ios/Pods
    write-file /Users/tungstonlabs/Library/Developer/Xcode/DerivedData/HealthApp-fjgvhltvryzvlufiayyipuiynnzt/Build/Intermediates.noindex/Pods.build/Debug-iphoneos/RNCAsyncStorage.build/Objects-normal/arm64/e6072d4f65d7061329687fe24e3d63a7-common-args.resp
'-std=gnu11' -fobjc-arc -fmodules '-fmodules-cache-path=/Users/tungstonlabs/Library/Developer/Xcode/DerivedData/ModuleCache.noindex' -fpascal-strings -O0 -fno-common '-DPOD_CONFIGURATION_DEBUG=1' '-DDEBUG=1' '-DCOCOAPODS=1' '-DOBJC_OLD_DISPATCH_PROTOTYPES=0' -g -iquote /Users/tungstonlabs/Library/Developer/Xcode/DerivedData/HealthApp-fjgvhltvryzvlufiayyipuiynnzt/Build/Intermediates.noindex/Pods.build/Debug-iphoneos/RNCAsyncStorage.build/RNCAsyncStorage-generated-files.hmap -I/Users/tungstonlabs/Library/Developer/Xcode/DerivedData/HealthApp-fjgvhltvryzvlufiayyipuiynnzt/Build/Intermediates.noindex/Pods.build/Debug-iphoneos/RNCAsyncStorage.build/RNCAsyncStorage-own-target-headers.hmap -I/Users/tungstonlabs/Library/Developer/Xcode/DerivedData/HealthApp-fjgvhltvryzvlufiayyipuiynnzt/Build/Intermediates.noindex/Pods.build/Debug-iphoneos/RNCAsyncStorage.build/RNCAsyncStorage-all-non-framework-target-headers.hmap -ivfsoverlay /Users/tungstonlabs/Library/Developer/Xcode/DerivedData/HealthApp-fjgvhltvryzvlufiayyipuiynnzt/Build/Intermediates.noindex/Pods.build/Debug-iphoneos/Pods-8699adb1dd336b26511df848a716bd42-VFS-iphoneos/all-product-headers.yaml -iquote /Users/tungstonlabs/Library/Developer/Xcode/DerivedData/HealthApp-fjgvhltvryzvlufiayyipuiynnzt/Build/Intermediates.noindex/Pods.build/Debug-iphoneos/RNCAsyncStorage.build/RNCAsyncStorage-project-headers.hmap -I/Users/tungstonlabs/Library/Developer/Xcode/DerivedData/HealthApp-fjgvhltvryzvlufiayyipuiynnzt/Build/Products/Debug-iphoneos/RNCAsyncStorage/include -I/Users/tungstonlabs/Desktop/HealthApp-Mobile/ios/Pods/Headers/Private -I/Users/tungstonlabs/Desktop/HealthApp-Mobile/ios/Pods/Headers/Private/RNCAsyncStorage -I/Users/tungstonlabs/Desktop/HealthApp-Mobile/ios/Pods/Headers/Public -I/Users/tungstonlabs/Desktop/HealthApp-Mobile/ios/Pods/Headers/Public/DoubleConversion -I/Users/tungstonlabs/Desktop/HealthApp-Mobile/ios/Pods/Headers/Public/FBLazyVector -I/Users/tungstonlabs/Desktop/HealthApp-Mobile/ios/Pods/Headers/Public/RCT-Folly -I/Users/tungstonlabs/Desktop/HealthApp-Mobile/ios/Pods/Headers/Public/RCTDeprecation -I/Users/tungstonlabs/Desktop/HealthApp-Mobile/ios/Pods/Headers/Public/RCTRequired -I/Users/tungstonlabs/Desktop/HealthApp-Mobile/ios/Pods/Headers/Public/RCTTypeSafety -I/Users/tungstonlabs/Desktop/HealthApp-Mobile/ios/Pods/Headers/Public/RNCAsyncStorage -I/Users/tungstonlabs/Desktop/HealthApp-Mobile/ios/Pods/Headers/Public/React-Core -I/Users/tungstonlabs/Desktop/HealthApp-Mobile/ios/Pods/Headers/Public/React-Fabric -I/Users/tungstonlabs/Desktop/HealthApp-Mobile/ios/Pods/Headers/Public/React-FabricComponents -I/Users/tungstonlabs/Desktop/HealthApp-Mobile/ios/Pods/Headers/Public/React-FabricImage -I/Users/tungstonlabs/Desktop/HealthApp-Mobile/ios/Pods/Headers/Public/React-ImageManager -I/Users/tungstonlabs/Desktop/HealthApp-Mobile/ios/Pods/Headers/Public/React-Mapbuffer -I/Users/tungstonlabs/Desktop/HealthApp-Mobile/ios/Pods/Headers/Public/React-NativeModulesApple -I/Users/tungstonlabs/Desktop/HealthApp-Mobile/ios/Pods/Headers/Public/React-RCTAnimation -I/Users/tungstonlabs/Desktop/HealthApp-Mobile/ios/Pods/Headers/Public/React-RCTAppDelegate -I/Users/tungstonlabs/Desktop/HealthApp-Mobile/ios/Pods/Headers/Public/React-RCTBlob -I/Users/tungstonlabs/Desktop/HealthApp-Mobile/ios/Pods/Headers/Public/React-RCTFBReactNativeSpec -I/Users/tungstonlabs/Desktop/HealthApp-Mobile/ios/Pods/Headers/Public/React-RCTFabric -I/Users/tungstonlabs/Desktop/HealthApp-Mobile/ios/Pods/Headers/Public/React-RCTRuntime -I/Users/tungstonlabs/Desktop/HealthApp-Mobile/ios/Pods/Headers/Public/React-RCTText -I/Users/tungstonlabs/Desktop/HealthApp-Mobile/ios/Pods/Headers/Public/React-RuntimeApple -I/Users/tungstonlabs/Desktop/HealthApp-Mobile/ios/Pods/Headers/Public/React-RuntimeCore -I/Users/tungstonlabs/Desktop/HealthApp-Mobile/ios/Pods/Headers/Public/React-RuntimeHermes -I/Users/tungstonlabs/Desktop/HealthApp-Mobile/ios/Pods/Headers/Public/React-callinvoker -I/Users/tungstonlabs/Desktop/HealthApp-Mobile/ios/Pods/Headers/Public/React-cxxreact -I/Users/tungstonlabs/Desktop/HealthApp-Mobile/ios/Pods/Headers/Public/React-debug -I/Users/tungstonlabs/Desktop/HealthApp-Mobile/ios/Pods/Headers/Public/React-defaultsnativemodule -I/Users/tungstonlabs/Desktop/HealthApp-Mobile/ios/Pods/Headers/Public/React-domnativemodule -I/Users/tungstonlabs/Desktop/HealthApp-Mobile/ios/Pods/Headers/Public/React-featureflags -I/Users/tungstonlabs/Desktop/HealthApp-Mobile/ios/Pods/Headers/Public/React-featureflagsnativemodule -I/Users/tungstonlabs/Desktop/HealthApp-Mobile/ios/Pods/Headers/Public/React-graphics -I/Users/tungstonlabs/Desktop/HealthApp-Mobile/ios/Pods/Headers/Public/React-hermes -I/Users/tungstonlabs/Desktop/HealthApp-Mobile/ios/Pods/Headers/Public/React-idlecallbacksnativemodule -I/Users/tungstonlabs/Desktop/HealthApp-Mobile/ios/Pods/Headers/Public/React-jserrorhandler -I/Users/tungstonlabs/Desktop/HealthApp-Mobile/ios/Pods/Headers/Public/React-jsi -I/Users/tungstonlabs/Desktop/HealthApp-Mobile/ios/Pods/Headers/Public/React-jsiexecutor -I/Users/tungstonlabs/Desktop/HealthApp-Mobile/ios/Pods/Headers/Public/React-jsinspector -I/Users/tungstonlabs/Desktop/HealthApp-Mobile/ios/Pods/Headers/Public/React-jsinspectorcdp -I/Users/tungstonlabs/Desktop/HealthApp-Mobile/ios/Pods/Headers/Public/React-jsinspectornetwork -I/Users/tungstonlabs/Desktop/HealthApp-Mobile/ios/Pods/Headers/Public/React-jsinspectortracing -I/Users/tungstonlabs/Desktop/HealthApp-Mobile/ios/Pods/Headers/Public/React-jsitooling -I/Users/tungstonlabs/Desktop/HealthApp-Mobile/ios/Pods/Headers/Public/React-logger -I/Users/tungstonlabs/Desktop/HealthApp-Mobile/ios/Pods/Headers/Public/React-microtasksnativemodule -I/Users/tungstonlabs/Desktop/HealthApp-Mobile/ios/Pods/Headers/Public/React-oscompat -I/Users/tungstonlabs/Desktop/HealthApp-Mobile/ios/Pods/Headers/Public/React-perflogger -I/Users/tungstonlabs/Desktop/HealthApp-Mobile/ios/Pods/Headers/Public/React-performancecdpmetrics -I/Users/tungstonlabs/Desktop/HealthApp-Mobile/ios/Pods/Headers/Public/React-performancetimeline -I/Users/tungstonlabs/Desktop/HealthApp-Mobile/ios/Pods/Headers/Public/React-rendererconsistency -I/Users/tungstonlabs/Desktop/HealthApp-Mobile/ios/Pods/Headers/Public/React-renderercss -I/Users/tungstonlabs/Desktop/HealthApp-Mobile/ios/Pods/Headers/Public/React-rendererdebug -I/Users/tungstonlabs/Desktop/HealthApp-Mobile/ios/Pods/Headers/Public/React-runtimeexecutor -I/Users/tungstonlabs/Desktop/HealthApp-Mobile/ios/Pods/Headers/Public/React-runtimescheduler -I/Users/tungstonlabs/Desktop/HealthApp-Mobile/ios/Pods/Headers/Public/React-timing -I/Users/tungstonlabs/Desktop/HealthApp-Mobile/ios/Pods/Headers/Public/React-utils -I/Users/tungstonlabs/Desktop/HealthApp-Mobile/ios/Pods/Headers/Public/React-webperformancenativemodule -I/Users/tungstonlabs/Desktop/HealthApp-Mobile/ios/Pods/Headers/Public/ReactCodegen -I/Users/tungstonlabs/Desktop/HealthApp-Mobile/ios/Pods/Headers/Public/ReactCommon -I/Users/tungstonlabs/Desktop/HealthApp-Mobile/ios/Pods/Headers/Public/SocketRocket -I/Users/tungstonlabs/Desktop/HealthApp-Mobile/ios/Pods/Headers/Public/Yoga -I/Users/tungstonlabs/Desktop/HealthApp-Mobile/ios/Pods/Headers/Public/boost -I/Users/tungstonlabs/Desktop/HealthApp-Mobile/ios/Pods/Headers/Public/fast_float -I/Users/tungstonlabs/Desktop/HealthApp-Mobile/ios/Pods/Headers/Public/fmt -I/Users/tungstonlabs/Desktop/HealthApp-Mobile/ios/Pods/Headers/Public/glog -I/Users/tungstonlabs/Desktop/HealthApp-Mobile/ios/Pods/Headers/Public/hermes-engine -I/Users/tungstonlabs/Desktop/HealthApp-Mobile/ios/Pods/boost -I/Users/tungstonlabs/Desktop/HealthApp-Mobile/ios/Pods/boost-for-react-native -I/Users/tungstonlabs/Desktop/HealthApp-Mobile/ios/Pods/RCT-Folly -I/Users/tungstonlabs/Desktop/HealthApp-Mobile/ios/Pods/Headers/Private/Yoga -I/Users/tungstonlabs/Desktop/HealthApp-Mobile/ios/Pods/glog -I/Users/tungstonlabs/Desktop/HealthApp-Mobile/ios/Pods/boost -I/Users/tungstonlabs/Desktop/HealthApp-Mobile/ios/Pods/DoubleConversion -I/Users/tungstonlabs/Desktop/HealthApp-Mobile/ios/Pods/fast_float/include -I/Users/tungstonlabs/Desktop/HealthApp-Mobile/ios/Pods/fmt/include -I/Users/tungstonlabs/Desktop/HealthApp-Mobile/ios/Pods/SocketRocket -I/Users/tungstonlabs/Desktop/HealthApp-Mobile/ios/Pods/RCT-Folly -I/Users/tungstonlabs/Library/Developer/Xcode/DerivedData/HealthApp-fjgvhltvryzvlufiayyipuiynnzt/Build/Intermediates.noindex/Pods.build/Debug-iphoneos/RNCAsyncStorage.build/DerivedSources-normal/arm64 -I/Users/tungstonlabs/Library/Developer/Xcode/DerivedData/HealthApp-fjgvhltvryzvlufiayyipuiynnzt/Build/Intermediates.noindex/Pods.build/Debug-iphoneos/RNCAsyncStorage.build/DerivedSources/arm64 -I/Users/tungstonlabs/Library/Developer/Xcode/DerivedData/HealthApp-fjgvhltvryzvlufiayyipuiynnzt/Build/Intermediates.noindex/Pods.build/Debug-iphoneos/RNCAsyncStorage.build/DerivedSources -F/Users/tungstonlabs/Library/Developer/Xcode/DerivedData/HealthApp-fjgvhltvryzvlufiayyipuiynnzt/Build/Products/Debug-iphoneos/RNCAsyncStorage -F/Users/tungstonlabs/Desktop/HealthApp-Mobile/ios/Pods/hermes-engine/destroot/Library/Frameworks/universal -F/Users/tungstonlabs/Library/Developer/Xcode/DerivedData/HealthApp-fjgvhltvryzvlufiayyipuiynnzt/Build/Products/Debug-iphoneos/XCFrameworkIntermediates/hermes-engine/Pre-built '-fmodule-map-file=/Users/tungstonlabs/Desktop/HealthApp-Mobile/ios/Pods/Headers/Public/DoubleConversion/DoubleConversion.modulemap' '-fmodule-map-file=/Users/tungstonlabs/Desktop/HealthApp-Mobile/ios/Pods/Headers/Public/RCTDeprecation/RCTDeprecation.modulemap' '-fmodule-map-file=/Users/tungstonlabs/Desktop/HealthApp-Mobile/ios/Pods/Headers/Public/RCTFabric/React-RCTFabric.modulemap' '-fmodule-map-file=/Users/tungstonlabs/Desktop/HealthApp-Mobile/ios/Pods/Headers/Public/RCTImage/React-RCTImage.modulemap' '-fmodule-map-file=/Users/tungstonlabs/Desktop/HealthApp-Mobile/ios/Pods/Headers/Public/RCTRuntime/React-RCTRuntime.modulemap' '-fmodule-map-file=/Users/tungstonlabs/Desktop/HealthApp-Mobile/ios/Pods/Headers/Public/RCTTypeSafety/RCTTypeSafety.modulemap' '-fmodule-map-file=/Users/tungstonlabs/Desktop/HealthApp-Mobile/ios/Pods/Headers/Public/React/React-Core.modulemap' '-fmodule-map-file=/Users/tungstonlabs/Desktop/HealthApp-Mobile/ios/Pods/Headers/Public/ReactCodegen/ReactCodegen.modulemap' '-fmodule-map-file=/Users/tungstonlabs/Desktop/HealthApp-Mobile/ios/Pods/Headers/Public/ReactCommon/ReactCommon.modulemap' '-fmodule-map-file=/Users/tungstonlabs/Desktop/HealthApp-Mobile/ios/Pods/Headers/Public/React_Fabric/React-Fabric.modulemap' '-fmodule-map-file=/Users/tungstonlabs/Desktop/HealthApp-Mobile/ios/Pods/Headers/Public/React_FabricComponents/React-FabricComponents.modulemap' '-fmodule-map-file=/Users/tungstonlabs/Desktop/HealthApp-Mobile/ios/Pods/Headers/Public/React_NativeModulesApple/React-NativeModulesApple.modulemap' '-fmodule-map-file=/Users/tungstonlabs/Desktop/HealthApp-Mobile/ios/Pods/Headers/Public/React_RCTAppDelegate/React-RCTAppDelegate.modulemap' '-fmodule-map-file=/Users/tungstonlabs/Desktop/HealthApp-Mobile/ios/Pods/Headers/Public/React_runtimeexecutor/React-runtimeexecutor.modulemap' '-fmodule-map-file=/Users/tungstonlabs/Desktop/HealthApp-Mobile/ios/Pods/Headers/Public/SocketRocket/SocketRocket.modulemap' '-fmodule-map-file=/Users/tungstonlabs/Desktop/HealthApp-Mobile/ios/Pods/Headers/Public/fmt/fmt.modulemap' '-fmodule-map-file=/Users/tungstonlabs/Desktop/HealthApp-Mobile/ios/Pods/Headers/Public/folly/RCT-Folly.modulemap' '-fmodule-map-file=/Users/tungstonlabs/Desktop/HealthApp-Mobile/ios/Pods/Headers/Public/glog/glog.modulemap' '-fmodule-map-file=/Users/tungstonlabs/Desktop/HealthApp-Mobile/ios/Pods/Headers/Public/jsi/React-jsi.modulemap' '-fmodule-map-file=/Users/tungstonlabs/Desktop/HealthApp-Mobile/ios/Pods/Headers/Public/jsinspector_modern/React-jsinspector.modulemap' '-fmodule-map-file=/Users/tungstonlabs/Desktop/HealthApp-Mobile/ios/Pods/Headers/Public/jsinspector_modern_cdp/React-jsinspectorcdp.modulemap' '-fmodule-map-file=/Users/tungstonlabs/Desktop/HealthApp-Mobile/ios/Pods/Headers/Public/jsinspector_modern_network/React-jsinspectornetwork.modulemap' '-fmodule-map-file=/Users/tungstonlabs/Desktop/HealthApp-Mobile/ios/Pods/Headers/Public/jsinspector_modern_tracing/React-jsinspectortracing.modulemap' '-fmodule-map-file=/Users/tungstonlabs/Desktop/HealthApp-Mobile/ios/Pods/Headers/Public/react_debug/React-debug.modulemap' '-fmodule-map-file=/Users/tungstonlabs/Desktop/HealthApp-Mobile/ios/Pods/Headers/Public/react_featureflags/React-featureflags.modulemap' '-fmodule-map-file=/Users/tungstonlabs/Desktop/HealthApp-Mobile/ios/Pods/Headers/Public/react_nativemodule_defaults/React-defaultsnativemodule.modulemap' '-fmodule-map-file=/Users/tungstonlabs/Desktop/HealthApp-Mobile/ios/Pods/Headers/Public/react_nativemodule_dom/React-domnativemodule.modulemap' '-fmodule-map-file=/Users/tungstonlabs/Desktop/HealthApp-Mobile/ios/Pods/Headers/Public/react_nativemodule_featureflags/React-featureflagsnativemodule.modulemap' '-fmodule-map-file=/Users/tungstonlabs/Desktop/HealthApp-Mobile/ios/Pods/Headers/Public/react_nativemodule_idlecallbacks/React-idlecallbacksnativemodule.modulemap' '-fmodule-map-file=/Users/tungstonlabs/Desktop/HealthApp-Mobile/ios/Pods/Headers/Public/react_nativemodule_microtasks/React-microtasksnativemodule.modulemap' '-fmodule-map-file=/Users/tungstonlabs/Desktop/HealthApp-Mobile/ios/Pods/Headers/Public/react_nativemodule_webperformance/React-webperformancenativemodule.modulemap' '-fmodule-map-file=/Users/tungstonlabs/Desktop/HealthApp-Mobile/ios/Pods/Headers/Public/react_renderer_css/React-renderercss.modulemap' '-fmodule-map-file=/Users/tungstonlabs/Desktop/HealthApp-Mobile/ios/Pods/Headers/Public/react_renderer_debug/React-rendererdebug.modulemap' '-fmodule-map-file=/Users/tungstonlabs/Desktop/HealthApp-Mobile/ios/Pods/Headers/Public/react_renderer_graphics/React-graphics.modulemap' '-fmodule-map-file=/Users/tungstonlabs/Desktop/HealthApp-Mobile/ios/Pods/Headers/Public/react_renderer_imagemanager/React-ImageManager.modulemap' '-fmodule-map-file=/Users/tungstonlabs/Desktop/HealthApp-Mobile/ios/Pods/Headers/Public/react_runtime/React-jsitooling.modulemap' '-fmodule-map-file=/Users/tungstonlabs/Desktop/HealthApp-Mobile/ios/Pods/Headers/Public/react_utils/React-utils.modulemap' '-fmodule-map-file=/Users/tungstonlabs/Desktop/HealthApp-Mobile/ios/Pods/Headers/Public/reacthermes/React-hermes.modulemap' '-fmodule-map-file=/Users/tungstonlabs/Desktop/HealthApp-Mobile/ios/Pods/Headers/Public/yoga/Yoga.modulemap'

WriteAuxiliaryFile /Users/tungstonlabs/Library/Developer/Xcode/DerivedData/HealthApp-fjgvhltvryzvlufiayyipuiynnzt/Build/Intermediates.noindex/Pods.build/Debug-iphoneos/RNCAsyncStorage.build/Objects-normal/arm64/af3fcb34312c57c0f52879cdce924b91-common-args.resp (in target 'RNCAsyncStorage' from project 'Pods')
    cd /Users/tungstonlabs/Desktop/HealthApp-Mobile/ios/Pods
    write-file /Users/tungstonlabs/Library/Developer/Xcode/DerivedData/HealthApp-fjgvhltvryzvlufiayyipuiynnzt/Build/Intermediates.noindex/Pods.build/Debug-iphoneos/RNCAsyncStorage.build/Objects-normal/arm64/af3fcb34312c57c0f52879cdce924b91-common-args.resp
'-std=c++20' '-stdlib=libc++' -fobjc-arc -fmodules -fno-cxx-modules '-fmodules-cache-path=/Users/tungstonlabs/Library/Developer/Xcode/DerivedData/ModuleCache.noindex' '-D_LIBCPP_HARDENING_MODE=_LIBCPP_HARDENING_MODE_DEBUG' -fpascal-strings -O0 -fno-common '-DPOD_CONFIGURATION_DEBUG=1' '-DDEBUG=1' '-DCOCOAPODS=1' '-DOBJC_OLD_DISPATCH_PROTOTYPES=0' -g -iquote /Users/tungstonlabs/Library/Developer/Xcode/DerivedData/HealthApp-fjgvhltvryzvlufiayyipuiynnzt/Build/Intermediates.noindex/Pods.build/Debug-iphoneos/RNCAsyncStorage.build/RNCAsyncStorage-generated-files.hmap -I/Users/tungstonlabs/Library/Developer/Xcode/DerivedData/HealthApp-fjgvhltvryzvlufiayyipuiynnzt/Build/Intermediates.noindex/Pods.build/Debug-iphoneos/RNCAsyncStorage.build/RNCAsyncStorage-own-target-headers.hmap -I/Users/tungstonlabs/Library/Developer/Xcode/DerivedData/HealthApp-fjgvhltvryzvlufiayyipuiynnzt/Build/Intermediates.noindex/Pods.build/Debug-iphoneos/RNCAsyncStorage.build/RNCAsyncStorage-all-non-framework-target-headers.hmap -ivfsoverlay /Users/tungstonlabs/Library/Developer/Xcode/DerivedData/HealthApp-fjgvhltvryzvlufiayyipuiynnzt/Build/Intermediates.noindex/Pods.build/Debug-iphoneos/Pods-8699adb1dd336b26511df848a716bd42-VFS-iphoneos/all-product-headers.yaml -iquote /Users/tungstonlabs/Library/Developer/Xcode/DerivedData/HealthApp-fjgvhltvryzvlufiayyipuiynnzt/Build/Intermediates.noindex/Pods.build/Debug-iphoneos/RNCAsyncStorage.build/RNCAsyncStorage-project-headers.hmap -I/Users/tungstonlabs/Library/Developer/Xcode/DerivedData/HealthApp-fjgvhltvryzvlufiayyipuiynnzt/Build/Products/Debug-iphoneos/RNCAsyncStorage/include -I/Users/tungstonlabs/Desktop/HealthApp-Mobile/ios/Pods/Headers/Private -I/Users/tungstonlabs/Desktop/HealthApp-Mobile/ios/Pods/Headers/Private/RNCAsyncStorage -I/Users/tungstonlabs/Desktop/HealthApp-Mobile/ios/Pods/Headers/Public -I/Users/tungstonlabs/Desktop/HealthApp-Mobile/ios/Pods/Headers/Public/DoubleConversion -I/Users/tungstonlabs/Desktop/HealthApp-Mobile/ios/Pods/Headers/Public/FBLazyVector -I/Users/tungstonlabs/Desktop/HealthApp-Mobile/ios/Pods/Headers/Public/RCT-Folly -I/Users/tungstonlabs/Desktop/HealthApp-Mobile/ios/Pods/Headers/Public/RCTDeprecation -I/Users/tungstonlabs/Desktop/HealthApp-Mobile/ios/Pods/Headers/Public/RCTRequired -I/Users/tungstonlabs/Desktop/HealthApp-Mobile/ios/Pods/Headers/Public/RCTTypeSafety -I/Users/tungstonlabs/Desktop/HealthApp-Mobile/ios/Pods/Headers/Public/RNCAsyncStorage -I/Users/tungstonlabs/Desktop/HealthApp-Mobile/ios/Pods/Headers/Public/React-Core -I/Users/tungstonlabs/Desktop/HealthApp-Mobile/ios/Pods/Headers/Public/React-Fabric -I/Users/tungstonlabs/Desktop/HealthApp-Mobile/ios/Pods/Headers/Public/React-FabricComponents -I/Users/tungstonlabs/Desktop/HealthApp-Mobile/ios/Pods/Headers/Public/React-FabricImage -I/Users/tungstonlabs/Desktop/HealthApp-Mobile/ios/Pods/Headers/Public/React-ImageManager -I/Users/tungstonlabs/Desktop/HealthApp-Mobile/ios/Pods/Headers/Public/React-Mapbuffer -I/Users/tungstonlabs/Desktop/HealthApp-Mobile/ios/Pods/Headers/Public/React-NativeModulesApple -I/Users/tungstonlabs/Desktop/HealthApp-Mobile/ios/Pods/Headers/Public/React-RCTAnimation -I/Users/tungstonlabs/Desktop/HealthApp-Mobile/ios/Pods/Headers/Public/React-RCTAppDelegate -I/Users/tungstonlabs/Desktop/HealthApp-Mobile/ios/Pods/Headers/Public/React-RCTBlob -I/Users/tungstonlabs/Desktop/HealthApp-Mobile/ios/Pods/Headers/Public/React-RCTFBReactNativeSpec -I/Users/tungstonlabs/Desktop/HealthApp-Mobile/ios/Pods/Headers/Public/React-RCTFabric -I/Users/tungstonlabs/Desktop/HealthApp-Mobile/ios/Pods/Headers/Public/React-RCTRuntime -I/Users/tungstonlabs/Desktop/HealthApp-Mobile/ios/Pods/Headers/Public/React-RCTText -I/Users/tungstonlabs/Desktop/HealthApp-Mobile/ios/Pods/Headers/Public/React-RuntimeApple -I/Users/tungstonlabs/Desktop/HealthApp-Mobile/ios/Pods/Headers/Public/React-RuntimeCore -I/Users/tungstonlabs/Desktop/HealthApp-Mobile/ios/Pods/Headers/Public/React-RuntimeHermes -I/Users/tungstonlabs/Desktop/HealthApp-Mobile/ios/Pods/Headers/Public/React-callinvoker -I/Users/tungstonlabs/Desktop/HealthApp-Mobile/ios/Pods/Headers/Public/React-cxxreact -I/Users/tungstonlabs/Desktop/HealthApp-Mobile/ios/Pods/Headers/Public/React-debug -I/Users/tungstonlabs/Desktop/HealthApp-Mobile/ios/Pods/Headers/Public/React-defaultsnativemodule -I/Users/tungstonlabs/Desktop/HealthApp-Mobile/ios/Pods/Headers/Public/React-domnativemodule -I/Users/tungstonlabs/Desktop/HealthApp-Mobile/ios/Pods/Headers/Public/React-featureflags -I/Users/tungstonlabs/Desktop/HealthApp-Mobile/ios/Pods/Headers/Public/React-featureflagsnativemodule -I/Users/tungstonlabs/Desktop/HealthApp-Mobile/ios/Pods/Headers/Public/React-graphics -I/Users/tungstonlabs/Desktop/HealthApp-Mobile/ios/Pods/Headers/Public/React-hermes -I/Users/tungstonlabs/Desktop/HealthApp-Mobile/ios/Pods/Headers/Public/React-idlecallbacksnativemodule -I/Users/tungstonlabs/Desktop/HealthApp-Mobile/ios/Pods/Headers/Public/React-jserrorhandler -I/Users/tungstonlabs/Desktop/HealthApp-Mobile/ios/Pods/Headers/Public/React-jsi -I/Users/tungstonlabs/Desktop/HealthApp-Mobile/ios/Pods/Headers/Public/React-jsiexecutor -I/Users/tungstonlabs/Desktop/HealthApp-Mobile/ios/Pods/Headers/Public/React-jsinspector -I/Users/tungstonlabs/Desktop/HealthApp-Mobile/ios/Pods/Headers/Public/React-jsinspectorcdp -I/Users/tungstonlabs/Desktop/HealthApp-Mobile/ios/Pods/Headers/Public/React-jsinspectornetwork -I/Users/tungstonlabs/Desktop/HealthApp-Mobile/ios/Pods/Headers/Public/React-jsinspectortracing -I/Users/tungstonlabs/Desktop/HealthApp-Mobile/ios/Pods/Headers/Public/React-jsitooling -I/Users/tungstonlabs/Desktop/HealthApp-Mobile/ios/Pods/Headers/Public/React-logger -I/Users/tungstonlabs/Desktop/HealthApp-Mobile/ios/Pods/Headers/Public/React-microtasksnativemodule -I/Users/tungstonlabs/Desktop/HealthApp-Mobile/ios/Pods/Headers/Public/React-oscompat -I/Users/tungstonlabs/Desktop/HealthApp-Mobile/ios/Pods/Headers/Public/React-perflogger -I/Users/tungstonlabs/Desktop/HealthApp-Mobile/ios/Pods/Headers/Public/React-performancecdpmetrics -I/Users/tungstonlabs/Desktop/HealthApp-Mobile/ios/Pods/Headers/Public/React-performancetimeline -I/Users/tungstonlabs/Desktop/HealthApp-Mobile/ios/Pods/Headers/Public/React-rendererconsistency -I/Users/tungstonlabs/Desktop/HealthApp-Mobile/ios/Pods/Headers/Public/React-renderercss -I/Users/tungstonlabs/Desktop/HealthApp-Mobile/ios/Pods/Headers/Public/React-rendererdebug -I/Users/tungstonlabs/Desktop/HealthApp-Mobile/ios/Pods/Headers/Public/React-runtimeexecutor -I/Users/tungstonlabs/Desktop/HealthApp-Mobile/ios/Pods/Headers/Public/React-runtimescheduler -I/Users/tungstonlabs/Desktop/HealthApp-Mobile/ios/Pods/Headers/Public/React-timing -I/Users/tungstonlabs/Desktop/HealthApp-Mobile/ios/Pods/Headers/Public/React-utils -I/Users/tungstonlabs/Desktop/HealthApp-Mobile/ios/Pods/Headers/Public/React-webperformancenativemodule -I/Users/tungstonlabs/Desktop/HealthApp-Mobile/ios/Pods/Headers/Public/ReactCodegen -I/Users/tungstonlabs/Desktop/HealthApp-Mobile/ios/Pods/Headers/Public/ReactCommon -I/Users/tungstonlabs/Desktop/HealthApp-Mobile/ios/Pods/Headers/Public/SocketRocket -I/Users/tungstonlabs/Desktop/HealthApp-Mobile/ios/Pods/Headers/Public/Yoga -I/Users/tungstonlabs/Desktop/HealthApp-Mobile/ios/Pods/Headers/Public/boost -I/Users/tungstonlabs/Desktop/HealthApp-Mobile/ios/Pods/Headers/Public/fast_float -I/Users/tungstonlabs/Desktop/HealthApp-Mobile/ios/Pods/Headers/Public/fmt -I/Users/tungstonlabs/Desktop/HealthApp-Mobile/ios/Pods/Headers/Public/glog -I/Users/tungstonlabs/Desktop/HealthApp-Mobile/ios/Pods/Headers/Public/hermes-engine -I/Users/tungstonlabs/Desktop/HealthApp-Mobile/ios/Pods/boost -I/Users/tungstonlabs/Desktop/HealthApp-Mobile/ios/Pods/boost-for-react-native -I/Users/tungstonlabs/Desktop/HealthApp-Mobile/ios/Pods/RCT-Folly -I/Users/tungstonlabs/Desktop/HealthApp-Mobile/ios/Pods/Headers/Private/Yoga -I/Users/tungstonlabs/Desktop/HealthApp-Mobile/ios/Pods/glog -I/Users/tungstonlabs/Desktop/HealthApp-Mobile/ios/Pods/boost -I/Users/tungstonlabs/Desktop/HealthApp-Mobile/ios/Pods/DoubleConversion -I/Users/tungstonlabs/Desktop/HealthApp-Mobile/ios/Pods/fast_float/include -I/Users/tungstonlabs/Desktop/HealthApp-Mobile/ios/Pods/fmt/include -I/Users/tungstonlabs/Desktop/HealthApp-Mobile/ios/Pods/SocketRocket -I/Users/tungstonlabs/Desktop/HealthApp-Mobile/ios/Pods/RCT-Folly -I/Users/tungstonlabs/Library/Developer/Xcode/DerivedData/HealthApp-fjgvhltvryzvlufiayyipuiynnzt/Build/Intermediates.noindex/Pods.build/Debug-iphoneos/RNCAsyncStorage.build/DerivedSources-normal/arm64 -I/Users/tungstonlabs/Library/Developer/Xcode/DerivedData/HealthApp-fjgvhltvryzvlufiayyipuiynnzt/Build/Intermediates.noindex/Pods.build/Debug-iphoneos/RNCAsyncStorage.build/DerivedSources/arm64 -I/Users/tungstonlabs/Library/Developer/Xcode/DerivedData/HealthApp-fjgvhltvryzvlufiayyipuiynnzt/Build/Intermediates.noindex/Pods.build/Debug-iphoneos/RNCAsyncStorage.build/DerivedSources -F/Users/tungstonlabs/Library/Developer/Xcode/DerivedData/HealthApp-fjgvhltvryzvlufiayyipuiynnzt/Build/Products/Debug-iphoneos/RNCAsyncStorage -F/Users/tungstonlabs/Desktop/HealthApp-Mobile/ios/Pods/hermes-engine/destroot/Library/Frameworks/universal -F/Users/tungstonlabs/Library/Developer/Xcode/DerivedData/HealthApp-fjgvhltvryzvlufiayyipuiynnzt/Build/Products/Debug-iphoneos/XCFrameworkIntermediates/hermes-engine/Pre-built '-fmodule-map-file=/Users/tungstonlabs/Desktop/HealthApp-Mobile/ios/Pods/Headers/Public/DoubleConversion/DoubleConversion.modulemap' '-fmodule-map-file=/Users/tungstonlabs/Desktop/HealthApp-Mobile/ios/Pods/Headers/Public/RCTDeprecation/RCTDeprecation.modulemap' '-fmodule-map-file=/Users/tungstonlabs/Desktop/HealthApp-Mobile/ios/Pods/Headers/Public/RCTFabric/React-RCTFabric.modulemap' '-fmodule-map-file=/Users/tungstonlabs/Desktop/HealthApp-Mobile/ios/Pods/Headers/Public/RCTImage/React-RCTImage.modulemap' '-fmodule-map-file=/Users/tungstonlabs/Desktop/HealthApp-Mobile/ios/Pods/Headers/Public/RCTRuntime/React-RCTRuntime.modulemap' '-fmodule-map-file=/Users/tungstonlabs/Desktop/HealthApp-Mobile/ios/Pods/Headers/Public/RCTTypeSafety/RCTTypeSafety.modulemap' '-fmodule-map-file=/Users/tungstonlabs/Desktop/HealthApp-Mobile/ios/Pods/Headers/Public/React/React-Core.modulemap' '-fmodule-map-file=/Users/tungstonlabs/Desktop/HealthApp-Mobile/ios/Pods/Headers/Public/ReactCodegen/ReactCodegen.modulemap' '-fmodule-map-file=/Users/tungstonlabs/Desktop/HealthApp-Mobile/ios/Pods/Headers/Public/ReactCommon/ReactCommon.modulemap' '-fmodule-map-file=/Users/tungstonlabs/Desktop/HealthApp-Mobile/ios/Pods/Headers/Public/React_Fabric/React-Fabric.modulemap' '-fmodule-map-file=/Users/tungstonlabs/Desktop/HealthApp-Mobile/ios/Pods/Headers/Public/React_FabricComponents/React-FabricComponents.modulemap' '-fmodule-map-file=/Users/tungstonlabs/Desktop/HealthApp-Mobile/ios/Pods/Headers/Public/React_NativeModulesApple/React-NativeModulesApple.modulemap' '-fmodule-map-file=/Users/tungstonlabs/Desktop/HealthApp-Mobile/ios/Pods/Headers/Public/React_RCTAppDelegate/React-RCTAppDelegate.modulemap' '-fmodule-map-file=/Users/tungstonlabs/Desktop/HealthApp-Mobile/ios/Pods/Headers/Public/React_runtimeexecutor/React-runtimeexecutor.modulemap' '-fmodule-map-file=/Users/tungstonlabs/Desktop/HealthApp-Mobile/ios/Pods/Headers/Public/SocketRocket/SocketRocket.modulemap' '-fmodule-map-file=/Users/tungstonlabs/Desktop/HealthApp-Mobile/ios/Pods/Headers/Public/fmt/fmt.modulemap' '-fmodule-map-file=/Users/tungstonlabs/Desktop/HealthApp-Mobile/ios/Pods/Headers/Public/folly/RCT-Folly.modulemap' '-fmodule-map-file=/Users/tungstonlabs/Desktop/HealthApp-Mobile/ios/Pods/Headers/Public/glog/glog.modulemap' '-fmodule-map-file=/Users/tungstonlabs/Desktop/HealthApp-Mobile/ios/Pods/Headers/Public/jsi/React-jsi.modulemap' '-fmodule-map-file=/Users/tungstonlabs/Desktop/HealthApp-Mobile/ios/Pods/Headers/Public/jsinspector_modern/React-jsinspector.modulemap' '-fmodule-map-file=/Users/tungstonlabs/Desktop/HealthApp-Mobile/ios/Pods/Headers/Public/jsinspector_modern_cdp/React-jsinspectorcdp.modulemap' '-fmodule-map-file=/Users/tungstonlabs/Desktop/HealthApp-Mobile/ios/Pods/Headers/Public/jsinspector_modern_network/React-jsinspectornetwork.modulemap' '-fmodule-map-file=/Users/tungstonlabs/Desktop/HealthApp-Mobile/ios/Pods/Headers/Public/jsinspector_modern_tracing/React-jsinspectortracing.modulemap' '-fmodule-map-file=/Users/tungstonlabs/Desktop/HealthApp-Mobile/ios/Pods/Headers/Public/react_debug/React-debug.modulemap' '-fmodule-map-file=/Users/tungstonlabs/Desktop/HealthApp-Mobile/ios/Pods/Headers/Public/react_featureflags/React-featureflags.modulemap' '-fmodule-map-file=/Users/tungstonlabs/Desktop/HealthApp-Mobile/ios/Pods/Headers/Public/react_nativemodule_defaults/React-defaultsnativemodule.modulemap' '-fmodule-map-file=/Users/tungstonlabs/Desktop/HealthApp-Mobile/ios/Pods/Headers/Public/react_nativemodule_dom/React-domnativemodule.modulemap' '-fmodule-map-file=/Users/tungstonlabs/Desktop/HealthApp-Mobile/ios/Pods/Headers/Public/react_nativemodule_featureflags/React-featureflagsnativemodule.modulemap' '-fmodule-map-file=/Users/tungstonlabs/Desktop/HealthApp-Mobile/ios/Pods/Headers/Public/react_nativemodule_idlecallbacks/React-idlecallbacksnativemodule.modulemap' '-fmodule-map-file=/Users/tungstonlabs/Desktop/HealthApp-Mobile/ios/Pods/Headers/Public/react_nativemodule_microtasks/React-microtasksnativemodule.modulemap' '-fmodule-map-file=/Users/tungstonlabs/Desktop/HealthApp-Mobile/ios/Pods/Headers/Public/react_nativemodule_webperformance/React-webperformancenativemodule.modulemap' '-fmodule-map-file=/Users/tungstonlabs/Desktop/HealthApp-Mobile/ios/Pods/Headers/Public/react_renderer_css/React-renderercss.modulemap' '-fmodule-map-file=/Users/tungstonlabs/Desktop/HealthApp-Mobile/ios/Pods/Headers/Public/react_renderer_debug/React-rendererdebug.modulemap' '-fmodule-map-file=/Users/tungstonlabs/Desktop/HealthApp-Mobile/ios/Pods/Headers/Public/react_renderer_graphics/React-graphics.modulemap' '-fmodule-map-file=/Users/tungstonlabs/Desktop/HealthApp-Mobile/ios/Pods/Headers/Public/react_renderer_imagemanager/React-ImageManager.modulemap' '-fmodule-map-file=/Users/tungstonlabs/Desktop/HealthApp-Mobile/ios/Pods/Headers/Public/react_runtime/React-jsitooling.modulemap' '-fmodule-map-file=/Users/tungstonlabs/Desktop/HealthApp-Mobile/ios/Pods/Headers/Public/react_utils/React-utils.modulemap' '-fmodule-map-file=/Users/tungstonlabs/Desktop/HealthApp-Mobile/ios/Pods/Headers/Public/reacthermes/React-hermes.modulemap' '-fmodule-map-file=/Users/tungstonlabs/Desktop/HealthApp-Mobile/ios/Pods/Headers/Public/yoga/Yoga.modulemap' '-DRCT_NEW_ARCH_ENABLED=1'

WriteAuxiliaryFile /Users/tungstonlabs/Library/Developer/Xcode/DerivedData/HealthApp-fjgvhltvryzvlufiayyipuiynnzt/Build/Intermediates.noindex/Pods.build/Debug-iphoneos/RNCAsyncStorage.build/Objects-normal/arm64/RNCAsyncStorage.LinkFileList (in target 'RNCAsyncStorage' from project 'Pods')
    cd /Users/tungstonlabs/Desktop/HealthApp-Mobile/ios/Pods
    write-file /Users/tungstonlabs/Library/Developer/Xcode/DerivedData/HealthApp-fjgvhltvryzvlufiayyipuiynnzt/Build/Intermediates.noindex/Pods.build/Debug-iphoneos/RNCAsyncStorage.build/Objects-normal/arm64/RNCAsyncStorage.LinkFileList

WriteAuxiliaryFile /Users/tungstonlabs/Library/Developer/Xcode/DerivedData/HealthApp-fjgvhltvryzvlufiayyipuiynnzt/Build/Intermediates.noindex/Pods.build/Debug-iphoneos/RCTTypeSafety.build/RCTTypeSafety.hmap (in target 'RCTTypeSafety' from project 'Pods')
    cd /Users/tungstonlabs/Desktop/HealthApp-Mobile/ios/Pods
    write-file /Users/tungstonlabs/Library/Developer/Xcode/DerivedData/HealthApp-fjgvhltvryzvlufiayyipuiynnzt/Build/Intermediates.noindex/Pods.build/Debug-iphoneos/RCTTypeSafety.build/RCTTypeSafety.hmap

WriteAuxiliaryFile /Users/tungstonlabs/Library/Developer/Xcode/DerivedData/HealthApp-fjgvhltvryzvlufiayyipuiynnzt/Build/Intermediates.noindex/Pods.build/Debug-iphoneos/RCTTypeSafety.build/RCTTypeSafety.DependencyStaticMetadataFileList (in target 'RCTTypeSafety' from project 'Pods')
    cd /Users/tungstonlabs/Desktop/HealthApp-Mobile/ios/Pods
    write-file /Users/tungstonlabs/Library/Developer/Xcode/DerivedData/HealthApp-fjgvhltvryzvlufiayyipuiynnzt/Build/Intermediates.noindex/Pods.build/Debug-iphoneos/RCTTypeSafety.build/RCTTypeSafety.DependencyStaticMetadataFileList

WriteAuxiliaryFile /Users/tungstonlabs/Library/Developer/Xcode/DerivedData/HealthApp-fjgvhltvryzvlufiayyipuiynnzt/Build/Intermediates.noindex/Pods.build/Debug-iphoneos/RCTTypeSafety.build/RCTTypeSafety.DependencyMetadataFileList (in target 'RCTTypeSafety' from project 'Pods')
    cd /Users/tungstonlabs/Desktop/HealthApp-Mobile/ios/Pods
    write-file /Users/tungstonlabs/Library/Developer/Xcode/DerivedData/HealthApp-fjgvhltvryzvlufiayyipuiynnzt/Build/Intermediates.noindex/Pods.build/Debug-iphoneos/RCTTypeSafety.build/RCTTypeSafety.DependencyMetadataFileList

WriteAuxiliaryFile /Users/tungstonlabs/Library/Developer/Xcode/DerivedData/HealthApp-fjgvhltvryzvlufiayyipuiynnzt/Build/Intermediates.noindex/Pods.build/Debug-iphoneos/RCTTypeSafety.build/RCTTypeSafety-project-headers.hmap (in target 'RCTTypeSafety' from project 'Pods')
    cd /Users/tungstonlabs/Desktop/HealthApp-Mobile/ios/Pods
    write-file /Users/tungstonlabs/Library/Developer/Xcode/DerivedData/HealthApp-fjgvhltvryzvlufiayyipuiynnzt/Build/Intermediates.noindex/Pods.build/Debug-iphoneos/RCTTypeSafety.build/RCTTypeSafety-project-headers.hmap

WriteAuxiliaryFile /Users/tungstonlabs/Library/Developer/Xcode/DerivedData/HealthApp-fjgvhltvryzvlufiayyipuiynnzt/Build/Intermediates.noindex/Pods.build/Debug-iphoneos/RCTTypeSafety.build/RCTTypeSafety-own-target-headers.hmap (in target 'RCTTypeSafety' from project 'Pods')
    cd /Users/tungstonlabs/Desktop/HealthApp-Mobile/ios/Pods
    write-file /Users/tungstonlabs/Library/Developer/Xcode/DerivedData/HealthApp-fjgvhltvryzvlufiayyipuiynnzt/Build/Intermediates.noindex/Pods.build/Debug-iphoneos/RCTTypeSafety.build/RCTTypeSafety-own-target-headers.hmap

WriteAuxiliaryFile /Users/tungstonlabs/Library/Developer/Xcode/DerivedData/HealthApp-fjgvhltvryzvlufiayyipuiynnzt/Build/Intermediates.noindex/Pods.build/Debug-iphoneos/RCTTypeSafety.build/RCTTypeSafety-generated-files.hmap (in target 'RCTTypeSafety' from project 'Pods')
    cd /Users/tungstonlabs/Desktop/HealthApp-Mobile/ios/Pods
    write-file /Users/tungstonlabs/Library/Developer/Xcode/DerivedData/HealthApp-fjgvhltvryzvlufiayyipuiynnzt/Build/Intermediates.noindex/Pods.build/Debug-iphoneos/RCTTypeSafety.build/RCTTypeSafety-generated-files.hmap

WriteAuxiliaryFile /Users/tungstonlabs/Library/Developer/Xcode/DerivedData/HealthApp-fjgvhltvryzvlufiayyipuiynnzt/Build/Intermediates.noindex/Pods.build/Debug-iphoneos/RCTTypeSafety.build/RCTTypeSafety-all-non-framework-target-headers.hmap (in target 'RCTTypeSafety' from project 'Pods')
    cd /Users/tungstonlabs/Desktop/HealthApp-Mobile/ios/Pods
    write-file /Users/tungstonlabs/Library/Developer/Xcode/DerivedData/HealthApp-fjgvhltvryzvlufiayyipuiynnzt/Build/Intermediates.noindex/Pods.build/Debug-iphoneos/RCTTypeSafety.build/RCTTypeSafety-all-non-framework-target-headers.hmap

WriteAuxiliaryFile /Users/tungstonlabs/Library/Developer/Xcode/DerivedData/HealthApp-fjgvhltvryzvlufiayyipuiynnzt/Build/Intermediates.noindex/Pods.build/Debug-iphoneos/RCTTypeSafety.build/RCTTypeSafety-all-target-headers.hmap (in target 'RCTTypeSafety' from project 'Pods')
    cd /Users/tungstonlabs/Desktop/HealthApp-Mobile/ios/Pods
    write-file /Users/tungstonlabs/Library/Developer/Xcode/DerivedData/HealthApp-fjgvhltvryzvlufiayyipuiynnzt/Build/Intermediates.noindex/Pods.build/Debug-iphoneos/RCTTypeSafety.build/RCTTypeSafety-all-target-headers.hmap

WriteAuxiliaryFile /Users/tungstonlabs/Library/Developer/Xcode/DerivedData/HealthApp-fjgvhltvryzvlufiayyipuiynnzt/Build/Intermediates.noindex/Pods.build/Debug-iphoneos/RCTTypeSafety.build/Objects-normal/arm64/e6072d4f65d7061329687fe24e3d63a7-common-args.resp (in target 'RCTTypeSafety' from project 'Pods')
    cd /Users/tungstonlabs/Desktop/HealthApp-Mobile/ios/Pods
    write-file /Users/tungstonlabs/Library/Developer/Xcode/DerivedData/HealthApp-fjgvhltvryzvlufiayyipuiynnzt/Build/Intermediates.noindex/Pods.build/Debug-iphoneos/RCTTypeSafety.build/Objects-normal/arm64/e6072d4f65d7061329687fe24e3d63a7-common-args.resp
'-std=gnu11' -fobjc-arc -fmodules '-fmodules-cache-path=/Users/tungstonlabs/Library/Developer/Xcode/DerivedData/ModuleCache.noindex' -fpascal-strings -O0 -fno-common '-DPOD_CONFIGURATION_DEBUG=1' '-DDEBUG=1' '-DCOCOAPODS=1' '-DOBJC_OLD_DISPATCH_PROTOTYPES=0' -g -iquote /Users/tungstonlabs/Library/Developer/Xcode/DerivedData/HealthApp-fjgvhltvryzvlufiayyipuiynnzt/Build/Intermediates.noindex/Pods.build/Debug-iphoneos/RCTTypeSafety.build/RCTTypeSafety-generated-files.hmap -I/Users/tungstonlabs/Library/Developer/Xcode/DerivedData/HealthApp-fjgvhltvryzvlufiayyipuiynnzt/Build/Intermediates.noindex/Pods.build/Debug-iphoneos/RCTTypeSafety.build/RCTTypeSafety-own-target-headers.hmap -I/Users/tungstonlabs/Library/Developer/Xcode/DerivedData/HealthApp-fjgvhltvryzvlufiayyipuiynnzt/Build/Intermediates.noindex/Pods.build/Debug-iphoneos/RCTTypeSafety.build/RCTTypeSafety-all-non-framework-target-headers.hmap -ivfsoverlay /Users/tungstonlabs/Library/Developer/Xcode/DerivedData/HealthApp-fjgvhltvryzvlufiayyipuiynnzt/Build/Intermediates.noindex/Pods.build/Debug-iphoneos/Pods-8699adb1dd336b26511df848a716bd42-VFS-iphoneos/all-product-headers.yaml -iquote /Users/tungstonlabs/Library/Developer/Xcode/DerivedData/HealthApp-fjgvhltvryzvlufiayyipuiynnzt/Build/Intermediates.noindex/Pods.build/Debug-iphoneos/RCTTypeSafety.build/RCTTypeSafety-project-headers.hmap -I/Users/tungstonlabs/Library/Developer/Xcode/DerivedData/HealthApp-fjgvhltvryzvlufiayyipuiynnzt/Build/Products/Debug-iphoneos/RCTTypeSafety/include -I/Users/tungstonlabs/Desktop/HealthApp-Mobile/ios/Pods/Headers/Private -I/Users/tungstonlabs/Desktop/HealthApp-Mobile/ios/Pods/Headers/Private/RCTTypeSafety -I/Users/tungstonlabs/Desktop/HealthApp-Mobile/ios/Pods/Headers/Public -I/Users/tungstonlabs/Desktop/HealthApp-Mobile/ios/Pods/Headers/Public/DoubleConversion -I/Users/tungstonlabs/Desktop/HealthApp-Mobile/ios/Pods/Headers/Public/FBLazyVector -I/Users/tungstonlabs/Desktop/HealthApp-Mobile/ios/Pods/Headers/Public/RCT-Folly -I/Users/tungstonlabs/Desktop/HealthApp-Mobile/ios/Pods/Headers/Public/RCTRequired -I/Users/tungstonlabs/Desktop/HealthApp-Mobile/ios/Pods/Headers/Public/RCTTypeSafety -I/Users/tungstonlabs/Desktop/HealthApp-Mobile/ios/Pods/Headers/Public/React-Core -I/Users/tungstonlabs/Desktop/HealthApp-Mobile/ios/Pods/Headers/Public/React-callinvoker -I/Users/tungstonlabs/Desktop/HealthApp-Mobile/ios/Pods/Headers/Public/React-cxxreact -I/Users/tungstonlabs/Desktop/HealthApp-Mobile/ios/Pods/Headers/Public/React-debug -I/Users/tungstonlabs/Desktop/HealthApp-Mobile/ios/Pods/Headers/Public/React-featureflags -I/Users/tungstonlabs/Desktop/HealthApp-Mobile/ios/Pods/Headers/Public/React-hermes -I/Users/tungstonlabs/Desktop/HealthApp-Mobile/ios/Pods/Headers/Public/React-jsi -I/Users/tungstonlabs/Desktop/HealthApp-Mobile/ios/Pods/Headers/Public/React-jsiexecutor -I/Users/tungstonlabs/Desktop/HealthApp-Mobile/ios/Pods/Headers/Public/React-jsinspector -I/Users/tungstonlabs/Desktop/HealthApp-Mobile/ios/Pods/Headers/Public/React-jsinspectorcdp -I/Users/tungstonlabs/Desktop/HealthApp-Mobile/ios/Pods/Headers/Public/React-jsinspectornetwork -I/Users/tungstonlabs/Desktop/HealthApp-Mobile/ios/Pods/Headers/Public/React-jsinspectortracing -I/Users/tungstonlabs/Desktop/HealthApp-Mobile/ios/Pods/Headers/Public/React-jsitooling -I/Users/tungstonlabs/Desktop/HealthApp-Mobile/ios/Pods/Headers/Public/React-logger -I/Users/tungstonlabs/Desktop/HealthApp-Mobile/ios/Pods/Headers/Public/React-oscompat -I/Users/tungstonlabs/Desktop/HealthApp-Mobile/ios/Pods/Headers/Public/React-perflogger -I/Users/tungstonlabs/Desktop/HealthApp-Mobile/ios/Pods/Headers/Public/React-performancetimeline -I/Users/tungstonlabs/Desktop/HealthApp-Mobile/ios/Pods/Headers/Public/React-rendererconsistency -I/Users/tungstonlabs/Desktop/HealthApp-Mobile/ios/Pods/Headers/Public/React-rendererdebug -I/Users/tungstonlabs/Desktop/HealthApp-Mobile/ios/Pods/Headers/Public/React-runtimeexecutor -I/Users/tungstonlabs/Desktop/HealthApp-Mobile/ios/Pods/Headers/Public/React-runtimescheduler -I/Users/tungstonlabs/Desktop/HealthApp-Mobile/ios/Pods/Headers/Public/React-timing -I/Users/tungstonlabs/Desktop/HealthApp-Mobile/ios/Pods/Headers/Public/React-utils -I/Users/tungstonlabs/Desktop/HealthApp-Mobile/ios/Pods/Headers/Public/Yoga -I/Users/tungstonlabs/Desktop/HealthApp-Mobile/ios/Pods/Headers/Public/boost -I/Users/tungstonlabs/Desktop/HealthApp-Mobile/ios/Pods/Headers/Public/fast_float -I/Users/tungstonlabs/Desktop/HealthApp-Mobile/ios/Pods/Headers/Public/fmt -I/Users/tungstonlabs/Desktop/HealthApp-Mobile/ios/Pods/Headers/Public/glog -I/Users/tungstonlabs/Desktop/HealthApp-Mobile/ios/Pods/Headers/Public/hermes-engine -I/Users/tungstonlabs/Desktop/HealthApp-Mobile/node_modules/react-native/Libraries/TypeSafety/Libraries/TypeSafety -I/Users/tungstonlabs/Library/Developer/Xcode/DerivedData/HealthApp-fjgvhltvryzvlufiayyipuiynnzt/Build/Intermediates.noindex/Pods.build/Debug-iphoneos/RCTTypeSafety.build/DerivedSources-normal/arm64 -I/Users/tungstonlabs/Library/Developer/Xcode/DerivedData/HealthApp-fjgvhltvryzvlufiayyipuiynnzt/Build/Intermediates.noindex/Pods.build/Debug-iphoneos/RCTTypeSafety.build/DerivedSources/arm64 -I/Users/tungstonlabs/Library/Developer/Xcode/DerivedData/HealthApp-fjgvhltvryzvlufiayyipuiynnzt/Build/Intermediates.noindex/Pods.build/Debug-iphoneos/RCTTypeSafety.build/DerivedSources -F/Users/tungstonlabs/Library/Developer/Xcode/DerivedData/HealthApp-fjgvhltvryzvlufiayyipuiynnzt/Build/Products/Debug-iphoneos/RCTTypeSafety -F/Users/tungstonlabs/Desktop/HealthApp-Mobile/ios/Pods/hermes-engine/destroot/Library/Frameworks/universal -F/Users/tungstonlabs/Library/Developer/Xcode/DerivedData/HealthApp-fjgvhltvryzvlufiayyipuiynnzt/Build/Products/Debug-iphoneos/XCFrameworkIntermediates/hermes-engine/Pre-built '-fmodule-map-file=/Users/tungstonlabs/Desktop/HealthApp-Mobile/ios/Pods/Headers/Public/DoubleConversion/DoubleConversion.modulemap' '-fmodule-map-file=/Users/tungstonlabs/Desktop/HealthApp-Mobile/ios/Pods/Headers/Public/RCTDeprecation/RCTDeprecation.modulemap' '-fmodule-map-file=/Users/tungstonlabs/Desktop/HealthApp-Mobile/ios/Pods/Headers/Public/React/React-Core.modulemap' '-fmodule-map-file=/Users/tungstonlabs/Desktop/HealthApp-Mobile/ios/Pods/Headers/Public/React_runtimeexecutor/React-runtimeexecutor.modulemap' '-fmodule-map-file=/Users/tungstonlabs/Desktop/HealthApp-Mobile/ios/Pods/Headers/Public/SocketRocket/SocketRocket.modulemap' '-fmodule-map-file=/Users/tungstonlabs/Desktop/HealthApp-Mobile/ios/Pods/Headers/Public/fmt/fmt.modulemap' '-fmodule-map-file=/Users/tungstonlabs/Desktop/HealthApp-Mobile/ios/Pods/Headers/Public/folly/RCT-Folly.modulemap' '-fmodule-map-file=/Users/tungstonlabs/Desktop/HealthApp-Mobile/ios/Pods/Headers/Public/glog/glog.modulemap' '-fmodule-map-file=/Users/tungstonlabs/Desktop/HealthApp-Mobile/ios/Pods/Headers/Public/jsi/React-jsi.modulemap' '-fmodule-map-file=/Users/tungstonlabs/Desktop/HealthApp-Mobile/ios/Pods/Headers/Public/jsinspector_modern/React-jsinspector.modulemap' '-fmodule-map-file=/Users/tungstonlabs/Desktop/HealthApp-Mobile/ios/Pods/Headers/Public/jsinspector_modern_cdp/React-jsinspectorcdp.modulemap' '-fmodule-map-file=/Users/tungstonlabs/Desktop/HealthApp-Mobile/ios/Pods/Headers/Public/jsinspector_modern_network/React-jsinspectornetwork.modulemap' '-fmodule-map-file=/Users/tungstonlabs/Desktop/HealthApp-Mobile/ios/Pods/Headers/Public/jsinspector_modern_tracing/React-jsinspectortracing.modulemap' '-fmodule-map-file=/Users/tungstonlabs/Desktop/HealthApp-Mobile/ios/Pods/Headers/Public/react_debug/React-debug.modulemap' '-fmodule-map-file=/Users/tungstonlabs/Desktop/HealthApp-Mobile/ios/Pods/Headers/Public/react_featureflags/React-featureflags.modulemap' '-fmodule-map-file=/Users/tungstonlabs/Desktop/HealthApp-Mobile/ios/Pods/Headers/Public/react_renderer_debug/React-rendererdebug.modulemap' '-fmodule-map-file=/Users/tungstonlabs/Desktop/HealthApp-Mobile/ios/Pods/Headers/Public/react_runtime/React-jsitooling.modulemap' '-fmodule-map-file=/Users/tungstonlabs/Desktop/HealthApp-Mobile/ios/Pods/Headers/Public/react_utils/React-utils.modulemap' '-fmodule-map-file=/Users/tungstonlabs/Desktop/HealthApp-Mobile/ios/Pods/Headers/Public/reacthermes/React-hermes.modulemap' '-fmodule-map-file=/Users/tungstonlabs/Desktop/HealthApp-Mobile/ios/Pods/Headers/Public/yoga/Yoga.modulemap'

WriteAuxiliaryFile /Users/tungstonlabs/Library/Developer/Xcode/DerivedData/HealthApp-fjgvhltvryzvlufiayyipuiynnzt/Build/Intermediates.noindex/Pods.build/Debug-iphoneos/RCTTypeSafety.build/Objects-normal/arm64/af3fcb34312c57c0f52879cdce924b91-common-args.resp (in target 'RCTTypeSafety' from project 'Pods')
    cd /Users/tungstonlabs/Desktop/HealthApp-Mobile/ios/Pods
    write-file /Users/tungstonlabs/Library/Developer/Xcode/DerivedData/HealthApp-fjgvhltvryzvlufiayyipuiynnzt/Build/Intermediates.noindex/Pods.build/Debug-iphoneos/RCTTypeSafety.build/Objects-normal/arm64/af3fcb34312c57c0f52879cdce924b91-common-args.resp
'-std=c++20' '-stdlib=libc++' -fobjc-arc -fmodules -fno-cxx-modules '-fmodules-cache-path=/Users/tungstonlabs/Library/Developer/Xcode/DerivedData/ModuleCache.noindex' '-D_LIBCPP_HARDENING_MODE=_LIBCPP_HARDENING_MODE_DEBUG' -fpascal-strings -O0 -fno-common '-DPOD_CONFIGURATION_DEBUG=1' '-DDEBUG=1' '-DCOCOAPODS=1' '-DOBJC_OLD_DISPATCH_PROTOTYPES=0' -g -iquote /Users/tungstonlabs/Library/Developer/Xcode/DerivedData/HealthApp-fjgvhltvryzvlufiayyipuiynnzt/Build/Intermediates.noindex/Pods.build/Debug-iphoneos/RCTTypeSafety.build/RCTTypeSafety-generated-files.hmap -I/Users/tungstonlabs/Library/Developer/Xcode/DerivedData/HealthApp-fjgvhltvryzvlufiayyipuiynnzt/Build/Intermediates.noindex/Pods.build/Debug-iphoneos/RCTTypeSafety.build/RCTTypeSafety-own-target-headers.hmap -I/Users/tungstonlabs/Library/Developer/Xcode/DerivedData/HealthApp-fjgvhltvryzvlufiayyipuiynnzt/Build/Intermediates.noindex/Pods.build/Debug-iphoneos/RCTTypeSafety.build/RCTTypeSafety-all-non-framework-target-headers.hmap -ivfsoverlay /Users/tungstonlabs/Library/Developer/Xcode/DerivedData/HealthApp-fjgvhltvryzvlufiayyipuiynnzt/Build/Intermediates.noindex/Pods.build/Debug-iphoneos/Pods-8699adb1dd336b26511df848a716bd42-VFS-iphoneos/all-product-headers.yaml -iquote /Users/tungstonlabs/Library/Developer/Xcode/DerivedData/HealthApp-fjgvhltvryzvlufiayyipuiynnzt/Build/Intermediates.noindex/Pods.build/Debug-iphoneos/RCTTypeSafety.build/RCTTypeSafety-project-headers.hmap -I/Users/tungstonlabs/Library/Developer/Xcode/DerivedData/HealthApp-fjgvhltvryzvlufiayyipuiynnzt/Build/Products/Debug-iphoneos/RCTTypeSafety/include -I/Users/tungstonlabs/Desktop/HealthApp-Mobile/ios/Pods/Headers/Private -I/Users/tungstonlabs/Desktop/HealthApp-Mobile/ios/Pods/Headers/Private/RCTTypeSafety -I/Users/tungstonlabs/Desktop/HealthApp-Mobile/ios/Pods/Headers/Public -I/Users/tungstonlabs/Desktop/HealthApp-Mobile/ios/Pods/Headers/Public/DoubleConversion -I/Users/tungstonlabs/Desktop/HealthApp-Mobile/ios/Pods/Headers/Public/FBLazyVector -I/Users/tungstonlabs/Desktop/HealthApp-Mobile/ios/Pods/Headers/Public/RCT-Folly -I/Users/tungstonlabs/Desktop/HealthApp-Mobile/ios/Pods/Headers/Public/RCTRequired -I/Users/tungstonlabs/Desktop/HealthApp-Mobile/ios/Pods/Headers/Public/RCTTypeSafety -I/Users/tungstonlabs/Desktop/HealthApp-Mobile/ios/Pods/Headers/Public/React-Core -I/Users/tungstonlabs/Desktop/HealthApp-Mobile/ios/Pods/Headers/Public/React-callinvoker -I/Users/tungstonlabs/Desktop/HealthApp-Mobile/ios/Pods/Headers/Public/React-cxxreact -I/Users/tungstonlabs/Desktop/HealthApp-Mobile/ios/Pods/Headers/Public/React-debug -I/Users/tungstonlabs/Desktop/HealthApp-Mobile/ios/Pods/Headers/Public/React-featureflags -I/Users/tungstonlabs/Desktop/HealthApp-Mobile/ios/Pods/Headers/Public/React-hermes -I/Users/tungstonlabs/Desktop/HealthApp-Mobile/ios/Pods/Headers/Public/React-jsi -I/Users/tungstonlabs/Desktop/HealthApp-Mobile/ios/Pods/Headers/Public/React-jsiexecutor -I/Users/tungstonlabs/Desktop/HealthApp-Mobile/ios/Pods/Headers/Public/React-jsinspector -I/Users/tungstonlabs/Desktop/HealthApp-Mobile/ios/Pods/Headers/Public/React-jsinspectorcdp -I/Users/tungstonlabs/Desktop/HealthApp-Mobile/ios/Pods/Headers/Public/React-jsinspectornetwork -I/Users/tungstonlabs/Desktop/HealthApp-Mobile/ios/Pods/Headers/Public/React-jsinspectortracing -I/Users/tungstonlabs/Desktop/HealthApp-Mobile/ios/Pods/Headers/Public/React-jsitooling -I/Users/tungstonlabs/Desktop/HealthApp-Mobile/ios/Pods/Headers/Public/React-logger -I/Users/tungstonlabs/Desktop/HealthApp-Mobile/ios/Pods/Headers/Public/React-oscompat -I/Users/tungstonlabs/Desktop/HealthApp-Mobile/ios/Pods/Headers/Public/React-perflogger -I/Users/tungstonlabs/Desktop/HealthApp-Mobile/ios/Pods/Headers/Public/React-performancetimeline -I/Users/tungstonlabs/Desktop/HealthApp-Mobile/ios/Pods/Headers/Public/React-rendererconsistency -I/Users/tungstonlabs/Desktop/HealthApp-Mobile/ios/Pods/Headers/Public/React-rendererdebug -I/Users/tungstonlabs/Desktop/HealthApp-Mobile/ios/Pods/Headers/Public/React-runtimeexecutor -I/Users/tungstonlabs/Desktop/HealthApp-Mobile/ios/Pods/Headers/Public/React-runtimescheduler -I/Users/tungstonlabs/Desktop/HealthApp-Mobile/ios/Pods/Headers/Public/React-timing -I/Users/tungstonlabs/Desktop/HealthApp-Mobile/ios/Pods/Headers/Public/React-utils -I/Users/tungstonlabs/Desktop/HealthApp-Mobile/ios/Pods/Headers/Public/Yoga -I/Users/tungstonlabs/Desktop/HealthApp-Mobile/ios/Pods/Headers/Public/boost -I/Users/tungstonlabs/Desktop/HealthApp-Mobile/ios/Pods/Headers/Public/fast_float -I/Users/tungstonlabs/Desktop/HealthApp-Mobile/ios/Pods/Headers/Public/fmt -I/Users/tungstonlabs/Desktop/HealthApp-Mobile/ios/Pods/Headers/Public/glog -I/Users/tungstonlabs/Desktop/HealthApp-Mobile/ios/Pods/Headers/Public/hermes-engine -I/Users/tungstonlabs/Desktop/HealthApp-Mobile/node_modules/react-native/Libraries/TypeSafety/Libraries/TypeSafety -I/Users/tungstonlabs/Library/Developer/Xcode/DerivedData/HealthApp-fjgvhltvryzvlufiayyipuiynnzt/Build/Intermediates.noindex/Pods.build/Debug-iphoneos/RCTTypeSafety.build/DerivedSources-normal/arm64 -I/Users/tungstonlabs/Library/Developer/Xcode/DerivedData/HealthApp-fjgvhltvryzvlufiayyipuiynnzt/Build/Intermediates.noindex/Pods.build/Debug-iphoneos/RCTTypeSafety.build/DerivedSources/arm64 -I/Users/tungstonlabs/Library/Developer/Xcode/DerivedData/HealthApp-fjgvhltvryzvlufiayyipuiynnzt/Build/Intermediates.noindex/Pods.build/Debug-iphoneos/RCTTypeSafety.build/DerivedSources -F/Users/tungstonlabs/Library/Developer/Xcode/DerivedData/HealthApp-fjgvhltvryzvlufiayyipuiynnzt/Build/Products/Debug-iphoneos/RCTTypeSafety -F/Users/tungstonlabs/Desktop/HealthApp-Mobile/ios/Pods/hermes-engine/destroot/Library/Frameworks/universal -F/Users/tungstonlabs/Library/Developer/Xcode/DerivedData/HealthApp-fjgvhltvryzvlufiayyipuiynnzt/Build/Products/Debug-iphoneos/XCFrameworkIntermediates/hermes-engine/Pre-built '-fmodule-map-file=/Users/tungstonlabs/Desktop/HealthApp-Mobile/ios/Pods/Headers/Public/DoubleConversion/DoubleConversion.modulemap' '-fmodule-map-file=/Users/tungstonlabs/Desktop/HealthApp-Mobile/ios/Pods/Headers/Public/RCTDeprecation/RCTDeprecation.modulemap' '-fmodule-map-file=/Users/tungstonlabs/Desktop/HealthApp-Mobile/ios/Pods/Headers/Public/React/React-Core.modulemap' '-fmodule-map-file=/Users/tungstonlabs/Desktop/HealthApp-Mobile/ios/Pods/Headers/Public/React_runtimeexecutor/React-runtimeexecutor.modulemap' '-fmodule-map-file=/Users/tungstonlabs/Desktop/HealthApp-Mobile/ios/Pods/Headers/Public/SocketRocket/SocketRocket.modulemap' '-fmodule-map-file=/Users/tungstonlabs/Desktop/HealthApp-Mobile/ios/Pods/Headers/Public/fmt/fmt.modulemap' '-fmodule-map-file=/Users/tungstonlabs/Desktop/HealthApp-Mobile/ios/Pods/Headers/Public/folly/RCT-Folly.modulemap' '-fmodule-map-file=/Users/tungstonlabs/Desktop/HealthApp-Mobile/ios/Pods/Headers/Public/glog/glog.modulemap' '-fmodule-map-file=/Users/tungstonlabs/Desktop/HealthApp-Mobile/ios/Pods/Headers/Public/jsi/React-jsi.modulemap' '-fmodule-map-file=/Users/tungstonlabs/Desktop/HealthApp-Mobile/ios/Pods/Headers/Public/jsinspector_modern/React-jsinspector.modulemap' '-fmodule-map-file=/Users/tungstonlabs/Desktop/HealthApp-Mobile/ios/Pods/Headers/Public/jsinspector_modern_cdp/React-jsinspectorcdp.modulemap' '-fmodule-map-file=/Users/tungstonlabs/Desktop/HealthApp-Mobile/ios/Pods/Headers/Public/jsinspector_modern_network/React-jsinspectornetwork.modulemap' '-fmodule-map-file=/Users/tungstonlabs/Desktop/HealthApp-Mobile/ios/Pods/Headers/Public/jsinspector_modern_tracing/React-jsinspectortracing.modulemap' '-fmodule-map-file=/Users/tungstonlabs/Desktop/HealthApp-Mobile/ios/Pods/Headers/Public/react_debug/React-debug.modulemap' '-fmodule-map-file=/Users/tungstonlabs/Desktop/HealthApp-Mobile/ios/Pods/Headers/Public/react_featureflags/React-featureflags.modulemap' '-fmodule-map-file=/Users/tungstonlabs/Desktop/HealthApp-Mobile/ios/Pods/Headers/Public/react_renderer_debug/React-rendererdebug.modulemap' '-fmodule-map-file=/Users/tungstonlabs/Desktop/HealthApp-Mobile/ios/Pods/Headers/Public/react_runtime/React-jsitooling.modulemap' '-fmodule-map-file=/Users/tungstonlabs/Desktop/HealthApp-Mobile/ios/Pods/Headers/Public/react_utils/React-utils.modulemap' '-fmodule-map-file=/Users/tungstonlabs/Desktop/HealthApp-Mobile/ios/Pods/Headers/Public/reacthermes/React-hermes.modulemap' '-fmodule-map-file=/Users/tungstonlabs/Desktop/HealthApp-Mobile/ios/Pods/Headers/Public/yoga/Yoga.modulemap'

WriteAuxiliaryFile /Users/tungstonlabs/Library/Developer/Xcode/DerivedData/HealthApp-fjgvhltvryzvlufiayyipuiynnzt/Build/Intermediates.noindex/Pods.build/Debug-iphoneos/RCTTypeSafety.build/Objects-normal/arm64/RCTTypeSafety.LinkFileList (in target 'RCTTypeSafety' from project 'Pods')
    cd /Users/tungstonlabs/Desktop/HealthApp-Mobile/ios/Pods
    write-file /Users/tungstonlabs/Library/Developer/Xcode/DerivedData/HealthApp-fjgvhltvryzvlufiayyipuiynnzt/Build/Intermediates.noindex/Pods.build/Debug-iphoneos/RCTTypeSafety.build/Objects-normal/arm64/RCTTypeSafety.LinkFileList

WriteAuxiliaryFile /Users/tungstonlabs/Library/Developer/Xcode/DerivedData/HealthApp-fjgvhltvryzvlufiayyipuiynnzt/Build/Intermediates.noindex/Pods.build/Debug-iphoneos/RCTDeprecation.build/RCTDeprecation.DependencyStaticMetadataFileList (in target 'RCTDeprecation' from project 'Pods')
    cd /Users/tungstonlabs/Desktop/HealthApp-Mobile/ios/Pods
    write-file /Users/tungstonlabs/Library/Developer/Xcode/DerivedData/HealthApp-fjgvhltvryzvlufiayyipuiynnzt/Build/Intermediates.noindex/Pods.build/Debug-iphoneos/RCTDeprecation.build/RCTDeprecation.DependencyStaticMetadataFileList

WriteAuxiliaryFile /Users/tungstonlabs/Library/Developer/Xcode/DerivedData/HealthApp-fjgvhltvryzvlufiayyipuiynnzt/Build/Intermediates.noindex/Pods.build/Debug-iphoneos/RCTDeprecation.build/RCTDeprecation.hmap (in target 'RCTDeprecation' from project 'Pods')
    cd /Users/tungstonlabs/Desktop/HealthApp-Mobile/ios/Pods
    write-file /Users/tungstonlabs/Library/Developer/Xcode/DerivedData/HealthApp-fjgvhltvryzvlufiayyipuiynnzt/Build/Intermediates.noindex/Pods.build/Debug-iphoneos/RCTDeprecation.build/RCTDeprecation.hmap

WriteAuxiliaryFile /Users/tungstonlabs/Library/Developer/Xcode/DerivedData/HealthApp-fjgvhltvryzvlufiayyipuiynnzt/Build/Intermediates.noindex/Pods.build/Debug-iphoneos/RCTDeprecation.build/RCTDeprecation-project-headers.hmap (in target 'RCTDeprecation' from project 'Pods')
    cd /Users/tungstonlabs/Desktop/HealthApp-Mobile/ios/Pods
    write-file /Users/tungstonlabs/Library/Developer/Xcode/DerivedData/HealthApp-fjgvhltvryzvlufiayyipuiynnzt/Build/Intermediates.noindex/Pods.build/Debug-iphoneos/RCTDeprecation.build/RCTDeprecation-project-headers.hmap

WriteAuxiliaryFile /Users/tungstonlabs/Library/Developer/Xcode/DerivedData/HealthApp-fjgvhltvryzvlufiayyipuiynnzt/Build/Intermediates.noindex/Pods.build/Debug-iphoneos/RCTDeprecation.build/RCTDeprecation.DependencyMetadataFileList (in target 'RCTDeprecation' from project 'Pods')
    cd /Users/tungstonlabs/Desktop/HealthApp-Mobile/ios/Pods
    write-file /Users/tungstonlabs/Library/Developer/Xcode/DerivedData/HealthApp-fjgvhltvryzvlufiayyipuiynnzt/Build/Intermediates.noindex/Pods.build/Debug-iphoneos/RCTDeprecation.build/RCTDeprecation.DependencyMetadataFileList

WriteAuxiliaryFile /Users/tungstonlabs/Library/Developer/Xcode/DerivedData/HealthApp-fjgvhltvryzvlufiayyipuiynnzt/Build/Intermediates.noindex/Pods.build/Debug-iphoneos/RCTDeprecation.build/RCTDeprecation-own-target-headers.hmap (in target 'RCTDeprecation' from project 'Pods')
    cd /Users/tungstonlabs/Desktop/HealthApp-Mobile/ios/Pods
    write-file /Users/tungstonlabs/Library/Developer/Xcode/DerivedData/HealthApp-fjgvhltvryzvlufiayyipuiynnzt/Build/Intermediates.noindex/Pods.build/Debug-iphoneos/RCTDeprecation.build/RCTDeprecation-own-target-headers.hmap

WriteAuxiliaryFile /Users/tungstonlabs/Library/Developer/Xcode/DerivedData/HealthApp-fjgvhltvryzvlufiayyipuiynnzt/Build/Intermediates.noindex/Pods.build/Debug-iphoneos/RCTDeprecation.build/RCTDeprecation-generated-files.hmap (in target 'RCTDeprecation' from project 'Pods')
    cd /Users/tungstonlabs/Desktop/HealthApp-Mobile/ios/Pods
    write-file /Users/tungstonlabs/Library/Developer/Xcode/DerivedData/HealthApp-fjgvhltvryzvlufiayyipuiynnzt/Build/Intermediates.noindex/Pods.build/Debug-iphoneos/RCTDeprecation.build/RCTDeprecation-generated-files.hmap

WriteAuxiliaryFile /Users/tungstonlabs/Library/Developer/Xcode/DerivedData/HealthApp-fjgvhltvryzvlufiayyipuiynnzt/Build/Intermediates.noindex/Pods.build/Debug-iphoneos/RCTDeprecation.build/RCTDeprecation-all-target-headers.hmap (in target 'RCTDeprecation' from project 'Pods')
    cd /Users/tungstonlabs/Desktop/HealthApp-Mobile/ios/Pods
    write-file /Users/tungstonlabs/Library/Developer/Xcode/DerivedData/HealthApp-fjgvhltvryzvlufiayyipuiynnzt/Build/Intermediates.noindex/Pods.build/Debug-iphoneos/RCTDeprecation.build/RCTDeprecation-all-target-headers.hmap

WriteAuxiliaryFile /Users/tungstonlabs/Library/Developer/Xcode/DerivedData/HealthApp-fjgvhltvryzvlufiayyipuiynnzt/Build/Intermediates.noindex/Pods.build/Debug-iphoneos/RCTDeprecation.build/RCTDeprecation-all-non-framework-target-headers.hmap (in target 'RCTDeprecation' from project 'Pods')
    cd /Users/tungstonlabs/Desktop/HealthApp-Mobile/ios/Pods
    write-file /Users/tungstonlabs/Library/Developer/Xcode/DerivedData/HealthApp-fjgvhltvryzvlufiayyipuiynnzt/Build/Intermediates.noindex/Pods.build/Debug-iphoneos/RCTDeprecation.build/RCTDeprecation-all-non-framework-target-headers.hmap

WriteAuxiliaryFile /Users/tungstonlabs/Library/Developer/Xcode/DerivedData/HealthApp-fjgvhltvryzvlufiayyipuiynnzt/Build/Intermediates.noindex/Pods.build/Debug-iphoneos/RCTDeprecation.build/Objects-normal/arm64/e6072d4f65d7061329687fe24e3d63a7-common-args.resp (in target 'RCTDeprecation' from project 'Pods')
    cd /Users/tungstonlabs/Desktop/HealthApp-Mobile/ios/Pods
    write-file /Users/tungstonlabs/Library/Developer/Xcode/DerivedData/HealthApp-fjgvhltvryzvlufiayyipuiynnzt/Build/Intermediates.noindex/Pods.build/Debug-iphoneos/RCTDeprecation.build/Objects-normal/arm64/e6072d4f65d7061329687fe24e3d63a7-common-args.resp
'-std=gnu11' -fobjc-arc -fmodules '-fmodules-cache-path=/Users/tungstonlabs/Library/Developer/Xcode/DerivedData/ModuleCache.noindex' '-fmodule-name=RCTDeprecation' -fpascal-strings -O0 -fno-common '-DPOD_CONFIGURATION_DEBUG=1' '-DDEBUG=1' '-DCOCOAPODS=1' '-DOBJC_OLD_DISPATCH_PROTOTYPES=0' -g -iquote /Users/tungstonlabs/Library/Developer/Xcode/DerivedData/HealthApp-fjgvhltvryzvlufiayyipuiynnzt/Build/Intermediates.noindex/Pods.build/Debug-iphoneos/RCTDeprecation.build/RCTDeprecation-generated-files.hmap -I/Users/tungstonlabs/Library/Developer/Xcode/DerivedData/HealthApp-fjgvhltvryzvlufiayyipuiynnzt/Build/Intermediates.noindex/Pods.build/Debug-iphoneos/RCTDeprecation.build/RCTDeprecation-own-target-headers.hmap -I/Users/tungstonlabs/Library/Developer/Xcode/DerivedData/HealthApp-fjgvhltvryzvlufiayyipuiynnzt/Build/Intermediates.noindex/Pods.build/Debug-iphoneos/RCTDeprecation.build/RCTDeprecation-all-non-framework-target-headers.hmap -ivfsoverlay /Users/tungstonlabs/Library/Developer/Xcode/DerivedData/HealthApp-fjgvhltvryzvlufiayyipuiynnzt/Build/Intermediates.noindex/Pods.build/Debug-iphoneos/Pods-8699adb1dd336b26511df848a716bd42-VFS-iphoneos/all-product-headers.yaml -iquote /Users/tungstonlabs/Library/Developer/Xcode/DerivedData/HealthApp-fjgvhltvryzvlufiayyipuiynnzt/Build/Intermediates.noindex/Pods.build/Debug-iphoneos/RCTDeprecation.build/RCTDeprecation-project-headers.hmap -I/Users/tungstonlabs/Library/Developer/Xcode/DerivedData/HealthApp-fjgvhltvryzvlufiayyipuiynnzt/Build/Products/Debug-iphoneos/RCTDeprecation/include -I/Users/tungstonlabs/Desktop/HealthApp-Mobile/ios/Pods/Headers/Private -I/Users/tungstonlabs/Desktop/HealthApp-Mobile/ios/Pods/Headers/Private/RCTDeprecation -I/Users/tungstonlabs/Desktop/HealthApp-Mobile/ios/Pods/Headers/Public -I/Users/tungstonlabs/Library/Developer/Xcode/DerivedData/HealthApp-fjgvhltvryzvlufiayyipuiynnzt/Build/Intermediates.noindex/Pods.build/Debug-iphoneos/RCTDeprecation.build/DerivedSources-normal/arm64 -I/Users/tungstonlabs/Library/Developer/Xcode/DerivedData/HealthApp-fjgvhltvryzvlufiayyipuiynnzt/Build/Intermediates.noindex/Pods.build/Debug-iphoneos/RCTDeprecation.build/DerivedSources/arm64 -I/Users/tungstonlabs/Library/Developer/Xcode/DerivedData/HealthApp-fjgvhltvryzvlufiayyipuiynnzt/Build/Intermediates.noindex/Pods.build/Debug-iphoneos/RCTDeprecation.build/DerivedSources -F/Users/tungstonlabs/Library/Developer/Xcode/DerivedData/HealthApp-fjgvhltvryzvlufiayyipuiynnzt/Build/Products/Debug-iphoneos/RCTDeprecation

WriteAuxiliaryFile /Users/tungstonlabs/Library/Developer/Xcode/DerivedData/HealthApp-fjgvhltvryzvlufiayyipuiynnzt/Build/Intermediates.noindex/Pods.build/Debug-iphoneos/RCTDeprecation.build/Objects-normal/arm64/RCTDeprecation.LinkFileList (in target 'RCTDeprecation' from project 'Pods')
    cd /Users/tungstonlabs/Desktop/HealthApp-Mobile/ios/Pods
    write-file /Users/tungstonlabs/Library/Developer/Xcode/DerivedData/HealthApp-fjgvhltvryzvlufiayyipuiynnzt/Build/Intermediates.noindex/Pods.build/Debug-iphoneos/RCTDeprecation.build/Objects-normal/arm64/RCTDeprecation.LinkFileList

WriteAuxiliaryFile /Users/tungstonlabs/Library/Developer/Xcode/DerivedData/HealthApp-fjgvhltvryzvlufiayyipuiynnzt/Build/Intermediates.noindex/Pods.build/Debug-iphoneos/RCT-Folly-RCT-Folly_privacy.build/RCT-Folly_privacy.DependencyStaticMetadataFileList (in target 'RCT-Folly-RCT-Folly_privacy' from project 'Pods')
    cd /Users/tungstonlabs/Desktop/HealthApp-Mobile/ios/Pods
    write-file /Users/tungstonlabs/Library/Developer/Xcode/DerivedData/HealthApp-fjgvhltvryzvlufiayyipuiynnzt/Build/Intermediates.noindex/Pods.build/Debug-iphoneos/RCT-Folly-RCT-Folly_privacy.build/RCT-Folly_privacy.DependencyStaticMetadataFileList

WriteAuxiliaryFile /Users/tungstonlabs/Library/Developer/Xcode/DerivedData/HealthApp-fjgvhltvryzvlufiayyipuiynnzt/Build/Intermediates.noindex/Pods.build/Debug-iphoneos/RCT-Folly-RCT-Folly_privacy.build/RCT-Folly_privacy.DependencyMetadataFileList (in target 'RCT-Folly-RCT-Folly_privacy' from project 'Pods')
    cd /Users/tungstonlabs/Desktop/HealthApp-Mobile/ios/Pods
    write-file /Users/tungstonlabs/Library/Developer/Xcode/DerivedData/HealthApp-fjgvhltvryzvlufiayyipuiynnzt/Build/Intermediates.noindex/Pods.build/Debug-iphoneos/RCT-Folly-RCT-Folly_privacy.build/RCT-Folly_privacy.DependencyMetadataFileList

WriteAuxiliaryFile /Users/tungstonlabs/Library/Developer/Xcode/DerivedData/HealthApp-fjgvhltvryzvlufiayyipuiynnzt/Build/Intermediates.noindex/Pods.build/Debug-iphoneos/RCT-Folly.build/RCT-Folly.DependencyStaticMetadataFileList (in target 'RCT-Folly' from project 'Pods')
    cd /Users/tungstonlabs/Desktop/HealthApp-Mobile/ios/Pods
    write-file /Users/tungstonlabs/Library/Developer/Xcode/DerivedData/HealthApp-fjgvhltvryzvlufiayyipuiynnzt/Build/Intermediates.noindex/Pods.build/Debug-iphoneos/RCT-Folly.build/RCT-Folly.DependencyStaticMetadataFileList

WriteAuxiliaryFile /Users/tungstonlabs/Library/Developer/Xcode/DerivedData/HealthApp-fjgvhltvryzvlufiayyipuiynnzt/Build/Intermediates.noindex/Pods.build/Debug-iphoneos/RCT-Folly.build/RCT-Folly.DependencyMetadataFileList (in target 'RCT-Folly' from project 'Pods')
    cd /Users/tungstonlabs/Desktop/HealthApp-Mobile/ios/Pods
    write-file /Users/tungstonlabs/Library/Developer/Xcode/DerivedData/HealthApp-fjgvhltvryzvlufiayyipuiynnzt/Build/Intermediates.noindex/Pods.build/Debug-iphoneos/RCT-Folly.build/RCT-Folly.DependencyMetadataFileList

WriteAuxiliaryFile /Users/tungstonlabs/Library/Developer/Xcode/DerivedData/HealthApp-fjgvhltvryzvlufiayyipuiynnzt/Build/Intermediates.noindex/Pods.build/Debug-iphoneos/RCT-Folly.build/Objects-normal/arm64/e6072d4f65d7061329687fe24e3d63a7-common-args.resp (in target 'RCT-Folly' from project 'Pods')
    cd /Users/tungstonlabs/Desktop/HealthApp-Mobile/ios/Pods
    write-file /Users/tungstonlabs/Library/Developer/Xcode/DerivedData/HealthApp-fjgvhltvryzvlufiayyipuiynnzt/Build/Intermediates.noindex/Pods.build/Debug-iphoneos/RCT-Folly.build/Objects-normal/arm64/e6072d4f65d7061329687fe24e3d63a7-common-args.resp
'-std=gnu11' -fobjc-arc -fmodules '-fmodules-cache-path=/Users/tungstonlabs/Library/Developer/Xcode/DerivedData/ModuleCache.noindex' '-fmodule-name=folly' -fpascal-strings -O0 -fno-common '-DPOD_CONFIGURATION_DEBUG=1' '-DDEBUG=1' '-DCOCOAPODS=1' '-DFMT_USE_CONSTEVAL=0' '-DOBJC_OLD_DISPATCH_PROTOTYPES=0' -g -I/Users/tungstonlabs/Library/Developer/Xcode/DerivedData/HealthApp-fjgvhltvryzvlufiayyipuiynnzt/Build/Products/Debug-iphoneos/RCT-Folly/include -I/Users/tungstonlabs/Desktop/HealthApp-Mobile/ios/Pods/Headers/Private -I/Users/tungstonlabs/Desktop/HealthApp-Mobile/ios/Pods/Headers/Private/RCT-Folly -I/Users/tungstonlabs/Desktop/HealthApp-Mobile/ios/Pods/Headers/Public -I/Users/tungstonlabs/Desktop/HealthApp-Mobile/ios/Pods/Headers/Public/DoubleConversion -I/Users/tungstonlabs/Desktop/HealthApp-Mobile/ios/Pods/Headers/Public/RCT-Folly -I/Users/tungstonlabs/Desktop/HealthApp-Mobile/ios/Pods/Headers/Public/boost -I/Users/tungstonlabs/Desktop/HealthApp-Mobile/ios/Pods/Headers/Public/fast_float -I/Users/tungstonlabs/Desktop/HealthApp-Mobile/ios/Pods/Headers/Public/fmt -I/Users/tungstonlabs/Desktop/HealthApp-Mobile/ios/Pods/Headers/Public/glog -I/Users/tungstonlabs/Desktop/HealthApp-Mobile/ios/Pods/RCT-Folly -I/Users/tungstonlabs/Desktop/HealthApp-Mobile/ios/Pods/boost -I/Users/tungstonlabs/Desktop/HealthApp-Mobile/ios/Pods/DoubleConversion -I/Users/tungstonlabs/Desktop/HealthApp-Mobile/ios/Pods/fast_float/include -I/Users/tungstonlabs/Desktop/HealthApp-Mobile/ios/Pods/fmt/include -I/Users/tungstonlabs/Library/Developer/Xcode/DerivedData/HealthApp-fjgvhltvryzvlufiayyipuiynnzt/Build/Intermediates.noindex/Pods.build/Debug-iphoneos/RCT-Folly.build/DerivedSources-normal/arm64 -I/Users/tungstonlabs/Library/Developer/Xcode/DerivedData/HealthApp-fjgvhltvryzvlufiayyipuiynnzt/Build/Intermediates.noindex/Pods.build/Debug-iphoneos/RCT-Folly.build/DerivedSources/arm64 -I/Users/tungstonlabs/Library/Developer/Xcode/DerivedData/HealthApp-fjgvhltvryzvlufiayyipuiynnzt/Build/Intermediates.noindex/Pods.build/Debug-iphoneos/RCT-Folly.build/DerivedSources -F/Users/tungstonlabs/Library/Developer/Xcode/DerivedData/HealthApp-fjgvhltvryzvlufiayyipuiynnzt/Build/Products/Debug-iphoneos/RCT-Folly '-fmodule-map-file=/Users/tungstonlabs/Desktop/HealthApp-Mobile/ios/Pods/Headers/Public/DoubleConversion/DoubleConversion.modulemap' '-fmodule-map-file=/Users/tungstonlabs/Desktop/HealthApp-Mobile/ios/Pods/Headers/Public/fmt/fmt.modulemap' '-fmodule-map-file=/Users/tungstonlabs/Desktop/HealthApp-Mobile/ios/Pods/Headers/Public/glog/glog.modulemap'

WriteAuxiliaryFile /Users/tungstonlabs/Library/Developer/Xcode/DerivedData/HealthApp-fjgvhltvryzvlufiayyipuiynnzt/Build/Intermediates.noindex/Pods.build/Debug-iphoneos/RCT-Folly.build/Objects-normal/arm64/RCT-Folly.LinkFileList (in target 'RCT-Folly' from project 'Pods')
    cd /Users/tungstonlabs/Desktop/HealthApp-Mobile/ios/Pods
    write-file /Users/tungstonlabs/Library/Developer/Xcode/DerivedData/HealthApp-fjgvhltvryzvlufiayyipuiynnzt/Build/Intermediates.noindex/Pods.build/Debug-iphoneos/RCT-Folly.build/Objects-normal/arm64/RCT-Folly.LinkFileList

WriteAuxiliaryFile /Users/tungstonlabs/Library/Developer/Xcode/DerivedData/HealthApp-fjgvhltvryzvlufiayyipuiynnzt/Build/Intermediates.noindex/Pods.build/Debug-iphoneos/RCT-Folly.build/Objects-normal/arm64/82b82416624d2658e5098eb0a28c15c5-common-args.resp (in target 'RCT-Folly' from project 'Pods')
    cd /Users/tungstonlabs/Desktop/HealthApp-Mobile/ios/Pods
    write-file /Users/tungstonlabs/Library/Developer/Xcode/DerivedData/HealthApp-fjgvhltvryzvlufiayyipuiynnzt/Build/Intermediates.noindex/Pods.build/Debug-iphoneos/RCT-Folly.build/Objects-normal/arm64/82b82416624d2658e5098eb0a28c15c5-common-args.resp
'-std=c++20' '-stdlib=libc++' -fmodules -fno-cxx-modules '-fmodules-cache-path=/Users/tungstonlabs/Library/Developer/Xcode/DerivedData/ModuleCache.noindex' '-fmodule-name=folly' '-D_LIBCPP_HARDENING_MODE=_LIBCPP_HARDENING_MODE_DEBUG' -fpascal-strings -O0 -fno-common '-DPOD_CONFIGURATION_DEBUG=1' '-DDEBUG=1' '-DCOCOAPODS=1' '-DFMT_USE_CONSTEVAL=0' -g -I/Users/tungstonlabs/Library/Developer/Xcode/DerivedData/HealthApp-fjgvhltvryzvlufiayyipuiynnzt/Build/Products/Debug-iphoneos/RCT-Folly/include -I/Users/tungstonlabs/Desktop/HealthApp-Mobile/ios/Pods/Headers/Private -I/Users/tungstonlabs/Desktop/HealthApp-Mobile/ios/Pods/Headers/Private/RCT-Folly -I/Users/tungstonlabs/Desktop/HealthApp-Mobile/ios/Pods/Headers/Public -I/Users/tungstonlabs/Desktop/HealthApp-Mobile/ios/Pods/Headers/Public/DoubleConversion -I/Users/tungstonlabs/Desktop/HealthApp-Mobile/ios/Pods/Headers/Public/RCT-Folly -I/Users/tungstonlabs/Desktop/HealthApp-Mobile/ios/Pods/Headers/Public/boost -I/Users/tungstonlabs/Desktop/HealthApp-Mobile/ios/Pods/Headers/Public/fast_float -I/Users/tungstonlabs/Desktop/HealthApp-Mobile/ios/Pods/Headers/Public/fmt -I/Users/tungstonlabs/Desktop/HealthApp-Mobile/ios/Pods/Headers/Public/glog -I/Users/tungstonlabs/Desktop/HealthApp-Mobile/ios/Pods/RCT-Folly -I/Users/tungstonlabs/Desktop/HealthApp-Mobile/ios/Pods/boost -I/Users/tungstonlabs/Desktop/HealthApp-Mobile/ios/Pods/DoubleConversion -I/Users/tungstonlabs/Desktop/HealthApp-Mobile/ios/Pods/fast_float/include -I/Users/tungstonlabs/Desktop/HealthApp-Mobile/ios/Pods/fmt/include -I/Users/tungstonlabs/Library/Developer/Xcode/DerivedData/HealthApp-fjgvhltvryzvlufiayyipuiynnzt/Build/Intermediates.noindex/Pods.build/Debug-iphoneos/RCT-Folly.build/DerivedSources-normal/arm64 -I/Users/tungstonlabs/Library/Developer/Xcode/DerivedData/HealthApp-fjgvhltvryzvlufiayyipuiynnzt/Build/Intermediates.noindex/Pods.build/Debug-iphoneos/RCT-Folly.build/DerivedSources/arm64 -I/Users/tungstonlabs/Library/Developer/Xcode/DerivedData/HealthApp-fjgvhltvryzvlufiayyipuiynnzt/Build/Intermediates.noindex/Pods.build/Debug-iphoneos/RCT-Folly.build/DerivedSources -F/Users/tungstonlabs/Library/Developer/Xcode/DerivedData/HealthApp-fjgvhltvryzvlufiayyipuiynnzt/Build/Products/Debug-iphoneos/RCT-Folly '-fmodule-map-file=/Users/tungstonlabs/Desktop/HealthApp-Mobile/ios/Pods/Headers/Public/DoubleConversion/DoubleConversion.modulemap' '-fmodule-map-file=/Users/tungstonlabs/Desktop/HealthApp-Mobile/ios/Pods/Headers/Public/fmt/fmt.modulemap' '-fmodule-map-file=/Users/tungstonlabs/Desktop/HealthApp-Mobile/ios/Pods/Headers/Public/glog/glog.modulemap'

WriteAuxiliaryFile /Users/tungstonlabs/Library/Developer/Xcode/DerivedData/HealthApp-fjgvhltvryzvlufiayyipuiynnzt/Build/Intermediates.noindex/HealthApp.build/Debug-iphoneos/HealthApp.build/Script-A1B817AB7798506583378443.sh (in target 'HealthApp' from project 'HealthApp')
    cd /Users/tungstonlabs/Desktop/HealthApp-Mobile/ios
    write-file /Users/tungstonlabs/Library/Developer/Xcode/DerivedData/HealthApp-fjgvhltvryzvlufiayyipuiynnzt/Build/Intermediates.noindex/HealthApp.build/Debug-iphoneos/HealthApp.build/Script-A1B817AB7798506583378443.sh

WriteAuxiliaryFile /Users/tungstonlabs/Library/Developer/Xcode/DerivedData/HealthApp-fjgvhltvryzvlufiayyipuiynnzt/Build/Intermediates.noindex/HealthApp.build/Debug-iphoneos/HealthApp.build/Script-983CDEA8EA2ABAF85B2682D6.sh (in target 'HealthApp' from project 'HealthApp')
    cd /Users/tungstonlabs/Desktop/HealthApp-Mobile/ios
    write-file /Users/tungstonlabs/Library/Developer/Xcode/DerivedData/HealthApp-fjgvhltvryzvlufiayyipuiynnzt/Build/Intermediates.noindex/HealthApp.build/Debug-iphoneos/HealthApp.build/Script-983CDEA8EA2ABAF85B2682D6.sh

WriteAuxiliaryFile /Users/tungstonlabs/Library/Developer/Xcode/DerivedData/HealthApp-fjgvhltvryzvlufiayyipuiynnzt/Build/Intermediates.noindex/HealthApp.build/Debug-iphoneos/HealthApp.build/Script-872AA5B5BD9206F53586407A.sh (in target 'HealthApp' from project 'HealthApp')
    cd /Users/tungstonlabs/Desktop/HealthApp-Mobile/ios
    write-file /Users/tungstonlabs/Library/Developer/Xcode/DerivedData/HealthApp-fjgvhltvryzvlufiayyipuiynnzt/Build/Intermediates.noindex/HealthApp.build/Debug-iphoneos/HealthApp.build/Script-872AA5B5BD9206F53586407A.sh

WriteAuxiliaryFile /Users/tungstonlabs/Library/Developer/Xcode/DerivedData/HealthApp-fjgvhltvryzvlufiayyipuiynnzt/Build/Intermediates.noindex/HealthApp.build/Debug-iphoneos/HealthApp.build/OutputFileList-983CDEA8EA2ABAF85B2682D6-Pods-HealthApp-frameworks-Debug-output-files-1915fda1efb0dcedcd46ec6bfa7cfb4d-resolved.xcfilelist (in target 'HealthApp' from project 'HealthApp')
    cd /Users/tungstonlabs/Desktop/HealthApp-Mobile/ios
    write-file /Users/tungstonlabs/Library/Developer/Xcode/DerivedData/HealthApp-fjgvhltvryzvlufiayyipuiynnzt/Build/Intermediates.noindex/HealthApp.build/Debug-iphoneos/HealthApp.build/OutputFileList-983CDEA8EA2ABAF85B2682D6-Pods-HealthApp-frameworks-Debug-output-files-1915fda1efb0dcedcd46ec6bfa7cfb4d-resolved.xcfilelist

WriteAuxiliaryFile /Users/tungstonlabs/Library/Developer/Xcode/DerivedData/HealthApp-fjgvhltvryzvlufiayyipuiynnzt/Build/Intermediates.noindex/HealthApp.build/Debug-iphoneos/HealthApp.build/OutputFileList-872AA5B5BD9206F53586407A-Pods-HealthApp-resources-Debug-output-files-ec9a5ac94ed4907ec0e1a5768b5e740b-resolved.xcfilelist (in target 'HealthApp' from project 'HealthApp')
    cd /Users/tungstonlabs/Desktop/HealthApp-Mobile/ios
    write-file /Users/tungstonlabs/Library/Developer/Xcode/DerivedData/HealthApp-fjgvhltvryzvlufiayyipuiynnzt/Build/Intermediates.noindex/HealthApp.build/Debug-iphoneos/HealthApp.build/OutputFileList-872AA5B5BD9206F53586407A-Pods-HealthApp-resources-Debug-output-files-ec9a5ac94ed4907ec0e1a5768b5e740b-resolved.xcfilelist

WriteAuxiliaryFile /Users/tungstonlabs/Library/Developer/Xcode/DerivedData/HealthApp-fjgvhltvryzvlufiayyipuiynnzt/Build/Intermediates.noindex/HealthApp.build/Debug-iphoneos/HealthApp.build/InputFileList-983CDEA8EA2ABAF85B2682D6-Pods-HealthApp-frameworks-Debug-input-files-53c505d9ee8f98a260998602547d6736-resolved.xcfilelist (in target 'HealthApp' from project 'HealthApp')
    cd /Users/tungstonlabs/Desktop/HealthApp-Mobile/ios
    write-file /Users/tungstonlabs/Library/Developer/Xcode/DerivedData/HealthApp-fjgvhltvryzvlufiayyipuiynnzt/Build/Intermediates.noindex/HealthApp.build/Debug-iphoneos/HealthApp.build/InputFileList-983CDEA8EA2ABAF85B2682D6-Pods-HealthApp-frameworks-Debug-input-files-53c505d9ee8f98a260998602547d6736-resolved.xcfilelist

WriteAuxiliaryFile /Users/tungstonlabs/Library/Developer/Xcode/DerivedData/HealthApp-fjgvhltvryzvlufiayyipuiynnzt/Build/Intermediates.noindex/HealthApp.build/Debug-iphoneos/HealthApp.build/InputFileList-872AA5B5BD9206F53586407A-Pods-HealthApp-resources-Debug-input-files-5dd5ea27bef7b652601b6458924b8fe7-resolved.xcfilelist (in target 'HealthApp' from project 'HealthApp')
    cd /Users/tungstonlabs/Desktop/HealthApp-Mobile/ios
    write-file /Users/tungstonlabs/Library/Developer/Xcode/DerivedData/HealthApp-fjgvhltvryzvlufiayyipuiynnzt/Build/Intermediates.noindex/HealthApp.build/Debug-iphoneos/HealthApp.build/InputFileList-872AA5B5BD9206F53586407A-Pods-HealthApp-resources-Debug-input-files-5dd5ea27bef7b652601b6458924b8fe7-resolved.xcfilelist

MkDir /Users/tungstonlabs/Library/Developer/Xcode/DerivedData/HealthApp-fjgvhltvryzvlufiayyipuiynnzt/Build/Products/Debug-iphoneos/RCT-Folly/RCT-Folly_privacy.bundle (in target 'RCT-Folly-RCT-Folly_privacy' from project 'Pods')
    cd /Users/tungstonlabs/Desktop/HealthApp-Mobile/ios/Pods
    /bin/mkdir -p /Users/tungstonlabs/Library/Developer/Xcode/DerivedData/HealthApp-fjgvhltvryzvlufiayyipuiynnzt/Build/Products/Debug-iphoneos/RCT-Folly/RCT-Folly_privacy.bundle

WriteAuxiliaryFile /Users/tungstonlabs/Library/Developer/Xcode/DerivedData/HealthApp-fjgvhltvryzvlufiayyipuiynnzt/Build/Intermediates.noindex/Pods.build/Debug-iphoneos/DoubleConversion.build/Objects-normal/arm64/82b82416624d2658e5098eb0a28c15c5-common-args.resp (in target 'DoubleConversion' from project 'Pods')
    cd /Users/tungstonlabs/Desktop/HealthApp-Mobile/ios/Pods
    write-file /Users/tungstonlabs/Library/Developer/Xcode/DerivedData/HealthApp-fjgvhltvryzvlufiayyipuiynnzt/Build/Intermediates.noindex/Pods.build/Debug-iphoneos/DoubleConversion.build/Objects-normal/arm64/82b82416624d2658e5098eb0a28c15c5-common-args.resp
'-std=c++20' '-stdlib=libc++' -fmodules -fno-cxx-modules '-fmodules-cache-path=/Users/tungstonlabs/Library/Developer/Xcode/DerivedData/ModuleCache.noindex' '-fmodule-name=DoubleConversion' '-D_LIBCPP_HARDENING_MODE=_LIBCPP_HARDENING_MODE_DEBUG' -fpascal-strings -O0 -fno-common '-DPOD_CONFIGURATION_DEBUG=1' '-DDEBUG=1' '-DCOCOAPODS=1' -g -iquote /Users/tungstonlabs/Library/Developer/Xcode/DerivedData/HealthApp-fjgvhltvryzvlufiayyipuiynnzt/Build/Intermediates.noindex/Pods.build/Debug-iphoneos/DoubleConversion.build/DoubleConversion-generated-files.hmap -I/Users/tungstonlabs/Library/Developer/Xcode/DerivedData/HealthApp-fjgvhltvryzvlufiayyipuiynnzt/Build/Intermediates.noindex/Pods.build/Debug-iphoneos/DoubleConversion.build/DoubleConversion-own-target-headers.hmap -I/Users/tungstonlabs/Library/Developer/Xcode/DerivedData/HealthApp-fjgvhltvryzvlufiayyipuiynnzt/Build/Intermediates.noindex/Pods.build/Debug-iphoneos/DoubleConversion.build/DoubleConversion-all-non-framework-target-headers.hmap -ivfsoverlay /Users/tungstonlabs/Library/Developer/Xcode/DerivedData/HealthApp-fjgvhltvryzvlufiayyipuiynnzt/Build/Intermediates.noindex/Pods.build/Debug-iphoneos/Pods-8699adb1dd336b26511df848a716bd42-VFS-iphoneos/all-product-headers.yaml -iquote /Users/tungstonlabs/Library/Developer/Xcode/DerivedData/HealthApp-fjgvhltvryzvlufiayyipuiynnzt/Build/Intermediates.noindex/Pods.build/Debug-iphoneos/DoubleConversion.build/DoubleConversion-project-headers.hmap -I/Users/tungstonlabs/Library/Developer/Xcode/DerivedData/HealthApp-fjgvhltvryzvlufiayyipuiynnzt/Build/Products/Debug-iphoneos/DoubleConversion/include -I/Users/tungstonlabs/Desktop/HealthApp-Mobile/ios/Pods/Headers/Private -I/Users/tungstonlabs/Desktop/HealthApp-Mobile/ios/Pods/Headers/Private/DoubleConversion -I/Users/tungstonlabs/Desktop/HealthApp-Mobile/ios/Pods/Headers/Public -I/Users/tungstonlabs/Desktop/HealthApp-Mobile/ios/Pods/Headers/Public/DoubleConversion -I/Users/tungstonlabs/Library/Developer/Xcode/DerivedData/HealthApp-fjgvhltvryzvlufiayyipuiynnzt/Build/Intermediates.noindex/Pods.build/Debug-iphoneos/DoubleConversion.build/DerivedSources-normal/arm64 -I/Users/tungstonlabs/Library/Developer/Xcode/DerivedData/HealthApp-fjgvhltvryzvlufiayyipuiynnzt/Build/Intermediates.noindex/Pods.build/Debug-iphoneos/DoubleConversion.build/DerivedSources/arm64 -I/Users/tungstonlabs/Library/Developer/Xcode/DerivedData/HealthApp-fjgvhltvryzvlufiayyipuiynnzt/Build/Intermediates.noindex/Pods.build/Debug-iphoneos/DoubleConversion.build/DerivedSources -F/Users/tungstonlabs/Library/Developer/Xcode/DerivedData/HealthApp-fjgvhltvryzvlufiayyipuiynnzt/Build/Products/Debug-iphoneos/DoubleConversion

WriteAuxiliaryFile /Users/tungstonlabs/Library/Developer/Xcode/DerivedData/HealthApp-fjgvhltvryzvlufiayyipuiynnzt/Build/Intermediates.noindex/Pods.build/Debug-iphoneos/DoubleConversion.build/Objects-normal/arm64/DoubleConversion.LinkFileList (in target 'DoubleConversion' from project 'Pods')
    cd /Users/tungstonlabs/Desktop/HealthApp-Mobile/ios/Pods
    write-file /Users/tungstonlabs/Library/Developer/Xcode/DerivedData/HealthApp-fjgvhltvryzvlufiayyipuiynnzt/Build/Intermediates.noindex/Pods.build/Debug-iphoneos/DoubleConversion.build/Objects-normal/arm64/DoubleConversion.LinkFileList

WriteAuxiliaryFile /Users/tungstonlabs/Library/Developer/Xcode/DerivedData/HealthApp-fjgvhltvryzvlufiayyipuiynnzt/Build/Intermediates.noindex/Pods.build/Debug-iphoneos/DoubleConversion.build/Objects-normal/arm64/e6072d4f65d7061329687fe24e3d63a7-common-args.resp (in target 'DoubleConversion' from project 'Pods')
    cd /Users/tungstonlabs/Desktop/HealthApp-Mobile/ios/Pods
    write-file /Users/tungstonlabs/Library/Developer/Xcode/DerivedData/HealthApp-fjgvhltvryzvlufiayyipuiynnzt/Build/Intermediates.noindex/Pods.build/Debug-iphoneos/DoubleConversion.build/Objects-normal/arm64/e6072d4f65d7061329687fe24e3d63a7-common-args.resp
'-std=gnu11' -fobjc-arc -fmodules '-fmodules-cache-path=/Users/tungstonlabs/Library/Developer/Xcode/DerivedData/ModuleCache.noindex' '-fmodule-name=DoubleConversion' -fpascal-strings -O0 -fno-common '-DPOD_CONFIGURATION_DEBUG=1' '-DDEBUG=1' '-DCOCOAPODS=1' '-DOBJC_OLD_DISPATCH_PROTOTYPES=0' -g -iquote /Users/tungstonlabs/Library/Developer/Xcode/DerivedData/HealthApp-fjgvhltvryzvlufiayyipuiynnzt/Build/Intermediates.noindex/Pods.build/Debug-iphoneos/DoubleConversion.build/DoubleConversion-generated-files.hmap -I/Users/tungstonlabs/Library/Developer/Xcode/DerivedData/HealthApp-fjgvhltvryzvlufiayyipuiynnzt/Build/Intermediates.noindex/Pods.build/Debug-iphoneos/DoubleConversion.build/DoubleConversion-own-target-headers.hmap -I/Users/tungstonlabs/Library/Developer/Xcode/DerivedData/HealthApp-fjgvhltvryzvlufiayyipuiynnzt/Build/Intermediates.noindex/Pods.build/Debug-iphoneos/DoubleConversion.build/DoubleConversion-all-non-framework-target-headers.hmap -ivfsoverlay /Users/tungstonlabs/Library/Developer/Xcode/DerivedData/HealthApp-fjgvhltvryzvlufiayyipuiynnzt/Build/Intermediates.noindex/Pods.build/Debug-iphoneos/Pods-8699adb1dd336b26511df848a716bd42-VFS-iphoneos/all-product-headers.yaml -iquote /Users/tungstonlabs/Library/Developer/Xcode/DerivedData/HealthApp-fjgvhltvryzvlufiayyipuiynnzt/Build/Intermediates.noindex/Pods.build/Debug-iphoneos/DoubleConversion.build/DoubleConversion-project-headers.hmap -I/Users/tungstonlabs/Library/Developer/Xcode/DerivedData/HealthApp-fjgvhltvryzvlufiayyipuiynnzt/Build/Products/Debug-iphoneos/DoubleConversion/include -I/Users/tungstonlabs/Desktop/HealthApp-Mobile/ios/Pods/Headers/Private -I/Users/tungstonlabs/Desktop/HealthApp-Mobile/ios/Pods/Headers/Private/DoubleConversion -I/Users/tungstonlabs/Desktop/HealthApp-Mobile/ios/Pods/Headers/Public -I/Users/tungstonlabs/Desktop/HealthApp-Mobile/ios/Pods/Headers/Public/DoubleConversion -I/Users/tungstonlabs/Library/Developer/Xcode/DerivedData/HealthApp-fjgvhltvryzvlufiayyipuiynnzt/Build/Intermediates.noindex/Pods.build/Debug-iphoneos/DoubleConversion.build/DerivedSources-normal/arm64 -I/Users/tungstonlabs/Library/Developer/Xcode/DerivedData/HealthApp-fjgvhltvryzvlufiayyipuiynnzt/Build/Intermediates.noindex/Pods.build/Debug-iphoneos/DoubleConversion.build/DerivedSources/arm64 -I/Users/tungstonlabs/Library/Developer/Xcode/DerivedData/HealthApp-fjgvhltvryzvlufiayyipuiynnzt/Build/Intermediates.noindex/Pods.build/Debug-iphoneos/DoubleConversion.build/DerivedSources -F/Users/tungstonlabs/Library/Developer/Xcode/DerivedData/HealthApp-fjgvhltvryzvlufiayyipuiynnzt/Build/Products/Debug-iphoneos/DoubleConversion

WriteAuxiliaryFile /Users/tungstonlabs/Library/Developer/Xcode/DerivedData/HealthApp-fjgvhltvryzvlufiayyipuiynnzt/Build/Intermediates.noindex/Pods.build/Debug-iphoneos/DoubleConversion.build/DoubleConversion.hmap (in target 'DoubleConversion' from project 'Pods')
    cd /Users/tungstonlabs/Desktop/HealthApp-Mobile/ios/Pods
    write-file /Users/tungstonlabs/Library/Developer/Xcode/DerivedData/HealthApp-fjgvhltvryzvlufiayyipuiynnzt/Build/Intermediates.noindex/Pods.build/Debug-iphoneos/DoubleConversion.build/DoubleConversion.hmap

WriteAuxiliaryFile /Users/tungstonlabs/Library/Developer/Xcode/DerivedData/HealthApp-fjgvhltvryzvlufiayyipuiynnzt/Build/Intermediates.noindex/Pods.build/Debug-iphoneos/DoubleConversion.build/DoubleConversion.DependencyStaticMetadataFileList (in target 'DoubleConversion' from project 'Pods')
    cd /Users/tungstonlabs/Desktop/HealthApp-Mobile/ios/Pods
    write-file /Users/tungstonlabs/Library/Developer/Xcode/DerivedData/HealthApp-fjgvhltvryzvlufiayyipuiynnzt/Build/Intermediates.noindex/Pods.build/Debug-iphoneos/DoubleConversion.build/DoubleConversion.DependencyStaticMetadataFileList

WriteAuxiliaryFile /Users/tungstonlabs/Library/Developer/Xcode/DerivedData/HealthApp-fjgvhltvryzvlufiayyipuiynnzt/Build/Intermediates.noindex/Pods.build/Debug-iphoneos/DoubleConversion.build/DoubleConversion.DependencyMetadataFileList (in target 'DoubleConversion' from project 'Pods')
    cd /Users/tungstonlabs/Desktop/HealthApp-Mobile/ios/Pods
    write-file /Users/tungstonlabs/Library/Developer/Xcode/DerivedData/HealthApp-fjgvhltvryzvlufiayyipuiynnzt/Build/Intermediates.noindex/Pods.build/Debug-iphoneos/DoubleConversion.build/DoubleConversion.DependencyMetadataFileList

WriteAuxiliaryFile /Users/tungstonlabs/Library/Developer/Xcode/DerivedData/HealthApp-fjgvhltvryzvlufiayyipuiynnzt/Build/Intermediates.noindex/Pods.build/Debug-iphoneos/DoubleConversion.build/DoubleConversion-project-headers.hmap (in target 'DoubleConversion' from project 'Pods')
    cd /Users/tungstonlabs/Desktop/HealthApp-Mobile/ios/Pods
    write-file /Users/tungstonlabs/Library/Developer/Xcode/DerivedData/HealthApp-fjgvhltvryzvlufiayyipuiynnzt/Build/Intermediates.noindex/Pods.build/Debug-iphoneos/DoubleConversion.build/DoubleConversion-project-headers.hmap

WriteAuxiliaryFile /Users/tungstonlabs/Library/Developer/Xcode/DerivedData/HealthApp-fjgvhltvryzvlufiayyipuiynnzt/Build/Intermediates.noindex/Pods.build/Debug-iphoneos/DoubleConversion.build/DoubleConversion-own-target-headers.hmap (in target 'DoubleConversion' from project 'Pods')
    cd /Users/tungstonlabs/Desktop/HealthApp-Mobile/ios/Pods
    write-file /Users/tungstonlabs/Library/Developer/Xcode/DerivedData/HealthApp-fjgvhltvryzvlufiayyipuiynnzt/Build/Intermediates.noindex/Pods.build/Debug-iphoneos/DoubleConversion.build/DoubleConversion-own-target-headers.hmap

WriteAuxiliaryFile /Users/tungstonlabs/Library/Developer/Xcode/DerivedData/HealthApp-fjgvhltvryzvlufiayyipuiynnzt/Build/Intermediates.noindex/Pods.build/Debug-iphoneos/DoubleConversion.build/DoubleConversion-generated-files.hmap (in target 'DoubleConversion' from project 'Pods')
    cd /Users/tungstonlabs/Desktop/HealthApp-Mobile/ios/Pods
    write-file /Users/tungstonlabs/Library/Developer/Xcode/DerivedData/HealthApp-fjgvhltvryzvlufiayyipuiynnzt/Build/Intermediates.noindex/Pods.build/Debug-iphoneos/DoubleConversion.build/DoubleConversion-generated-files.hmap

WriteAuxiliaryFile /Users/tungstonlabs/Library/Developer/Xcode/DerivedData/HealthApp-fjgvhltvryzvlufiayyipuiynnzt/Build/Intermediates.noindex/Pods.build/Debug-iphoneos/DoubleConversion.build/DoubleConversion-all-target-headers.hmap (in target 'DoubleConversion' from project 'Pods')
    cd /Users/tungstonlabs/Desktop/HealthApp-Mobile/ios/Pods
    write-file /Users/tungstonlabs/Library/Developer/Xcode/DerivedData/HealthApp-fjgvhltvryzvlufiayyipuiynnzt/Build/Intermediates.noindex/Pods.build/Debug-iphoneos/DoubleConversion.build/DoubleConversion-all-target-headers.hmap

WriteAuxiliaryFile /Users/tungstonlabs/Library/Developer/Xcode/DerivedData/HealthApp-fjgvhltvryzvlufiayyipuiynnzt/Build/Intermediates.noindex/Pods.build/Debug-iphoneos/DoubleConversion.build/DoubleConversion-all-non-framework-target-headers.hmap (in target 'DoubleConversion' from project 'Pods')
    cd /Users/tungstonlabs/Desktop/HealthApp-Mobile/ios/Pods
    write-file /Users/tungstonlabs/Library/Developer/Xcode/DerivedData/HealthApp-fjgvhltvryzvlufiayyipuiynnzt/Build/Intermediates.noindex/Pods.build/Debug-iphoneos/DoubleConversion.build/DoubleConversion-all-non-framework-target-headers.hmap

WriteAuxiliaryFile /Users/tungstonlabs/Library/Developer/Xcode/DerivedData/HealthApp-fjgvhltvryzvlufiayyipuiynnzt/Build/Intermediates.noindex/Pods.build/Debug-iphoneos/BVLinearGradient.build/Objects-normal/arm64/e6072d4f65d7061329687fe24e3d63a7-common-args.resp (in target 'BVLinearGradient' from project 'Pods')
    cd /Users/tungstonlabs/Desktop/HealthApp-Mobile/ios/Pods
    write-file /Users/tungstonlabs/Library/Developer/Xcode/DerivedData/HealthApp-fjgvhltvryzvlufiayyipuiynnzt/Build/Intermediates.noindex/Pods.build/Debug-iphoneos/BVLinearGradient.build/Objects-normal/arm64/e6072d4f65d7061329687fe24e3d63a7-common-args.resp
'-std=gnu11' -fobjc-arc -fobjc-weak -fmodules '-fmodules-cache-path=/Users/tungstonlabs/Library/Developer/Xcode/DerivedData/ModuleCache.noindex' -fpascal-strings -O0 -fno-common '-DPOD_CONFIGURATION_DEBUG=1' '-DDEBUG=1' '-DCOCOAPODS=1' '-DOBJC_OLD_DISPATCH_PROTOTYPES=0' -g -iquote /Users/tungstonlabs/Library/Developer/Xcode/DerivedData/HealthApp-fjgvhltvryzvlufiayyipuiynnzt/Build/Intermediates.noindex/Pods.build/Debug-iphoneos/BVLinearGradient.build/BVLinearGradient-generated-files.hmap -I/Users/tungstonlabs/Library/Developer/Xcode/DerivedData/HealthApp-fjgvhltvryzvlufiayyipuiynnzt/Build/Intermediates.noindex/Pods.build/Debug-iphoneos/BVLinearGradient.build/BVLinearGradient-own-target-headers.hmap -I/Users/tungstonlabs/Library/Developer/Xcode/DerivedData/HealthApp-fjgvhltvryzvlufiayyipuiynnzt/Build/Intermediates.noindex/Pods.build/Debug-iphoneos/BVLinearGradient.build/BVLinearGradient-all-non-framework-target-headers.hmap -ivfsoverlay /Users/tungstonlabs/Library/Developer/Xcode/DerivedData/HealthApp-fjgvhltvryzvlufiayyipuiynnzt/Build/Intermediates.noindex/Pods.build/Debug-iphoneos/Pods-8699adb1dd336b26511df848a716bd42-VFS-iphoneos/all-product-headers.yaml -iquote /Users/tungstonlabs/Library/Developer/Xcode/DerivedData/HealthApp-fjgvhltvryzvlufiayyipuiynnzt/Build/Intermediates.noindex/Pods.build/Debug-iphoneos/BVLinearGradient.build/BVLinearGradient-project-headers.hmap -I/Users/tungstonlabs/Library/Developer/Xcode/DerivedData/HealthApp-fjgvhltvryzvlufiayyipuiynnzt/Build/Products/Debug-iphoneos/BVLinearGradient/include -I/Users/tungstonlabs/Desktop/HealthApp-Mobile/ios/Pods/Headers/Private -I/Users/tungstonlabs/Desktop/HealthApp-Mobile/ios/Pods/Headers/Private/BVLinearGradient -I/Users/tungstonlabs/Desktop/HealthApp-Mobile/ios/Pods/Headers/Public -I/Users/tungstonlabs/Desktop/HealthApp-Mobile/ios/Pods/Headers/Public/BVLinearGradient -I/Users/tungstonlabs/Desktop/HealthApp-Mobile/ios/Pods/Headers/Public/DoubleConversion -I/Users/tungstonlabs/Desktop/HealthApp-Mobile/ios/Pods/Headers/Public/RCT-Folly -I/Users/tungstonlabs/Desktop/HealthApp-Mobile/ios/Pods/Headers/Public/RCTDeprecation -I/Users/tungstonlabs/Desktop/HealthApp-Mobile/ios/Pods/Headers/Public/React-Core -I/Users/tungstonlabs/Desktop/HealthApp-Mobile/ios/Pods/Headers/Public/React-callinvoker -I/Users/tungstonlabs/Desktop/HealthApp-Mobile/ios/Pods/Headers/Public/React-cxxreact -I/Users/tungstonlabs/Desktop/HealthApp-Mobile/ios/Pods/Headers/Public/React-debug -I/Users/tungstonlabs/Desktop/HealthApp-Mobile/ios/Pods/Headers/Public/React-featureflags -I/Users/tungstonlabs/Desktop/HealthApp-Mobile/ios/Pods/Headers/Public/React-hermes -I/Users/tungstonlabs/Desktop/HealthApp-Mobile/ios/Pods/Headers/Public/React-jsi -I/Users/tungstonlabs/Desktop/HealthApp-Mobile/ios/Pods/Headers/Public/React-jsiexecutor -I/Users/tungstonlabs/Desktop/HealthApp-Mobile/ios/Pods/Headers/Public/React-jsinspector -I/Users/tungstonlabs/Desktop/HealthApp-Mobile/ios/Pods/Headers/Public/React-jsinspectorcdp -I/Users/tungstonlabs/Desktop/HealthApp-Mobile/ios/Pods/Headers/Public/React-jsinspectornetwork -I/Users/tungstonlabs/Desktop/HealthApp-Mobile/ios/Pods/Headers/Public/React-jsinspectortracing -I/Users/tungstonlabs/Desktop/HealthApp-Mobile/ios/Pods/Headers/Public/React-jsitooling -I/Users/tungstonlabs/Desktop/HealthApp-Mobile/ios/Pods/Headers/Public/React-logger -I/Users/tungstonlabs/Desktop/HealthApp-Mobile/ios/Pods/Headers/Public/React-oscompat -I/Users/tungstonlabs/Desktop/HealthApp-Mobile/ios/Pods/Headers/Public/React-perflogger -I/Users/tungstonlabs/Desktop/HealthApp-Mobile/ios/Pods/Headers/Public/React-performancetimeline -I/Users/tungstonlabs/Desktop/HealthApp-Mobile/ios/Pods/Headers/Public/React-rendererconsistency -I/Users/tungstonlabs/Desktop/HealthApp-Mobile/ios/Pods/Headers/Public/React-rendererdebug -I/Users/tungstonlabs/Desktop/HealthApp-Mobile/ios/Pods/Headers/Public/React-runtimeexecutor -I/Users/tungstonlabs/Desktop/HealthApp-Mobile/ios/Pods/Headers/Public/React-runtimescheduler -I/Users/tungstonlabs/Desktop/HealthApp-Mobile/ios/Pods/Headers/Public/React-timing -I/Users/tungstonlabs/Desktop/HealthApp-Mobile/ios/Pods/Headers/Public/React-utils -I/Users/tungstonlabs/Desktop/HealthApp-Mobile/ios/Pods/Headers/Public/SocketRocket -I/Users/tungstonlabs/Desktop/HealthApp-Mobile/ios/Pods/Headers/Public/Yoga -I/Users/tungstonlabs/Desktop/HealthApp-Mobile/ios/Pods/Headers/Public/boost -I/Users/tungstonlabs/Desktop/HealthApp-Mobile/ios/Pods/Headers/Public/fast_float -I/Users/tungstonlabs/Desktop/HealthApp-Mobile/ios/Pods/Headers/Public/fmt -I/Users/tungstonlabs/Desktop/HealthApp-Mobile/ios/Pods/Headers/Public/glog -I/Users/tungstonlabs/Desktop/HealthApp-Mobile/ios/Pods/Headers/Public/hermes-engine -I/Users/tungstonlabs/Library/Developer/Xcode/DerivedData/HealthApp-fjgvhltvryzvlufiayyipuiynnzt/Build/Intermediates.noindex/Pods.build/Debug-iphoneos/BVLinearGradient.build/DerivedSources-normal/arm64 -I/Users/tungstonlabs/Library/Developer/Xcode/DerivedData/HealthApp-fjgvhltvryzvlufiayyipuiynnzt/Build/Intermediates.noindex/Pods.build/Debug-iphoneos/BVLinearGradient.build/DerivedSources/arm64 -I/Users/tungstonlabs/Library/Developer/Xcode/DerivedData/HealthApp-fjgvhltvryzvlufiayyipuiynnzt/Build/Intermediates.noindex/Pods.build/Debug-iphoneos/BVLinearGradient.build/DerivedSources -F/Users/tungstonlabs/Library/Developer/Xcode/DerivedData/HealthApp-fjgvhltvryzvlufiayyipuiynnzt/Build/Products/Debug-iphoneos/BVLinearGradient -F/Users/tungstonlabs/Desktop/HealthApp-Mobile/ios/Pods/hermes-engine/destroot/Library/Frameworks/universal -F/Users/tungstonlabs/Library/Developer/Xcode/DerivedData/HealthApp-fjgvhltvryzvlufiayyipuiynnzt/Build/Products/Debug-iphoneos/XCFrameworkIntermediates/hermes-engine/Pre-built '-fmodule-map-file=/Users/tungstonlabs/Desktop/HealthApp-Mobile/ios/Pods/Headers/Public/DoubleConversion/DoubleConversion.modulemap' '-fmodule-map-file=/Users/tungstonlabs/Desktop/HealthApp-Mobile/ios/Pods/Headers/Public/RCTDeprecation/RCTDeprecation.modulemap' '-fmodule-map-file=/Users/tungstonlabs/Desktop/HealthApp-Mobile/ios/Pods/Headers/Public/React/React-Core.modulemap' '-fmodule-map-file=/Users/tungstonlabs/Desktop/HealthApp-Mobile/ios/Pods/Headers/Public/React_runtimeexecutor/React-runtimeexecutor.modulemap' '-fmodule-map-file=/Users/tungstonlabs/Desktop/HealthApp-Mobile/ios/Pods/Headers/Public/SocketRocket/SocketRocket.modulemap' '-fmodule-map-file=/Users/tungstonlabs/Desktop/HealthApp-Mobile/ios/Pods/Headers/Public/fmt/fmt.modulemap' '-fmodule-map-file=/Users/tungstonlabs/Desktop/HealthApp-Mobile/ios/Pods/Headers/Public/folly/RCT-Folly.modulemap' '-fmodule-map-file=/Users/tungstonlabs/Desktop/HealthApp-Mobile/ios/Pods/Headers/Public/glog/glog.modulemap' '-fmodule-map-file=/Users/tungstonlabs/Desktop/HealthApp-Mobile/ios/Pods/Headers/Public/jsi/React-jsi.modulemap' '-fmodule-map-file=/Users/tungstonlabs/Desktop/HealthApp-Mobile/ios/Pods/Headers/Public/jsinspector_modern/React-jsinspector.modulemap' '-fmodule-map-file=/Users/tungstonlabs/Desktop/HealthApp-Mobile/ios/Pods/Headers/Public/jsinspector_modern_cdp/React-jsinspectorcdp.modulemap' '-fmodule-map-file=/Users/tungstonlabs/Desktop/HealthApp-Mobile/ios/Pods/Headers/Public/jsinspector_modern_network/React-jsinspectornetwork.modulemap' '-fmodule-map-file=/Users/tungstonlabs/Desktop/HealthApp-Mobile/ios/Pods/Headers/Public/jsinspector_modern_tracing/React-jsinspectortracing.modulemap' '-fmodule-map-file=/Users/tungstonlabs/Desktop/HealthApp-Mobile/ios/Pods/Headers/Public/react_debug/React-debug.modulemap' '-fmodule-map-file=/Users/tungstonlabs/Desktop/HealthApp-Mobile/ios/Pods/Headers/Public/react_featureflags/React-featureflags.modulemap' '-fmodule-map-file=/Users/tungstonlabs/Desktop/HealthApp-Mobile/ios/Pods/Headers/Public/react_renderer_debug/React-rendererdebug.modulemap' '-fmodule-map-file=/Users/tungstonlabs/Desktop/HealthApp-Mobile/ios/Pods/Headers/Public/react_runtime/React-jsitooling.modulemap' '-fmodule-map-file=/Users/tungstonlabs/Desktop/HealthApp-Mobile/ios/Pods/Headers/Public/react_utils/React-utils.modulemap' '-fmodule-map-file=/Users/tungstonlabs/Desktop/HealthApp-Mobile/ios/Pods/Headers/Public/reacthermes/React-hermes.modulemap' '-fmodule-map-file=/Users/tungstonlabs/Desktop/HealthApp-Mobile/ios/Pods/Headers/Public/yoga/Yoga.modulemap'

WriteAuxiliaryFile /Users/tungstonlabs/Library/Developer/Xcode/DerivedData/HealthApp-fjgvhltvryzvlufiayyipuiynnzt/Build/Intermediates.noindex/Pods.build/Debug-iphoneos/BVLinearGradient.build/Objects-normal/arm64/BVLinearGradient.LinkFileList (in target 'BVLinearGradient' from project 'Pods')
    cd /Users/tungstonlabs/Desktop/HealthApp-Mobile/ios/Pods
    write-file /Users/tungstonlabs/Library/Developer/Xcode/DerivedData/HealthApp-fjgvhltvryzvlufiayyipuiynnzt/Build/Intermediates.noindex/Pods.build/Debug-iphoneos/BVLinearGradient.build/Objects-normal/arm64/BVLinearGradient.LinkFileList

WriteAuxiliaryFile /Users/tungstonlabs/Library/Developer/Xcode/DerivedData/HealthApp-fjgvhltvryzvlufiayyipuiynnzt/Build/Intermediates.noindex/Pods.build/Debug-iphoneos/BVLinearGradient.build/BVLinearGradient.hmap (in target 'BVLinearGradient' from project 'Pods')
    cd /Users/tungstonlabs/Desktop/HealthApp-Mobile/ios/Pods
    write-file /Users/tungstonlabs/Library/Developer/Xcode/DerivedData/HealthApp-fjgvhltvryzvlufiayyipuiynnzt/Build/Intermediates.noindex/Pods.build/Debug-iphoneos/BVLinearGradient.build/BVLinearGradient.hmap

WriteAuxiliaryFile /Users/tungstonlabs/Library/Developer/Xcode/DerivedData/HealthApp-fjgvhltvryzvlufiayyipuiynnzt/Build/Intermediates.noindex/Pods.build/Debug-iphoneos/BVLinearGradient.build/BVLinearGradient.DependencyStaticMetadataFileList (in target 'BVLinearGradient' from project 'Pods')
    cd /Users/tungstonlabs/Desktop/HealthApp-Mobile/ios/Pods
    write-file /Users/tungstonlabs/Library/Developer/Xcode/DerivedData/HealthApp-fjgvhltvryzvlufiayyipuiynnzt/Build/Intermediates.noindex/Pods.build/Debug-iphoneos/BVLinearGradient.build/BVLinearGradient.DependencyStaticMetadataFileList

WriteAuxiliaryFile /Users/tungstonlabs/Library/Developer/Xcode/DerivedData/HealthApp-fjgvhltvryzvlufiayyipuiynnzt/Build/Intermediates.noindex/Pods.build/Debug-iphoneos/BVLinearGradient.build/BVLinearGradient.DependencyMetadataFileList (in target 'BVLinearGradient' from project 'Pods')
    cd /Users/tungstonlabs/Desktop/HealthApp-Mobile/ios/Pods
    write-file /Users/tungstonlabs/Library/Developer/Xcode/DerivedData/HealthApp-fjgvhltvryzvlufiayyipuiynnzt/Build/Intermediates.noindex/Pods.build/Debug-iphoneos/BVLinearGradient.build/BVLinearGradient.DependencyMetadataFileList

WriteAuxiliaryFile /Users/tungstonlabs/Library/Developer/Xcode/DerivedData/HealthApp-fjgvhltvryzvlufiayyipuiynnzt/Build/Intermediates.noindex/Pods.build/Debug-iphoneos/BVLinearGradient.build/BVLinearGradient-project-headers.hmap (in target 'BVLinearGradient' from project 'Pods')
    cd /Users/tungstonlabs/Desktop/HealthApp-Mobile/ios/Pods
    write-file /Users/tungstonlabs/Library/Developer/Xcode/DerivedData/HealthApp-fjgvhltvryzvlufiayyipuiynnzt/Build/Intermediates.noindex/Pods.build/Debug-iphoneos/BVLinearGradient.build/BVLinearGradient-project-headers.hmap

WriteAuxiliaryFile /Users/tungstonlabs/Library/Developer/Xcode/DerivedData/HealthApp-fjgvhltvryzvlufiayyipuiynnzt/Build/Intermediates.noindex/Pods.build/Debug-iphoneos/BVLinearGradient.build/BVLinearGradient-own-target-headers.hmap (in target 'BVLinearGradient' from project 'Pods')
    cd /Users/tungstonlabs/Desktop/HealthApp-Mobile/ios/Pods
    write-file /Users/tungstonlabs/Library/Developer/Xcode/DerivedData/HealthApp-fjgvhltvryzvlufiayyipuiynnzt/Build/Intermediates.noindex/Pods.build/Debug-iphoneos/BVLinearGradient.build/BVLinearGradient-own-target-headers.hmap

WriteAuxiliaryFile /Users/tungstonlabs/Library/Developer/Xcode/DerivedData/HealthApp-fjgvhltvryzvlufiayyipuiynnzt/Build/Intermediates.noindex/Pods.build/Debug-iphoneos/BVLinearGradient.build/BVLinearGradient-generated-files.hmap (in target 'BVLinearGradient' from project 'Pods')
    cd /Users/tungstonlabs/Desktop/HealthApp-Mobile/ios/Pods
    write-file /Users/tungstonlabs/Library/Developer/Xcode/DerivedData/HealthApp-fjgvhltvryzvlufiayyipuiynnzt/Build/Intermediates.noindex/Pods.build/Debug-iphoneos/BVLinearGradient.build/BVLinearGradient-generated-files.hmap

WriteAuxiliaryFile /Users/tungstonlabs/Library/Developer/Xcode/DerivedData/HealthApp-fjgvhltvryzvlufiayyipuiynnzt/Build/Intermediates.noindex/Pods.build/Debug-iphoneos/BVLinearGradient.build/BVLinearGradient-all-target-headers.hmap (in target 'BVLinearGradient' from project 'Pods')
    cd /Users/tungstonlabs/Desktop/HealthApp-Mobile/ios/Pods
    write-file /Users/tungstonlabs/Library/Developer/Xcode/DerivedData/HealthApp-fjgvhltvryzvlufiayyipuiynnzt/Build/Intermediates.noindex/Pods.build/Debug-iphoneos/BVLinearGradient.build/BVLinearGradient-all-target-headers.hmap

WriteAuxiliaryFile /Users/tungstonlabs/Library/Developer/Xcode/DerivedData/HealthApp-fjgvhltvryzvlufiayyipuiynnzt/Build/Intermediates.noindex/Pods.build/Debug-iphoneos/BVLinearGradient.build/BVLinearGradient-all-non-framework-target-headers.hmap (in target 'BVLinearGradient' from project 'Pods')
    cd /Users/tungstonlabs/Desktop/HealthApp-Mobile/ios/Pods
    write-file /Users/tungstonlabs/Library/Developer/Xcode/DerivedData/HealthApp-fjgvhltvryzvlufiayyipuiynnzt/Build/Intermediates.noindex/Pods.build/Debug-iphoneos/BVLinearGradient.build/BVLinearGradient-all-non-framework-target-headers.hmap

Touch /Users/tungstonlabs/Library/Developer/Xcode/DerivedData/HealthApp-fjgvhltvryzvlufiayyipuiynnzt/Build/Products/Debug-iphoneos/boost/boost_privacy.bundle (in target 'boost-boost_privacy' from project 'Pods')
    cd /Users/tungstonlabs/Desktop/HealthApp-Mobile/ios/Pods
    /usr/bin/touch -c /Users/tungstonlabs/Library/Developer/Xcode/DerivedData/HealthApp-fjgvhltvryzvlufiayyipuiynnzt/Build/Products/Debug-iphoneos/boost/boost_privacy.bundle

RegisterExecutionPolicyException /Users/tungstonlabs/Library/Developer/Xcode/DerivedData/HealthApp-fjgvhltvryzvlufiayyipuiynnzt/Build/Products/Debug-iphoneos/React-cxxreact/React-cxxreact_privacy.bundle (in target 'React-cxxreact-React-cxxreact_privacy' from project 'Pods')
    cd /Users/tungstonlabs/Desktop/HealthApp-Mobile/ios/Pods
    builtin-RegisterExecutionPolicyException /Users/tungstonlabs/Library/Developer/Xcode/DerivedData/HealthApp-fjgvhltvryzvlufiayyipuiynnzt/Build/Products/Debug-iphoneos/React-cxxreact/React-cxxreact_privacy.bundle

ProcessInfoPlistFile /Users/tungstonlabs/Library/Developer/Xcode/DerivedData/HealthApp-fjgvhltvryzvlufiayyipuiynnzt/Build/Products/Debug-iphoneos/React-Core/React-Core_privacy.bundle/Info.plist /Users/tungstonlabs/Desktop/HealthApp-Mobile/ios/Pods/Target\ Support\ Files/React-Core/ResourceBundle-React-Core_privacy-React-Core-Info.plist (in target 'React-Core-React-Core_privacy' from project 'Pods')
    cd /Users/tungstonlabs/Desktop/HealthApp-Mobile/ios/Pods
    builtin-infoPlistUtility /Users/tungstonlabs/Desktop/HealthApp-Mobile/ios/Pods/Target\ Support\ Files/React-Core/ResourceBundle-React-Core_privacy-React-Core-Info.plist -producttype com.apple.product-type.bundle -expandbuildsettings -format binary -platform iphoneos -requiredArchitecture arm64 -o /Users/tungstonlabs/Library/Developer/Xcode/DerivedData/HealthApp-fjgvhltvryzvlufiayyipuiynnzt/Build/Products/Debug-iphoneos/React-Core/React-Core_privacy.bundle/Info.plist

CpResource /Users/tungstonlabs/Library/Developer/Xcode/DerivedData/HealthApp-fjgvhltvryzvlufiayyipuiynnzt/Build/Products/Debug-iphoneos/React-Core/React-Core_privacy.bundle/PrivacyInfo.xcprivacy /Users/tungstonlabs/Desktop/HealthApp-Mobile/node_modules/react-native/React/Resources/PrivacyInfo.xcprivacy (in target 'React-Core-React-Core_privacy' from project 'Pods')
    cd /Users/tungstonlabs/Desktop/HealthApp-Mobile/ios/Pods
    builtin-copy -exclude .DS_Store -exclude CVS -exclude .svn -exclude .git -exclude .hg -resolve-src-symlinks /Users/tungstonlabs/Desktop/HealthApp-Mobile/node_modules/react-native/React/Resources/PrivacyInfo.xcprivacy /Users/tungstonlabs/Library/Developer/Xcode/DerivedData/HealthApp-fjgvhltvryzvlufiayyipuiynnzt/Build/Products/Debug-iphoneos/React-Core/React-Core_privacy.bundle

ProcessInfoPlistFile /Users/tungstonlabs/Library/Developer/Xcode/DerivedData/HealthApp-fjgvhltvryzvlufiayyipuiynnzt/Build/Products/Debug-iphoneos/RNSVG/RNSVGFilters.bundle/Info.plist /Users/tungstonlabs/Desktop/HealthApp-Mobile/ios/Pods/Target\ Support\ Files/RNSVG/ResourceBundle-RNSVGFilters-RNSVG-Info.plist (in target 'RNSVG-RNSVGFilters' from project 'Pods')
    cd /Users/tungstonlabs/Desktop/HealthApp-Mobile/ios/Pods
    builtin-infoPlistUtility /Users/tungstonlabs/Desktop/HealthApp-Mobile/ios/Pods/Target\ Support\ Files/RNSVG/ResourceBundle-RNSVGFilters-RNSVG-Info.plist -producttype com.apple.product-type.bundle -expandbuildsettings -format binary -platform iphoneos -requiredArchitecture arm64 -o /Users/tungstonlabs/Library/Developer/Xcode/DerivedData/HealthApp-fjgvhltvryzvlufiayyipuiynnzt/Build/Products/Debug-iphoneos/RNSVG/RNSVGFilters.bundle/Info.plist

CpResource /Users/tungstonlabs/Library/Developer/Xcode/DerivedData/HealthApp-fjgvhltvryzvlufiayyipuiynnzt/Build/Products/Debug-iphoneos/RNSVG/RNSVGFilters.bundle/RNSVGCompositeXor.iphoneos.metallib /Users/tungstonlabs/Desktop/HealthApp-Mobile/node_modules/react-native-svg/apple/Filters/MetalCI/RNSVGCompositeXor.iphoneos.metallib (in target 'RNSVG-RNSVGFilters' from project 'Pods')
    cd /Users/tungstonlabs/Desktop/HealthApp-Mobile/ios/Pods
    builtin-copy -exclude .DS_Store -exclude CVS -exclude .svn -exclude .git -exclude .hg -resolve-src-symlinks /Users/tungstonlabs/Desktop/HealthApp-Mobile/node_modules/react-native-svg/apple/Filters/MetalCI/RNSVGCompositeXor.iphoneos.metallib /Users/tungstonlabs/Library/Developer/Xcode/DerivedData/HealthApp-fjgvhltvryzvlufiayyipuiynnzt/Build/Products/Debug-iphoneos/RNSVG/RNSVGFilters.bundle

CpResource /Users/tungstonlabs/Library/Developer/Xcode/DerivedData/HealthApp-fjgvhltvryzvlufiayyipuiynnzt/Build/Products/Debug-iphoneos/RNSVG/RNSVGFilters.bundle/RNSVGArithmeticFilter.iphoneos.metallib /Users/tungstonlabs/Desktop/HealthApp-Mobile/node_modules/react-native-svg/apple/Filters/MetalCI/RNSVGArithmeticFilter.iphoneos.metallib (in target 'RNSVG-RNSVGFilters' from project 'Pods')
    cd /Users/tungstonlabs/Desktop/HealthApp-Mobile/ios/Pods
    builtin-copy -exclude .DS_Store -exclude CVS -exclude .svn -exclude .git -exclude .hg -resolve-src-symlinks /Users/tungstonlabs/Desktop/HealthApp-Mobile/node_modules/react-native-svg/apple/Filters/MetalCI/RNSVGArithmeticFilter.iphoneos.metallib /Users/tungstonlabs/Library/Developer/Xcode/DerivedData/HealthApp-fjgvhltvryzvlufiayyipuiynnzt/Build/Products/Debug-iphoneos/RNSVG/RNSVGFilters.bundle

ProcessInfoPlistFile /Users/tungstonlabs/Library/Developer/Xcode/DerivedData/HealthApp-fjgvhltvryzvlufiayyipuiynnzt/Build/Products/Debug-iphoneos/RNCAsyncStorage/RNCAsyncStorage_resources.bundle/Info.plist /Users/tungstonlabs/Desktop/HealthApp-Mobile/ios/Pods/Target\ Support\ Files/RNCAsyncStorage/ResourceBundle-RNCAsyncStorage_resources-RNCAsyncStorage-Info.plist (in target 'RNCAsyncStorage-RNCAsyncStorage_resources' from project 'Pods')
    cd /Users/tungstonlabs/Desktop/HealthApp-Mobile/ios/Pods
    builtin-infoPlistUtility /Users/tungstonlabs/Desktop/HealthApp-Mobile/ios/Pods/Target\ Support\ Files/RNCAsyncStorage/ResourceBundle-RNCAsyncStorage_resources-RNCAsyncStorage-Info.plist -producttype com.apple.product-type.bundle -expandbuildsettings -format binary -platform iphoneos -requiredArchitecture arm64 -o /Users/tungstonlabs/Library/Developer/Xcode/DerivedData/HealthApp-fjgvhltvryzvlufiayyipuiynnzt/Build/Products/Debug-iphoneos/RNCAsyncStorage/RNCAsyncStorage_resources.bundle/Info.plist

CpResource /Users/tungstonlabs/Library/Developer/Xcode/DerivedData/HealthApp-fjgvhltvryzvlufiayyipuiynnzt/Build/Products/Debug-iphoneos/RNCAsyncStorage/RNCAsyncStorage_resources.bundle/PrivacyInfo.xcprivacy /Users/tungstonlabs/Desktop/HealthApp-Mobile/node_modules/@react-native-async-storage/async-storage/ios/PrivacyInfo.xcprivacy (in target 'RNCAsyncStorage-RNCAsyncStorage_resources' from project 'Pods')
    cd /Users/tungstonlabs/Desktop/HealthApp-Mobile/ios/Pods
    builtin-copy -exclude .DS_Store -exclude CVS -exclude .svn -exclude .git -exclude .hg -resolve-src-symlinks /Users/tungstonlabs/Desktop/HealthApp-Mobile/node_modules/@react-native-async-storage/async-storage/ios/PrivacyInfo.xcprivacy /Users/tungstonlabs/Library/Developer/Xcode/DerivedData/HealthApp-fjgvhltvryzvlufiayyipuiynnzt/Build/Products/Debug-iphoneos/RNCAsyncStorage/RNCAsyncStorage_resources.bundle

RegisterExecutionPolicyException /Users/tungstonlabs/Library/Developer/Xcode/DerivedData/HealthApp-fjgvhltvryzvlufiayyipuiynnzt/Build/Products/Debug-iphoneos/React-Core/React-Core_privacy.bundle (in target 'React-Core-React-Core_privacy' from project 'Pods')
    cd /Users/tungstonlabs/Desktop/HealthApp-Mobile/ios/Pods
    builtin-RegisterExecutionPolicyException /Users/tungstonlabs/Library/Developer/Xcode/DerivedData/HealthApp-fjgvhltvryzvlufiayyipuiynnzt/Build/Products/Debug-iphoneos/React-Core/React-Core_privacy.bundle

ProcessInfoPlistFile /Users/tungstonlabs/Library/Developer/Xcode/DerivedData/HealthApp-fjgvhltvryzvlufiayyipuiynnzt/Build/Products/Debug-iphoneos/RCT-Folly/RCT-Folly_privacy.bundle/Info.plist /Users/tungstonlabs/Desktop/HealthApp-Mobile/ios/Pods/Target\ Support\ Files/RCT-Folly/ResourceBundle-RCT-Folly_privacy-RCT-Folly-Info.plist (in target 'RCT-Folly-RCT-Folly_privacy' from project 'Pods')
    cd /Users/tungstonlabs/Desktop/HealthApp-Mobile/ios/Pods
    builtin-infoPlistUtility /Users/tungstonlabs/Desktop/HealthApp-Mobile/ios/Pods/Target\ Support\ Files/RCT-Folly/ResourceBundle-RCT-Folly_privacy-RCT-Folly-Info.plist -producttype com.apple.product-type.bundle -expandbuildsettings -format binary -platform iphoneos -requiredArchitecture arm64 -o /Users/tungstonlabs/Library/Developer/Xcode/DerivedData/HealthApp-fjgvhltvryzvlufiayyipuiynnzt/Build/Products/Debug-iphoneos/RCT-Folly/RCT-Folly_privacy.bundle/Info.plist

RegisterExecutionPolicyException /Users/tungstonlabs/Library/Developer/Xcode/DerivedData/HealthApp-fjgvhltvryzvlufiayyipuiynnzt/Build/Products/Debug-iphoneos/RNCAsyncStorage/RNCAsyncStorage_resources.bundle (in target 'RNCAsyncStorage-RNCAsyncStorage_resources' from project 'Pods')
    cd /Users/tungstonlabs/Desktop/HealthApp-Mobile/ios/Pods
    builtin-RegisterExecutionPolicyException /Users/tungstonlabs/Library/Developer/Xcode/DerivedData/HealthApp-fjgvhltvryzvlufiayyipuiynnzt/Build/Products/Debug-iphoneos/RNCAsyncStorage/RNCAsyncStorage_resources.bundle

RegisterExecutionPolicyException /Users/tungstonlabs/Library/Developer/Xcode/DerivedData/HealthApp-fjgvhltvryzvlufiayyipuiynnzt/Build/Products/Debug-iphoneos/RNSVG/RNSVGFilters.bundle (in target 'RNSVG-RNSVGFilters' from project 'Pods')
    cd /Users/tungstonlabs/Desktop/HealthApp-Mobile/ios/Pods
    builtin-RegisterExecutionPolicyException /Users/tungstonlabs/Library/Developer/Xcode/DerivedData/HealthApp-fjgvhltvryzvlufiayyipuiynnzt/Build/Products/Debug-iphoneos/RNSVG/RNSVGFilters.bundle

RegisterExecutionPolicyException /Users/tungstonlabs/Library/Developer/Xcode/DerivedData/HealthApp-fjgvhltvryzvlufiayyipuiynnzt/Build/Products/Debug-iphoneos/RCT-Folly/RCT-Folly_privacy.bundle (in target 'RCT-Folly-RCT-Folly_privacy' from project 'Pods')
    cd /Users/tungstonlabs/Desktop/HealthApp-Mobile/ios/Pods
    builtin-RegisterExecutionPolicyException /Users/tungstonlabs/Library/Developer/Xcode/DerivedData/HealthApp-fjgvhltvryzvlufiayyipuiynnzt/Build/Products/Debug-iphoneos/RCT-Folly/RCT-Folly_privacy.bundle

Touch /Users/tungstonlabs/Library/Developer/Xcode/DerivedData/HealthApp-fjgvhltvryzvlufiayyipuiynnzt/Build/Products/Debug-iphoneos/React-cxxreact/React-cxxreact_privacy.bundle (in target 'React-cxxreact-React-cxxreact_privacy' from project 'Pods')
    cd /Users/tungstonlabs/Desktop/HealthApp-Mobile/ios/Pods
    /usr/bin/touch -c /Users/tungstonlabs/Library/Developer/Xcode/DerivedData/HealthApp-fjgvhltvryzvlufiayyipuiynnzt/Build/Products/Debug-iphoneos/React-cxxreact/React-cxxreact_privacy.bundle

Touch /Users/tungstonlabs/Library/Developer/Xcode/DerivedData/HealthApp-fjgvhltvryzvlufiayyipuiynnzt/Build/Products/Debug-iphoneos/React-Core/React-Core_privacy.bundle (in target 'React-Core-React-Core_privacy' from project 'Pods')
    cd /Users/tungstonlabs/Desktop/HealthApp-Mobile/ios/Pods
    /usr/bin/touch -c /Users/tungstonlabs/Library/Developer/Xcode/DerivedData/HealthApp-fjgvhltvryzvlufiayyipuiynnzt/Build/Products/Debug-iphoneos/React-Core/React-Core_privacy.bundle

Touch /Users/tungstonlabs/Library/Developer/Xcode/DerivedData/HealthApp-fjgvhltvryzvlufiayyipuiynnzt/Build/Products/Debug-iphoneos/RNCAsyncStorage/RNCAsyncStorage_resources.bundle (in target 'RNCAsyncStorage-RNCAsyncStorage_resources' from project 'Pods')
    cd /Users/tungstonlabs/Desktop/HealthApp-Mobile/ios/Pods
    /usr/bin/touch -c /Users/tungstonlabs/Library/Developer/Xcode/DerivedData/HealthApp-fjgvhltvryzvlufiayyipuiynnzt/Build/Products/Debug-iphoneos/RNCAsyncStorage/RNCAsyncStorage_resources.bundle

Touch /Users/tungstonlabs/Library/Developer/Xcode/DerivedData/HealthApp-fjgvhltvryzvlufiayyipuiynnzt/Build/Products/Debug-iphoneos/RNSVG/RNSVGFilters.bundle (in target 'RNSVG-RNSVGFilters' from project 'Pods')
    cd /Users/tungstonlabs/Desktop/HealthApp-Mobile/ios/Pods
    /usr/bin/touch -c /Users/tungstonlabs/Library/Developer/Xcode/DerivedData/HealthApp-fjgvhltvryzvlufiayyipuiynnzt/Build/Products/Debug-iphoneos/RNSVG/RNSVGFilters.bundle

Touch /Users/tungstonlabs/Library/Developer/Xcode/DerivedData/HealthApp-fjgvhltvryzvlufiayyipuiynnzt/Build/Products/Debug-iphoneos/RCT-Folly/RCT-Folly_privacy.bundle (in target 'RCT-Folly-RCT-Folly_privacy' from project 'Pods')
    cd /Users/tungstonlabs/Desktop/HealthApp-Mobile/ios/Pods
    /usr/bin/touch -c /Users/tungstonlabs/Library/Developer/Xcode/DerivedData/HealthApp-fjgvhltvryzvlufiayyipuiynnzt/Build/Products/Debug-iphoneos/RCT-Folly/RCT-Folly_privacy.bundle

CompileC /Users/tungstonlabs/Library/Developer/Xcode/DerivedData/HealthApp-fjgvhltvryzvlufiayyipuiynnzt/Build/Intermediates.noindex/Pods.build/Debug-iphoneos/glog.build/Objects-normal/arm64/vlog_is_on.o /Users/tungstonlabs/Desktop/HealthApp-Mobile/ios/Pods/glog/src/vlog_is_on.cc normal arm64 c++ com.apple.compilers.llvm.clang.1_0.compiler (in target 'glog' from project 'Pods')
    cd /Users/tungstonlabs/Desktop/HealthApp-Mobile/ios/Pods
    
    Using response file: /Users/tungstonlabs/Library/Developer/Xcode/DerivedData/HealthApp-fjgvhltvryzvlufiayyipuiynnzt/Build/Intermediates.noindex/Pods.build/Debug-iphoneos/glog.build/Objects-normal/arm64/82b82416624d2658e5098eb0a28c15c5-common-args.resp
    
    /Applications/Xcode-26.app/Contents/Developer/Toolchains/XcodeDefault.xctoolchain/usr/bin/clang -x c++ -ivfsstatcache /Users/tungstonlabs/Library/Developer/Xcode/DerivedData/SDKStatCaches.noindex/iphoneos26.4-23E252-a54fe942f21fdc709edd8fd1a4d02c01.sdkstatcache -target arm64-apple-ios15.1 -fmessage-length\=0 -fdiagnostics-show-note-include-stack -fmacro-backtrace-limit\=0 -fno-color-diagnostics -fmodules-prune-interval\=86400 -fmodules-prune-after\=345600 -fbuild-session-file\=/Users/tungstonlabs/Library/Developer/Xcode/DerivedData/ModuleCache.noindex/Session.modulevalidation -fmodules-validate-once-per-build-session -Wnon-modular-include-in-framework-module -Werror\=non-modular-include-in-framework-module -Wno-trigraphs -Wno-missing-field-initializers -Wno-missing-prototypes -Werror\=return-type -Wdocumentation -Wunreachable-code -Werror\=deprecated-objc-isa-usage -Werror\=objc-root-class -Wno-non-virtual-dtor -Wno-overloaded-virtual -Wno-exit-time-destructors -Wno-missing-braces -Wparentheses -Wswitch -Wunused-function -Wno-unused-label -Wno-unused-parameter -Wunused-variable -Wunused-value -Wempty-body -Wuninitialized -Wconditional-uninitialized -Wno-unknown-pragmas -w -Wno-shadow -Wno-four-char-constants -Wno-conversion -Wconstant-conversion -Wint-conversion -Wbool-conversion -Wenum-conversion -Wno-float-conversion -Wnon-literal-null-conversion -Wobjc-literal-conversion -Wshorten-64-to-32 -Wno-newline-eof -Wno-c++11-extensions -Wno-implicit-fallthrough -isysroot /Applications/Xcode-26.app/Contents/Developer/Platforms/iPhoneOS.platform/Developer/SDKs/iPhoneOS26.4.sdk -fstrict-aliasing -Wdeprecated-declarations -Winvalid-offsetof -Wno-sign-conversion -Winfinite-recursion -Wmove -Wcomma -Wblock-capture-autoreleasing -Wstrict-prototypes -Wrange-loop-analysis -Wno-semicolon-before-method-body -Wunguarded-availability -index-store-path /Users/tungstonlabs/Library/Developer/Xcode/DerivedData/HealthApp-fjgvhltvryzvlufiayyipuiynnzt/Index.noindex/DataStore @/Users/tungstonlabs/Library/Developer/Xcode/DerivedData/HealthApp-fjgvhltvryzvlufiayyipuiynnzt/Build/Intermediates.noindex/Pods.build/Debug-iphoneos/glog.build/Objects-normal/arm64/82b82416624d2658e5098eb0a28c15c5-common-args.resp -Wno-shorten-64-to-32 -include /Users/tungstonlabs/Desktop/HealthApp-Mobile/ios/Pods/Target\ Support\ Files/glog/glog-prefix.pch -MMD -MT dependencies -MF /Users/tungstonlabs/Library/Developer/Xcode/DerivedData/HealthApp-fjgvhltvryzvlufiayyipuiynnzt/Build/Intermediates.noindex/Pods.build/Debug-iphoneos/glog.build/Objects-normal/arm64/vlog_is_on.d --serialize-diagnostics /Users/tungstonlabs/Library/Developer/Xcode/DerivedData/HealthApp-fjgvhltvryzvlufiayyipuiynnzt/Build/Intermediates.noindex/Pods.build/Debug-iphoneos/glog.build/Objects-normal/arm64/vlog_is_on.dia -c /Users/tungstonlabs/Desktop/HealthApp-Mobile/ios/Pods/glog/src/vlog_is_on.cc -o /Users/tungstonlabs/Library/Developer/Xcode/DerivedData/HealthApp-fjgvhltvryzvlufiayyipuiynnzt/Build/Intermediates.noindex/Pods.build/Debug-iphoneos/glog.build/Objects-normal/arm64/vlog_is_on.o -index-unit-output-path /Pods.build/Debug-iphoneos/glog.build/Objects-normal/arm64/vlog_is_on.o

CompileC /Users/tungstonlabs/Library/Developer/Xcode/DerivedData/HealthApp-fjgvhltvryzvlufiayyipuiynnzt/Build/Intermediates.noindex/Pods.build/Debug-iphoneos/glog.build/Objects-normal/arm64/utilities.o /Users/tungstonlabs/Desktop/HealthApp-Mobile/ios/Pods/glog/src/utilities.cc normal arm64 c++ com.apple.compilers.llvm.clang.1_0.compiler (in target 'glog' from project 'Pods')
    cd /Users/tungstonlabs/Desktop/HealthApp-Mobile/ios/Pods
    
    Using response file: /Users/tungstonlabs/Library/Developer/Xcode/DerivedData/HealthApp-fjgvhltvryzvlufiayyipuiynnzt/Build/Intermediates.noindex/Pods.build/Debug-iphoneos/glog.build/Objects-normal/arm64/82b82416624d2658e5098eb0a28c15c5-common-args.resp
    
    /Applications/Xcode-26.app/Contents/Developer/Toolchains/XcodeDefault.xctoolchain/usr/bin/clang -x c++ -ivfsstatcache /Users/tungstonlabs/Library/Developer/Xcode/DerivedData/SDKStatCaches.noindex/iphoneos26.4-23E252-a54fe942f21fdc709edd8fd1a4d02c01.sdkstatcache -target arm64-apple-ios15.1 -fmessage-length\=0 -fdiagnostics-show-note-include-stack -fmacro-backtrace-limit\=0 -fno-color-diagnostics -fmodules-prune-interval\=86400 -fmodules-prune-after\=345600 -fbuild-session-file\=/Users/tungstonlabs/Library/Developer/Xcode/DerivedData/ModuleCache.noindex/Session.modulevalidation -fmodules-validate-once-per-build-session -Wnon-modular-include-in-framework-module -Werror\=non-modular-include-in-framework-module -Wno-trigraphs -Wno-missing-field-initializers -Wno-missing-prototypes -Werror\=return-type -Wdocumentation -Wunreachable-code -Werror\=deprecated-objc-isa-usage -Werror\=objc-root-class -Wno-non-virtual-dtor -Wno-overloaded-virtual -Wno-exit-time-destructors -Wno-missing-braces -Wparentheses -Wswitch -Wunused-function -Wno-unused-label -Wno-unused-parameter -Wunused-variable -Wunused-value -Wempty-body -Wuninitialized -Wconditional-uninitialized -Wno-unknown-pragmas -w -Wno-shadow -Wno-four-char-constants -Wno-conversion -Wconstant-conversion -Wint-conversion -Wbool-conversion -Wenum-conversion -Wno-float-conversion -Wnon-literal-null-conversion -Wobjc-literal-conversion -Wshorten-64-to-32 -Wno-newline-eof -Wno-c++11-extensions -Wno-implicit-fallthrough -isysroot /Applications/Xcode-26.app/Contents/Developer/Platforms/iPhoneOS.platform/Developer/SDKs/iPhoneOS26.4.sdk -fstrict-aliasing -Wdeprecated-declarations -Winvalid-offsetof -Wno-sign-conversion -Winfinite-recursion -Wmove -Wcomma -Wblock-capture-autoreleasing -Wstrict-prototypes -Wrange-loop-analysis -Wno-semicolon-before-method-body -Wunguarded-availability -index-store-path /Users/tungstonlabs/Library/Developer/Xcode/DerivedData/HealthApp-fjgvhltvryzvlufiayyipuiynnzt/Index.noindex/DataStore @/Users/tungstonlabs/Library/Developer/Xcode/DerivedData/HealthApp-fjgvhltvryzvlufiayyipuiynnzt/Build/Intermediates.noindex/Pods.build/Debug-iphoneos/glog.build/Objects-normal/arm64/82b82416624d2658e5098eb0a28c15c5-common-args.resp -Wno-shorten-64-to-32 -include /Users/tungstonlabs/Desktop/HealthApp-Mobile/ios/Pods/Target\ Support\ Files/glog/glog-prefix.pch -MMD -MT dependencies -MF /Users/tungstonlabs/Library/Developer/Xcode/DerivedData/HealthApp-fjgvhltvryzvlufiayyipuiynnzt/Build/Intermediates.noindex/Pods.build/Debug-iphoneos/glog.build/Objects-normal/arm64/utilities.d --serialize-diagnostics /Users/tungstonlabs/Library/Developer/Xcode/DerivedData/HealthApp-fjgvhltvryzvlufiayyipuiynnzt/Build/Intermediates.noindex/Pods.build/Debug-iphoneos/glog.build/Objects-normal/arm64/utilities.dia -c /Users/tungstonlabs/Desktop/HealthApp-Mobile/ios/Pods/glog/src/utilities.cc -o /Users/tungstonlabs/Library/Developer/Xcode/DerivedData/HealthApp-fjgvhltvryzvlufiayyipuiynnzt/Build/Intermediates.noindex/Pods.build/Debug-iphoneos/glog.build/Objects-normal/arm64/utilities.o -index-unit-output-path /Pods.build/Debug-iphoneos/glog.build/Objects-normal/arm64/utilities.o

CompileC /Users/tungstonlabs/Library/Developer/Xcode/DerivedData/HealthApp-fjgvhltvryzvlufiayyipuiynnzt/Build/Intermediates.noindex/Pods.build/Debug-iphoneos/glog.build/Objects-normal/arm64/raw_logging.o /Users/tungstonlabs/Desktop/HealthApp-Mobile/ios/Pods/glog/src/raw_logging.cc normal arm64 c++ com.apple.compilers.llvm.clang.1_0.compiler (in target 'glog' from project 'Pods')
    cd /Users/tungstonlabs/Desktop/HealthApp-Mobile/ios/Pods
    
    Using response file: /Users/tungstonlabs/Library/Developer/Xcode/DerivedData/HealthApp-fjgvhltvryzvlufiayyipuiynnzt/Build/Intermediates.noindex/Pods.build/Debug-iphoneos/glog.build/Objects-normal/arm64/82b82416624d2658e5098eb0a28c15c5-common-args.resp
    
    /Applications/Xcode-26.app/Contents/Developer/Toolchains/XcodeDefault.xctoolchain/usr/bin/clang -x c++ -ivfsstatcache /Users/tungstonlabs/Library/Developer/Xcode/DerivedData/SDKStatCaches.noindex/iphoneos26.4-23E252-a54fe942f21fdc709edd8fd1a4d02c01.sdkstatcache -target arm64-apple-ios15.1 -fmessage-length\=0 -fdiagnostics-show-note-include-stack -fmacro-backtrace-limit\=0 -fno-color-diagnostics -fmodules-prune-interval\=86400 -fmodules-prune-after\=345600 -fbuild-session-file\=/Users/tungstonlabs/Library/Developer/Xcode/DerivedData/ModuleCache.noindex/Session.modulevalidation -fmodules-validate-once-per-build-session -Wnon-modular-include-in-framework-module -Werror\=non-modular-include-in-framework-module -Wno-trigraphs -Wno-missing-field-initializers -Wno-missing-prototypes -Werror\=return-type -Wdocumentation -Wunreachable-code -Werror\=deprecated-objc-isa-usage -Werror\=objc-root-class -Wno-non-virtual-dtor -Wno-overloaded-virtual -Wno-exit-time-destructors -Wno-missing-braces -Wparentheses -Wswitch -Wunused-function -Wno-unused-label -Wno-unused-parameter -Wunused-variable -Wunused-value -Wempty-body -Wuninitialized -Wconditional-uninitialized -Wno-unknown-pragmas -w -Wno-shadow -Wno-four-char-constants -Wno-conversion -Wconstant-conversion -Wint-conversion -Wbool-conversion -Wenum-conversion -Wno-float-conversion -Wnon-literal-null-conversion -Wobjc-literal-conversion -Wshorten-64-to-32 -Wno-newline-eof -Wno-c++11-extensions -Wno-implicit-fallthrough -isysroot /Applications/Xcode-26.app/Contents/Developer/Platforms/iPhoneOS.platform/Developer/SDKs/iPhoneOS26.4.sdk -fstrict-aliasing -Wdeprecated-declarations -Winvalid-offsetof -Wno-sign-conversion -Winfinite-recursion -Wmove -Wcomma -Wblock-capture-autoreleasing -Wstrict-prototypes -Wrange-loop-analysis -Wno-semicolon-before-method-body -Wunguarded-availability -index-store-path /Users/tungstonlabs/Library/Developer/Xcode/DerivedData/HealthApp-fjgvhltvryzvlufiayyipuiynnzt/Index.noindex/DataStore @/Users/tungstonlabs/Library/Developer/Xcode/DerivedData/HealthApp-fjgvhltvryzvlufiayyipuiynnzt/Build/Intermediates.noindex/Pods.build/Debug-iphoneos/glog.build/Objects-normal/arm64/82b82416624d2658e5098eb0a28c15c5-common-args.resp -Wno-shorten-64-to-32 -include /Users/tungstonlabs/Desktop/HealthApp-Mobile/ios/Pods/Target\ Support\ Files/glog/glog-prefix.pch -MMD -MT dependencies -MF /Users/tungstonlabs/Library/Developer/Xcode/DerivedData/HealthApp-fjgvhltvryzvlufiayyipuiynnzt/Build/Intermediates.noindex/Pods.build/Debug-iphoneos/glog.build/Objects-normal/arm64/raw_logging.d --serialize-diagnostics /Users/tungstonlabs/Library/Developer/Xcode/DerivedData/HealthApp-fjgvhltvryzvlufiayyipuiynnzt/Build/Intermediates.noindex/Pods.build/Debug-iphoneos/glog.build/Objects-normal/arm64/raw_logging.dia -c /Users/tungstonlabs/Desktop/HealthApp-Mobile/ios/Pods/glog/src/raw_logging.cc -o /Users/tungstonlabs/Library/Developer/Xcode/DerivedData/HealthApp-fjgvhltvryzvlufiayyipuiynnzt/Build/Intermediates.noindex/Pods.build/Debug-iphoneos/glog.build/Objects-normal/arm64/raw_logging.o -index-unit-output-path /Pods.build/Debug-iphoneos/glog.build/Objects-normal/arm64/raw_logging.o

CompileC /Users/tungstonlabs/Library/Developer/Xcode/DerivedData/HealthApp-fjgvhltvryzvlufiayyipuiynnzt/Build/Intermediates.noindex/Pods.build/Debug-iphoneos/glog.build/Objects-normal/arm64/symbolize.o /Users/tungstonlabs/Desktop/HealthApp-Mobile/ios/Pods/glog/src/symbolize.cc normal arm64 c++ com.apple.compilers.llvm.clang.1_0.compiler (in target 'glog' from project 'Pods')
    cd /Users/tungstonlabs/Desktop/HealthApp-Mobile/ios/Pods
    
    Using response file: /Users/tungstonlabs/Library/Developer/Xcode/DerivedData/HealthApp-fjgvhltvryzvlufiayyipuiynnzt/Build/Intermediates.noindex/Pods.build/Debug-iphoneos/glog.build/Objects-normal/arm64/82b82416624d2658e5098eb0a28c15c5-common-args.resp
    
    /Applications/Xcode-26.app/Contents/Developer/Toolchains/XcodeDefault.xctoolchain/usr/bin/clang -x c++ -ivfsstatcache /Users/tungstonlabs/Library/Developer/Xcode/DerivedData/SDKStatCaches.noindex/iphoneos26.4-23E252-a54fe942f21fdc709edd8fd1a4d02c01.sdkstatcache -target arm64-apple-ios15.1 -fmessage-length\=0 -fdiagnostics-show-note-include-stack -fmacro-backtrace-limit\=0 -fno-color-diagnostics -fmodules-prune-interval\=86400 -fmodules-prune-after\=345600 -fbuild-session-file\=/Users/tungstonlabs/Library/Developer/Xcode/DerivedData/ModuleCache.noindex/Session.modulevalidation -fmodules-validate-once-per-build-session -Wnon-modular-include-in-framework-module -Werror\=non-modular-include-in-framework-module -Wno-trigraphs -Wno-missing-field-initializers -Wno-missing-prototypes -Werror\=return-type -Wdocumentation -Wunreachable-code -Werror\=deprecated-objc-isa-usage -Werror\=objc-root-class -Wno-non-virtual-dtor -Wno-overloaded-virtual -Wno-exit-time-destructors -Wno-missing-braces -Wparentheses -Wswitch -Wunused-function -Wno-unused-label -Wno-unused-parameter -Wunused-variable -Wunused-value -Wempty-body -Wuninitialized -Wconditional-uninitialized -Wno-unknown-pragmas -w -Wno-shadow -Wno-four-char-constants -Wno-conversion -Wconstant-conversion -Wint-conversion -Wbool-conversion -Wenum-conversion -Wno-float-conversion -Wnon-literal-null-conversion -Wobjc-literal-conversion -Wshorten-64-to-32 -Wno-newline-eof -Wno-c++11-extensions -Wno-implicit-fallthrough -isysroot /Applications/Xcode-26.app/Contents/Developer/Platforms/iPhoneOS.platform/Developer/SDKs/iPhoneOS26.4.sdk -fstrict-aliasing -Wdeprecated-declarations -Winvalid-offsetof -Wno-sign-conversion -Winfinite-recursion -Wmove -Wcomma -Wblock-capture-autoreleasing -Wstrict-prototypes -Wrange-loop-analysis -Wno-semicolon-before-method-body -Wunguarded-availability -index-store-path /Users/tungstonlabs/Library/Developer/Xcode/DerivedData/HealthApp-fjgvhltvryzvlufiayyipuiynnzt/Index.noindex/DataStore @/Users/tungstonlabs/Library/Developer/Xcode/DerivedData/HealthApp-fjgvhltvryzvlufiayyipuiynnzt/Build/Intermediates.noindex/Pods.build/Debug-iphoneos/glog.build/Objects-normal/arm64/82b82416624d2658e5098eb0a28c15c5-common-args.resp -Wno-shorten-64-to-32 -include /Users/tungstonlabs/Desktop/HealthApp-Mobile/ios/Pods/Target\ Support\ Files/glog/glog-prefix.pch -MMD -MT dependencies -MF /Users/tungstonlabs/Library/Developer/Xcode/DerivedData/HealthApp-fjgvhltvryzvlufiayyipuiynnzt/Build/Intermediates.noindex/Pods.build/Debug-iphoneos/glog.build/Objects-normal/arm64/symbolize.d --serialize-diagnostics /Users/tungstonlabs/Library/Developer/Xcode/DerivedData/HealthApp-fjgvhltvryzvlufiayyipuiynnzt/Build/Intermediates.noindex/Pods.build/Debug-iphoneos/glog.build/Objects-normal/arm64/symbolize.dia -c /Users/tungstonlabs/Desktop/HealthApp-Mobile/ios/Pods/glog/src/symbolize.cc -o /Users/tungstonlabs/Library/Developer/Xcode/DerivedData/HealthApp-fjgvhltvryzvlufiayyipuiynnzt/Build/Intermediates.noindex/Pods.build/Debug-iphoneos/glog.build/Objects-normal/arm64/symbolize.o -index-unit-output-path /Pods.build/Debug-iphoneos/glog.build/Objects-normal/arm64/symbolize.o

CompileC /Users/tungstonlabs/Library/Developer/Xcode/DerivedData/HealthApp-fjgvhltvryzvlufiayyipuiynnzt/Build/Intermediates.noindex/Pods.build/Debug-iphoneos/glog.build/Objects-normal/arm64/signalhandler.o /Users/tungstonlabs/Desktop/HealthApp-Mobile/ios/Pods/glog/src/signalhandler.cc normal arm64 c++ com.apple.compilers.llvm.clang.1_0.compiler (in target 'glog' from project 'Pods')
    cd /Users/tungstonlabs/Desktop/HealthApp-Mobile/ios/Pods
    
    Using response file: /Users/tungstonlabs/Library/Developer/Xcode/DerivedData/HealthApp-fjgvhltvryzvlufiayyipuiynnzt/Build/Intermediates.noindex/Pods.build/Debug-iphoneos/glog.build/Objects-normal/arm64/82b82416624d2658e5098eb0a28c15c5-common-args.resp
    
    /Applications/Xcode-26.app/Contents/Developer/Toolchains/XcodeDefault.xctoolchain/usr/bin/clang -x c++ -ivfsstatcache /Users/tungstonlabs/Library/Developer/Xcode/DerivedData/SDKStatCaches.noindex/iphoneos26.4-23E252-a54fe942f21fdc709edd8fd1a4d02c01.sdkstatcache -target arm64-apple-ios15.1 -fmessage-length\=0 -fdiagnostics-show-note-include-stack -fmacro-backtrace-limit\=0 -fno-color-diagnostics -fmodules-prune-interval\=86400 -fmodules-prune-after\=345600 -fbuild-session-file\=/Users/tungstonlabs/Library/Developer/Xcode/DerivedData/ModuleCache.noindex/Session.modulevalidation -fmodules-validate-once-per-build-session -Wnon-modular-include-in-framework-module -Werror\=non-modular-include-in-framework-module -Wno-trigraphs -Wno-missing-field-initializers -Wno-missing-prototypes -Werror\=return-type -Wdocumentation -Wunreachable-code -Werror\=deprecated-objc-isa-usage -Werror\=objc-root-class -Wno-non-virtual-dtor -Wno-overloaded-virtual -Wno-exit-time-destructors -Wno-missing-braces -Wparentheses -Wswitch -Wunused-function -Wno-unused-label -Wno-unused-parameter -Wunused-variable -Wunused-value -Wempty-body -Wuninitialized -Wconditional-uninitialized -Wno-unknown-pragmas -w -Wno-shadow -Wno-four-char-constants -Wno-conversion -Wconstant-conversion -Wint-conversion -Wbool-conversion -Wenum-conversion -Wno-float-conversion -Wnon-literal-null-conversion -Wobjc-literal-conversion -Wshorten-64-to-32 -Wno-newline-eof -Wno-c++11-extensions -Wno-implicit-fallthrough -isysroot /Applications/Xcode-26.app/Contents/Developer/Platforms/iPhoneOS.platform/Developer/SDKs/iPhoneOS26.4.sdk -fstrict-aliasing -Wdeprecated-declarations -Winvalid-offsetof -Wno-sign-conversion -Winfinite-recursion -Wmove -Wcomma -Wblock-capture-autoreleasing -Wstrict-prototypes -Wrange-loop-analysis -Wno-semicolon-before-method-body -Wunguarded-availability -index-store-path /Users/tungstonlabs/Library/Developer/Xcode/DerivedData/HealthApp-fjgvhltvryzvlufiayyipuiynnzt/Index.noindex/DataStore @/Users/tungstonlabs/Library/Developer/Xcode/DerivedData/HealthApp-fjgvhltvryzvlufiayyipuiynnzt/Build/Intermediates.noindex/Pods.build/Debug-iphoneos/glog.build/Objects-normal/arm64/82b82416624d2658e5098eb0a28c15c5-common-args.resp -Wno-shorten-64-to-32 -include /Users/tungstonlabs/Desktop/HealthApp-Mobile/ios/Pods/Target\ Support\ Files/glog/glog-prefix.pch -MMD -MT dependencies -MF /Users/tungstonlabs/Library/Developer/Xcode/DerivedData/HealthApp-fjgvhltvryzvlufiayyipuiynnzt/Build/Intermediates.noindex/Pods.build/Debug-iphoneos/glog.build/Objects-normal/arm64/signalhandler.d --serialize-diagnostics /Users/tungstonlabs/Library/Developer/Xcode/DerivedData/HealthApp-fjgvhltvryzvlufiayyipuiynnzt/Build/Intermediates.noindex/Pods.build/Debug-iphoneos/glog.build/Objects-normal/arm64/signalhandler.dia -c /Users/tungstonlabs/Desktop/HealthApp-Mobile/ios/Pods/glog/src/signalhandler.cc -o /Users/tungstonlabs/Library/Developer/Xcode/DerivedData/HealthApp-fjgvhltvryzvlufiayyipuiynnzt/Build/Intermediates.noindex/Pods.build/Debug-iphoneos/glog.build/Objects-normal/arm64/signalhandler.o -index-unit-output-path /Pods.build/Debug-iphoneos/glog.build/Objects-normal/arm64/signalhandler.o

CompileC /Users/tungstonlabs/Library/Developer/Xcode/DerivedData/HealthApp-fjgvhltvryzvlufiayyipuiynnzt/Build/Intermediates.noindex/Pods.build/Debug-iphoneos/glog.build/Objects-normal/arm64/logging.o /Users/tungstonlabs/Desktop/HealthApp-Mobile/ios/Pods/glog/src/logging.cc normal arm64 c++ com.apple.compilers.llvm.clang.1_0.compiler (in target 'glog' from project 'Pods')
    cd /Users/tungstonlabs/Desktop/HealthApp-Mobile/ios/Pods
    
    Using response file: /Users/tungstonlabs/Library/Developer/Xcode/DerivedData/HealthApp-fjgvhltvryzvlufiayyipuiynnzt/Build/Intermediates.noindex/Pods.build/Debug-iphoneos/glog.build/Objects-normal/arm64/82b82416624d2658e5098eb0a28c15c5-common-args.resp
    
    /Applications/Xcode-26.app/Contents/Developer/Toolchains/XcodeDefault.xctoolchain/usr/bin/clang -x c++ -ivfsstatcache /Users/tungstonlabs/Library/Developer/Xcode/DerivedData/SDKStatCaches.noindex/iphoneos26.4-23E252-a54fe942f21fdc709edd8fd1a4d02c01.sdkstatcache -target arm64-apple-ios15.1 -fmessage-length\=0 -fdiagnostics-show-note-include-stack -fmacro-backtrace-limit\=0 -fno-color-diagnostics -fmodules-prune-interval\=86400 -fmodules-prune-after\=345600 -fbuild-session-file\=/Users/tungstonlabs/Library/Developer/Xcode/DerivedData/ModuleCache.noindex/Session.modulevalidation -fmodules-validate-once-per-build-session -Wnon-modular-include-in-framework-module -Werror\=non-modular-include-in-framework-module -Wno-trigraphs -Wno-missing-field-initializers -Wno-missing-prototypes -Werror\=return-type -Wdocumentation -Wunreachable-code -Werror\=deprecated-objc-isa-usage -Werror\=objc-root-class -Wno-non-virtual-dtor -Wno-overloaded-virtual -Wno-exit-time-destructors -Wno-missing-braces -Wparentheses -Wswitch -Wunused-function -Wno-unused-label -Wno-unused-parameter -Wunused-variable -Wunused-value -Wempty-body -Wuninitialized -Wconditional-uninitialized -Wno-unknown-pragmas -w -Wno-shadow -Wno-four-char-constants -Wno-conversion -Wconstant-conversion -Wint-conversion -Wbool-conversion -Wenum-conversion -Wno-float-conversion -Wnon-literal-null-conversion -Wobjc-literal-conversion -Wshorten-64-to-32 -Wno-newline-eof -Wno-c++11-extensions -Wno-implicit-fallthrough -isysroot /Applications/Xcode-26.app/Contents/Developer/Platforms/iPhoneOS.platform/Developer/SDKs/iPhoneOS26.4.sdk -fstrict-aliasing -Wdeprecated-declarations -Winvalid-offsetof -Wno-sign-conversion -Winfinite-recursion -Wmove -Wcomma -Wblock-capture-autoreleasing -Wstrict-prototypes -Wrange-loop-analysis -Wno-semicolon-before-method-body -Wunguarded-availability -index-store-path /Users/tungstonlabs/Library/Developer/Xcode/DerivedData/HealthApp-fjgvhltvryzvlufiayyipuiynnzt/Index.noindex/DataStore @/Users/tungstonlabs/Library/Developer/Xcode/DerivedData/HealthApp-fjgvhltvryzvlufiayyipuiynnzt/Build/Intermediates.noindex/Pods.build/Debug-iphoneos/glog.build/Objects-normal/arm64/82b82416624d2658e5098eb0a28c15c5-common-args.resp -Wno-shorten-64-to-32 -include /Users/tungstonlabs/Desktop/HealthApp-Mobile/ios/Pods/Target\ Support\ Files/glog/glog-prefix.pch -MMD -MT dependencies -MF /Users/tungstonlabs/Library/Developer/Xcode/DerivedData/HealthApp-fjgvhltvryzvlufiayyipuiynnzt/Build/Intermediates.noindex/Pods.build/Debug-iphoneos/glog.build/Objects-normal/arm64/logging.d --serialize-diagnostics /Users/tungstonlabs/Library/Developer/Xcode/DerivedData/HealthApp-fjgvhltvryzvlufiayyipuiynnzt/Build/Intermediates.noindex/Pods.build/Debug-iphoneos/glog.build/Objects-normal/arm64/logging.dia -c /Users/tungstonlabs/Desktop/HealthApp-Mobile/ios/Pods/glog/src/logging.cc -o /Users/tungstonlabs/Library/Developer/Xcode/DerivedData/HealthApp-fjgvhltvryzvlufiayyipuiynnzt/Build/Intermediates.noindex/Pods.build/Debug-iphoneos/glog.build/Objects-normal/arm64/logging.o -index-unit-output-path /Pods.build/Debug-iphoneos/glog.build/Objects-normal/arm64/logging.o

CompileC /Users/tungstonlabs/Library/Developer/Xcode/DerivedData/HealthApp-fjgvhltvryzvlufiayyipuiynnzt/Build/Intermediates.noindex/Pods.build/Debug-iphoneos/glog.build/Objects-normal/arm64/demangle.o /Users/tungstonlabs/Desktop/HealthApp-Mobile/ios/Pods/glog/src/demangle.cc normal arm64 c++ com.apple.compilers.llvm.clang.1_0.compiler (in target 'glog' from project 'Pods')
    cd /Users/tungstonlabs/Desktop/HealthApp-Mobile/ios/Pods
    
    Using response file: /Users/tungstonlabs/Library/Developer/Xcode/DerivedData/HealthApp-fjgvhltvryzvlufiayyipuiynnzt/Build/Intermediates.noindex/Pods.build/Debug-iphoneos/glog.build/Objects-normal/arm64/82b82416624d2658e5098eb0a28c15c5-common-args.resp
    
    /Applications/Xcode-26.app/Contents/Developer/Toolchains/XcodeDefault.xctoolchain/usr/bin/clang -x c++ -ivfsstatcache /Users/tungstonlabs/Library/Developer/Xcode/DerivedData/SDKStatCaches.noindex/iphoneos26.4-23E252-a54fe942f21fdc709edd8fd1a4d02c01.sdkstatcache -target arm64-apple-ios15.1 -fmessage-length\=0 -fdiagnostics-show-note-include-stack -fmacro-backtrace-limit\=0 -fno-color-diagnostics -fmodules-prune-interval\=86400 -fmodules-prune-after\=345600 -fbuild-session-file\=/Users/tungstonlabs/Library/Developer/Xcode/DerivedData/ModuleCache.noindex/Session.modulevalidation -fmodules-validate-once-per-build-session -Wnon-modular-include-in-framework-module -Werror\=non-modular-include-in-framework-module -Wno-trigraphs -Wno-missing-field-initializers -Wno-missing-prototypes -Werror\=return-type -Wdocumentation -Wunreachable-code -Werror\=deprecated-objc-isa-usage -Werror\=objc-root-class -Wno-non-virtual-dtor -Wno-overloaded-virtual -Wno-exit-time-destructors -Wno-missing-braces -Wparentheses -Wswitch -Wunused-function -Wno-unused-label -Wno-unused-parameter -Wunused-variable -Wunused-value -Wempty-body -Wuninitialized -Wconditional-uninitialized -Wno-unknown-pragmas -w -Wno-shadow -Wno-four-char-constants -Wno-conversion -Wconstant-conversion -Wint-conversion -Wbool-conversion -Wenum-conversion -Wno-float-conversion -Wnon-literal-null-conversion -Wobjc-literal-conversion -Wshorten-64-to-32 -Wno-newline-eof -Wno-c++11-extensions -Wno-implicit-fallthrough -isysroot /Applications/Xcode-26.app/Contents/Developer/Platforms/iPhoneOS.platform/Developer/SDKs/iPhoneOS26.4.sdk -fstrict-aliasing -Wdeprecated-declarations -Winvalid-offsetof -Wno-sign-conversion -Winfinite-recursion -Wmove -Wcomma -Wblock-capture-autoreleasing -Wstrict-prototypes -Wrange-loop-analysis -Wno-semicolon-before-method-body -Wunguarded-availability -index-store-path /Users/tungstonlabs/Library/Developer/Xcode/DerivedData/HealthApp-fjgvhltvryzvlufiayyipuiynnzt/Index.noindex/DataStore @/Users/tungstonlabs/Library/Developer/Xcode/DerivedData/HealthApp-fjgvhltvryzvlufiayyipuiynnzt/Build/Intermediates.noindex/Pods.build/Debug-iphoneos/glog.build/Objects-normal/arm64/82b82416624d2658e5098eb0a28c15c5-common-args.resp -Wno-shorten-64-to-32 -include /Users/tungstonlabs/Desktop/HealthApp-Mobile/ios/Pods/Target\ Support\ Files/glog/glog-prefix.pch -MMD -MT dependencies -MF /Users/tungstonlabs/Library/Developer/Xcode/DerivedData/HealthApp-fjgvhltvryzvlufiayyipuiynnzt/Build/Intermediates.noindex/Pods.build/Debug-iphoneos/glog.build/Objects-normal/arm64/demangle.d --serialize-diagnostics /Users/tungstonlabs/Library/Developer/Xcode/DerivedData/HealthApp-fjgvhltvryzvlufiayyipuiynnzt/Build/Intermediates.noindex/Pods.build/Debug-iphoneos/glog.build/Objects-normal/arm64/demangle.dia -c /Users/tungstonlabs/Desktop/HealthApp-Mobile/ios/Pods/glog/src/demangle.cc -o /Users/tungstonlabs/Library/Developer/Xcode/DerivedData/HealthApp-fjgvhltvryzvlufiayyipuiynnzt/Build/Intermediates.noindex/Pods.build/Debug-iphoneos/glog.build/Objects-normal/arm64/demangle.o -index-unit-output-path /Pods.build/Debug-iphoneos/glog.build/Objects-normal/arm64/demangle.o

PhaseScriptExecution [CP]\ Copy\ XCFrameworks /Users/tungstonlabs/Library/Developer/Xcode/DerivedData/HealthApp-fjgvhltvryzvlufiayyipuiynnzt/Build/Intermediates.noindex/Pods.build/Debug-iphoneos/hermes-engine.build/Script-46EB2E00024C50.sh (in target 'hermes-engine' from project 'Pods')
    cd /Users/tungstonlabs/Desktop/HealthApp-Mobile/ios/Pods
    /bin/sh -c /Users/tungstonlabs/Library/Developer/Xcode/DerivedData/HealthApp-fjgvhltvryzvlufiayyipuiynnzt/Build/Intermediates.noindex/Pods.build/Debug-iphoneos/hermes-engine.build/Script-46EB2E00024C50.sh
Selected xcframework slice ios-arm64
rsync --delete -av --filter P .*.?????? --links --filter "- CVS/" --filter "- .svn/" --filter "- .git/" --filter "- .hg/" "/Users/tungstonlabs/Desktop/HealthApp-Mobile/ios/Pods/hermes-engine/destroot/Library/Frameworks/universal/hermesvm.xcframework/ios-arm64/*" "/Users/tungstonlabs/Library/Developer/Xcode/DerivedData/HealthApp-fjgvhltvryzvlufiayyipuiynnzt/Build/Products/Debug-iphoneos/XCFrameworkIntermediates/hermes-engine/Pre-built"
Transfer starting: 3 files
hermesvm.framework/
hermesvm.framework/Info.plist
hermesvm.framework/hermesvm

sent 6755609 bytes  received 70 bytes  59208404 bytes/sec
total size is 6754421  speedup is 1.00
Copied /Users/tungstonlabs/Desktop/HealthApp-Mobile/ios/Pods/hermes-engine/destroot/Library/Frameworks/universal/hermesvm.xcframework/ios-arm64 to /Users/tungstonlabs/Library/Developer/Xcode/DerivedData/HealthApp-fjgvhltvryzvlufiayyipuiynnzt/Build/Products/Debug-iphoneos/XCFrameworkIntermediates/hermes-engine/Pre-built

CompileC /Users/tungstonlabs/Library/Developer/Xcode/DerivedData/HealthApp-fjgvhltvryzvlufiayyipuiynnzt/Build/Intermediates.noindex/Pods.build/Debug-iphoneos/fmt.build/Objects-normal/arm64/format.o /Users/tungstonlabs/Desktop/HealthApp-Mobile/ios/Pods/fmt/src/format.cc normal arm64 c++ com.apple.compilers.llvm.clang.1_0.compiler (in target 'fmt' from project 'Pods')
    cd /Users/tungstonlabs/Desktop/HealthApp-Mobile/ios/Pods
    
    Using response file: /Users/tungstonlabs/Library/Developer/Xcode/DerivedData/HealthApp-fjgvhltvryzvlufiayyipuiynnzt/Build/Intermediates.noindex/Pods.build/Debug-iphoneos/fmt.build/Objects-normal/arm64/82b82416624d2658e5098eb0a28c15c5-common-args.resp
    
    /Applications/Xcode-26.app/Contents/Developer/Toolchains/XcodeDefault.xctoolchain/usr/bin/clang -x c++ -ivfsstatcache /Users/tungstonlabs/Library/Developer/Xcode/DerivedData/SDKStatCaches.noindex/iphoneos26.4-23E252-a54fe942f21fdc709edd8fd1a4d02c01.sdkstatcache -target arm64-apple-ios15.1 -fmessage-length\=0 -fdiagnostics-show-note-include-stack -fmacro-backtrace-limit\=0 -fno-color-diagnostics -fmodules-prune-interval\=86400 -fmodules-prune-after\=345600 -fbuild-session-file\=/Users/tungstonlabs/Library/Developer/Xcode/DerivedData/ModuleCache.noindex/Session.modulevalidation -fmodules-validate-once-per-build-session -Wnon-modular-include-in-framework-module -Werror\=non-modular-include-in-framework-module -Wno-trigraphs -Wno-missing-field-initializers -Wno-missing-prototypes -Werror\=return-type -Wdocumentation -Wunreachable-code -Werror\=deprecated-objc-isa-usage -Werror\=objc-root-class -Wno-non-virtual-dtor -Wno-overloaded-virtual -Wno-exit-time-destructors -Wno-missing-braces -Wparentheses -Wswitch -Wunused-function -Wno-unused-label -Wno-unused-parameter -Wunused-variable -Wunused-value -Wempty-body -Wuninitialized -Wconditional-uninitialized -Wno-unknown-pragmas -w -Wno-shadow -Wno-four-char-constants -Wno-conversion -Wconstant-conversion -Wint-conversion -Wbool-conversion -Wenum-conversion -Wno-float-conversion -Wnon-literal-null-conversion -Wobjc-literal-conversion -Wshorten-64-to-32 -Wno-newline-eof -Wno-c++11-extensions -Wno-implicit-fallthrough -isysroot /Applications/Xcode-26.app/Contents/Developer/Platforms/iPhoneOS.platform/Developer/SDKs/iPhoneOS26.4.sdk -fstrict-aliasing -Wdeprecated-declarations -Winvalid-offsetof -Wno-sign-conversion -Winfinite-recursion -Wmove -Wcomma -Wblock-capture-autoreleasing -Wstrict-prototypes -Wrange-loop-analysis -Wno-semicolon-before-method-body -Wunguarded-availability -index-store-path /Users/tungstonlabs/Library/Developer/Xcode/DerivedData/HealthApp-fjgvhltvryzvlufiayyipuiynnzt/Index.noindex/DataStore @/Users/tungstonlabs/Library/Developer/Xcode/DerivedData/HealthApp-fjgvhltvryzvlufiayyipuiynnzt/Build/Intermediates.noindex/Pods.build/Debug-iphoneos/fmt.build/Objects-normal/arm64/82b82416624d2658e5098eb0a28c15c5-common-args.resp -include /Users/tungstonlabs/Desktop/HealthApp-Mobile/ios/Pods/Target\ Support\ Files/fmt/fmt-prefix.pch -MMD -MT dependencies -MF /Users/tungstonlabs/Library/Developer/Xcode/DerivedData/HealthApp-fjgvhltvryzvlufiayyipuiynnzt/Build/Intermediates.noindex/Pods.build/Debug-iphoneos/fmt.build/Objects-normal/arm64/format.d --serialize-diagnostics /Users/tungstonlabs/Library/Developer/Xcode/DerivedData/HealthApp-fjgvhltvryzvlufiayyipuiynnzt/Build/Intermediates.noindex/Pods.build/Debug-iphoneos/fmt.build/Objects-normal/arm64/format.dia -c /Users/tungstonlabs/Desktop/HealthApp-Mobile/ios/Pods/fmt/src/format.cc -o /Users/tungstonlabs/Library/Developer/Xcode/DerivedData/HealthApp-fjgvhltvryzvlufiayyipuiynnzt/Build/Intermediates.noindex/Pods.build/Debug-iphoneos/fmt.build/Objects-normal/arm64/format.o -index-unit-output-path /Pods.build/Debug-iphoneos/fmt.build/Objects-normal/arm64/format.o
In file included from /Users/tungstonlabs/Desktop/HealthApp-Mobile/ios/Pods/fmt/src/format.cc:8:
/Users/tungstonlabs/Desktop/HealthApp-Mobile/ios/Pods/fmt/include/fmt/format-inl.h:59:24: error: call to consteval function 'fmt::basic_format_string<char, fmt::basic_string_view<char> &, const char (&)[3]>::basic_format_string<FMT_COMPILE_STRING, 0>' is not a constant expression
   59 |     fmt::format_to(it, FMT_STRING("{}{}"), message, SEP);
      |                        ^
In file included from /Users/tungstonlabs/Desktop/HealthApp-Mobile/ios/Pods/fmt/src/format.cc:8:
In file included from /Users/tungstonlabs/Desktop/HealthApp-Mobile/ios/Pods/fmt/include/fmt/format-inl.h:27:
/Users/tungstonlabs/Desktop/HealthApp-Mobile/ios/Pods/fmt/include/fmt/format.h:1827:23: note: expanded from macro 'FMT_STRING'
 1827 | #define FMT_STRING(s) FMT_STRING_IMPL(s, fmt::detail::compile_string, )
      |                       ^
/Users/tungstonlabs/Desktop/HealthApp-Mobile/ios/Pods/fmt/include/fmt/format.h:1806:3: note: expanded from macro 'FMT_STRING_IMPL'
 1806 |   [] {                                                                        \
      |   ^
In file included from /Users/tungstonlabs/Desktop/HealthApp-Mobile/ios/Pods/fmt/src/format.cc:8:
In file included from /Users/tungstonlabs/Desktop/HealthApp-Mobile/ios/Pods/fmt/include/fmt/format-inl.h:27:
In file included from /Users/tungstonlabs/Desktop/HealthApp-Mobile/ios/Pods/fmt/include/fmt/format.h:41:
/Users/tungstonlabs/Desktop/HealthApp-Mobile/ios/Pods/fmt/include/fmt/base.h:779:54: note: subexpression not valid in a constant expression
  779 |     format_str_.remove_prefix(detail::to_unsigned(it - begin()));
      |                                                   ~~~^~~~~~~~~
/Users/tungstonlabs/Desktop/HealthApp-Mobile/ios/Pods/fmt/include/fmt/base.h:2761:5: note: in call to 'this->context_.advance_to(&"{}{}"[1])'
 2761 |     context_.advance_to(begin);
      |     ^~~~~~~~~~~~~~~~~~~~~~~~~~
/Users/tungstonlabs/Desktop/HealthApp-Mobile/ios/Pods/fmt/include/fmt/base.h:2756:5: note: in call to 'this->on_format_specs(0, &"{}{}"[1], &"{}{}"[1])'
 2756 |     on_format_specs(id, begin, begin);  // Call parse() on empty specs.
      |     ^~~~~~~~~~~~~~~~~~~~~~~~~~~~~~~~~
/Users/tungstonlabs/Desktop/HealthApp-Mobile/ios/Pods/fmt/include/fmt/base.h:2581:5: note: in call to 'handler.on_replacement_field(0, &"{}{}"[1])'
 2581 |     handler.on_replacement_field(handler.on_arg_id(), begin);
      |     ^~~~~~~~~~~~~~~~~~~~~~~~~~~~~~~~~~~~~~~~~~~~~~~~~~~~~~~~
/Users/tungstonlabs/Desktop/HealthApp-Mobile/ios/Pods/fmt/include/fmt/base.h:2613:21: note: in call to 'parse_replacement_field<char, fmt::detail::format_string_checker<char, fmt::basic_string_view<char>, char[3]> &>(&"{}{}"[1], &"{}{}"[4], checker(s))'
 2613 |         begin = p = parse_replacement_field(p - 1, end, handler);
      |                     ^~~~~~~~~~~~~~~~~~~~~~~~~~~~~~~~~~~~~~~~~~~~
/Users/tungstonlabs/Desktop/HealthApp-Mobile/ios/Pods/fmt/include/fmt/base.h:2884:7: note: in call to 'parse_format_string<true, char, fmt::detail::format_string_checker<char, fmt::basic_string_view<char>, char[3]>>({&"{}{}"[0], 4}, checker(s))'
 2884 |       detail::parse_format_string<true>(str_, checker(s));
      |       ^~~~~~~~~~~~~~~~~~~~~~~~~~~~~~~~~~~~~~~~~~~~~~~~~~~
In file included from /Users/tungstonlabs/Desktop/HealthApp-Mobile/ios/Pods/fmt/src/format.cc:8:
/Users/tungstonlabs/Desktop/HealthApp-Mobile/ios/Pods/fmt/include/fmt/format-inl.h:59:24: note: in call to 'basic_format_string<FMT_COMPILE_STRING, 0>([] {
    struct __attribute__((visibility("hidden")))  FMT_COMPILE_STRING : fmt::detail::compile_string {
        using char_type [[maybe_unused]] = fmt::remove_cvref_t<decltype("{}{}"[0])>;
        [[maybe_unused]] constexpr operator fmt::basic_string_view<char_type>() const {
            return fmt::detail_exported::compile_string_to_view<char_type>("{}{}");
        }
    };
    return FMT_COMPILE_STRING();
}())'
   59 |     fmt::format_to(it, FMT_STRING("{}{}"), message, SEP);
      |                        ^~~~~~~~~~~~~~~~~~
In file included from /Users/tungstonlabs/Desktop/HealthApp-Mobile/ios/Pods/fmt/src/format.cc:8:
In file included from /Users/tungstonlabs/Desktop/HealthApp-Mobile/ios/Pods/fmt/include/fmt/format-inl.h:27:
/Users/tungstonlabs/Desktop/HealthApp-Mobile/ios/Pods/fmt/include/fmt/format.h:1827:23: note: expanded from macro 'FMT_STRING'
 1827 | #define FMT_STRING(s) FMT_STRING_IMPL(s, fmt::detail::compile_string, )
      |                       ^~~~~~~~~~~~~~~~~~~~~~~~~~~~~~~~~~~~~~~~~~~~~~~~~
/Users/tungstonlabs/Desktop/HealthApp-Mobile/ios/Pods/fmt/include/fmt/format.h:1806:3: note: expanded from macro 'FMT_STRING_IMPL'
 1806 |   [] {                                                                        \
      |   ^~~~~~~~~~~~~~~~~~~~~~~~~~~~~~~~~~~~~~~~~~~~~~~~~~~~~~~~~~~~~~~~~~~~~~~~~~~~~
 1807 |     /* Use the hidden visibility as a workaround for a GCC bug (#1973). */    \
      |     ~~~~~~~~~~~~~~~~~~~~~~~~~~~~~~~~~~~~~~~~~~~~~~~~~~~~~~~~~~~~~~~~~~~~~~~~~~~
 1808 |     /* Use a macro-like name to avoid shadowing warnings. */                  \
      |     ~~~~~~~~~~~~~~~~~~~~~~~~~~~~~~~~~~~~~~~~~~~~~~~~~~~~~~~~~~~~~~~~~~~~~~~~~~~
 1809 |     struct FMT_VISIBILITY("hidden") FMT_COMPILE_STRING : base {               \
      |     ~~~~~~~~~~~~~~~~~~~~~~~~~~~~~~~~~~~~~~~~~~~~~~~~~~~~~~~~~~~~~~~~~~~~~~~~~~~
 1810 |       using char_type FMT_MAYBE_UNUSED = fmt::remove_cvref_t<decltype(s[0])>; \
      |       ~~~~~~~~~~~~~~~~~~~~~~~~~~~~~~~~~~~~~~~~~~~~~~~~~~~~~~~~~~~~~~~~~~~~~~~~~
 1811 |       FMT_MAYBE_UNUSED FMT_CONSTEXPR explicit                                 \
      |       ~~~~~~~~~~~~~~~~~~~~~~~~~~~~~~~~~~~~~~~~~~~~~~~~~~~~~~~~~~~~~~~~~~~~~~~~~
 1812 |       operator fmt::basic_string_view<char_type>() const {                    \
      |       ~~~~~~~~~~~~~~~~~~~~~~~~~~~~~~~~~~~~~~~~~~~~~~~~~~~~~~~~~~~~~~~~~~~~~~~~~
 1813 |         return fmt::detail_exported::compile_string_to_view<char_type>(s);    \
      |         ~~~~~~~~~~~~~~~~~~~~~~~~~~~~~~~~~~~~~~~~~~~~~~~~~~~~~~~~~~~~~~~~~~~~~~~
 1814 |       }                                                                       \
      |       ~~~~~~~~~~~~~~~~~~~~~~~~~~~~~~~~~~~~~~~~~~~~~~~~~~~~~~~~~~~~~~~~~~~~~~~~~
 1815 |     };                                                                        \
      |     ~~~~~~~~~~~~~~~~~~~~~~~~~~~~~~~~~~~~~~~~~~~~~~~~~~~~~~~~~~~~~~~~~~~~~~~~~~~
 1816 |     return FMT_COMPILE_STRING();                                              \
      |     ~~~~~~~~~~~~~~~~~~~~~~~~~~~~~~~~~~~~~~~~~~~~~~~~~~~~~~~~~~~~~~~~~~~~~~~~~~~
 1817 |   }()
      |   ~~~
In file included from /Users/tungstonlabs/Desktop/HealthApp-Mobile/ios/Pods/fmt/src/format.cc:8:
/Users/tungstonlabs/Desktop/HealthApp-Mobile/ios/Pods/fmt/include/fmt/format-inl.h:60:22: error: call to consteval function 'fmt::basic_format_string<char, const char (&)[7], int &>::basic_format_string<FMT_COMPILE_STRING, 0>' is not a constant expression
   60 |   fmt::format_to(it, FMT_STRING("{}{}"), ERROR_STR, error_code);
      |                      ^
In file included from /Users/tungstonlabs/Desktop/HealthApp-Mobile/ios/Pods/fmt/src/format.cc:8:
In file included from /Users/tungstonlabs/Desktop/HealthApp-Mobile/ios/Pods/fmt/include/fmt/format-inl.h:27:
/Users/tungstonlabs/Desktop/HealthApp-Mobile/ios/Pods/fmt/include/fmt/format.h:1827:23: note: expanded from macro 'FMT_STRING'
 1827 | #define FMT_STRING(s) FMT_STRING_IMPL(s, fmt::detail::compile_string, )
      |                       ^
/Users/tungstonlabs/Desktop/HealthApp-Mobile/ios/Pods/fmt/include/fmt/format.h:1806:3: note: expanded from macro 'FMT_STRING_IMPL'
 1806 |   [] {                                                                        \
      |   ^
In file included from /Users/tungstonlabs/Desktop/HealthApp-Mobile/ios/Pods/fmt/src/format.cc:8:
In file included from /Users/tungstonlabs/Desktop/HealthApp-Mobile/ios/Pods/fmt/include/fmt/format-inl.h:27:
In file included from /Users/tungstonlabs/Desktop/HealthApp-Mobile/ios/Pods/fmt/include/fmt/format.h:41:
/Users/tungstonlabs/Desktop/HealthApp-Mobile/ios/Pods/fmt/include/fmt/base.h:779:54: note: subexpression not valid in a constant expression
  779 |     format_str_.remove_prefix(detail::to_unsigned(it - begin()));
      |                                                   ~~~^~~~~~~~~
/Users/tungstonlabs/Desktop/HealthApp-Mobile/ios/Pods/fmt/include/fmt/base.h:2761:5: note: in call to 'this->context_.advance_to(&"{}{}"[1])'
 2761 |     context_.advance_to(begin);
      |     ^~~~~~~~~~~~~~~~~~~~~~~~~~
/Users/tungstonlabs/Desktop/HealthApp-Mobile/ios/Pods/fmt/include/fmt/base.h:2756:5: note: in call to 'this->on_format_specs(0, &"{}{}"[1], &"{}{}"[1])'
 2756 |     on_format_specs(id, begin, begin);  // Call parse() on empty specs.
      |     ^~~~~~~~~~~~~~~~~~~~~~~~~~~~~~~~~
/Users/tungstonlabs/Desktop/HealthApp-Mobile/ios/Pods/fmt/include/fmt/base.h:2581:5: note: in call to 'handler.on_replacement_field(0, &"{}{}"[1])'
 2581 |     handler.on_replacement_field(handler.on_arg_id(), begin);
      |     ^~~~~~~~~~~~~~~~~~~~~~~~~~~~~~~~~~~~~~~~~~~~~~~~~~~~~~~~
/Users/tungstonlabs/Desktop/HealthApp-Mobile/ios/Pods/fmt/include/fmt/base.h:2613:21: note: in call to 'parse_replacement_field<char, fmt::detail::format_string_checker<char, char[7], int> &>(&"{}{}"[1], &"{}{}"[4], checker(s))'
 2613 |         begin = p = parse_replacement_field(p - 1, end, handler);
      |                     ^~~~~~~~~~~~~~~~~~~~~~~~~~~~~~~~~~~~~~~~~~~~
/Users/tungstonlabs/Desktop/HealthApp-Mobile/ios/Pods/fmt/include/fmt/base.h:2884:7: note: in call to 'parse_format_string<true, char, fmt::detail::format_string_checker<char, char[7], int>>({&"{}{}"[0], 4}, checker(s))'
 2884 |       detail::parse_format_string<true>(str_, checker(s));
      |       ^~~~~~~~~~~~~~~~~~~~~~~~~~~~~~~~~~~~~~~~~~~~~~~~~~~
In file included from /Users/tungstonlabs/Desktop/HealthApp-Mobile/ios/Pods/fmt/src/format.cc:8:
/Users/tungstonlabs/Desktop/HealthApp-Mobile/ios/Pods/fmt/include/fmt/format-inl.h:60:22: note: in call to 'basic_format_string<FMT_COMPILE_STRING, 0>([] {
    struct __attribute__((visibility("hidden")))  FMT_COMPILE_STRING : fmt::detail::compile_string {
        using char_type [[maybe_unused]] = fmt::remove_cvref_t<decltype("{}{}"[0])>;
        [[maybe_unused]] constexpr operator fmt::basic_string_view<char_type>() const {
            return fmt::detail_exported::compile_string_to_view<char_type>("{}{}");
        }
    };
    return FMT_COMPILE_STRING();
}())'
   60 |   fmt::format_to(it, FMT_STRING("{}{}"), ERROR_STR, error_code);
      |                      ^~~~~~~~~~~~~~~~~~
In file included from /Users/tungstonlabs/Desktop/HealthApp-Mobile/ios/Pods/fmt/src/format.cc:8:
In file included from /Users/tungstonlabs/Desktop/HealthApp-Mobile/ios/Pods/fmt/include/fmt/format-inl.h:27:
/Users/tungstonlabs/Desktop/HealthApp-Mobile/ios/Pods/fmt/include/fmt/format.h:1827:23: note: expanded from macro 'FMT_STRING'
 1827 | #define FMT_STRING(s) FMT_STRING_IMPL(s, fmt::detail::compile_string, )
      |                       ^~~~~~~~~~~~~~~~~~~~~~~~~~~~~~~~~~~~~~~~~~~~~~~~~
/Users/tungstonlabs/Desktop/HealthApp-Mobile/ios/Pods/fmt/include/fmt/format.h:1806:3: note: expanded from macro 'FMT_STRING_IMPL'
 1806 |   [] {                                                                        \
      |   ^~~~~~~~~~~~~~~~~~~~~~~~~~~~~~~~~~~~~~~~~~~~~~~~~~~~~~~~~~~~~~~~~~~~~~~~~~~~~
 1807 |     /* Use the hidden visibility as a workaround for a GCC bug (#1973). */    \
      |     ~~~~~~~~~~~~~~~~~~~~~~~~~~~~~~~~~~~~~~~~~~~~~~~~~~~~~~~~~~~~~~~~~~~~~~~~~~~
 1808 |     /* Use a macro-like name to avoid shadowing warnings. */                  \
      |     ~~~~~~~~~~~~~~~~~~~~~~~~~~~~~~~~~~~~~~~~~~~~~~~~~~~~~~~~~~~~~~~~~~~~~~~~~~~
 1809 |     struct FMT_VISIBILITY("hidden") FMT_COMPILE_STRING : base {               \
      |     ~~~~~~~~~~~~~~~~~~~~~~~~~~~~~~~~~~~~~~~~~~~~~~~~~~~~~~~~~~~~~~~~~~~~~~~~~~~
 1810 |       using char_type FMT_MAYBE_UNUSED = fmt::remove_cvref_t<decltype(s[0])>; \
      |       ~~~~~~~~~~~~~~~~~~~~~~~~~~~~~~~~~~~~~~~~~~~~~~~~~~~~~~~~~~~~~~~~~~~~~~~~~
 1811 |       FMT_MAYBE_UNUSED FMT_CONSTEXPR explicit                                 \
      |       ~~~~~~~~~~~~~~~~~~~~~~~~~~~~~~~~~~~~~~~~~~~~~~~~~~~~~~~~~~~~~~~~~~~~~~~~~
 1812 |       operator fmt::basic_string_view<char_type>() const {                    \
      |       ~~~~~~~~~~~~~~~~~~~~~~~~~~~~~~~~~~~~~~~~~~~~~~~~~~~~~~~~~~~~~~~~~~~~~~~~~
 1813 |         return fmt::detail_exported::compile_string_to_view<char_type>(s);    \
      |         ~~~~~~~~~~~~~~~~~~~~~~~~~~~~~~~~~~~~~~~~~~~~~~~~~~~~~~~~~~~~~~~~~~~~~~~
 1814 |       }                                                                       \
      |       ~~~~~~~~~~~~~~~~~~~~~~~~~~~~~~~~~~~~~~~~~~~~~~~~~~~~~~~~~~~~~~~~~~~~~~~~~
 1815 |     };                                                                        \
      |     ~~~~~~~~~~~~~~~~~~~~~~~~~~~~~~~~~~~~~~~~~~~~~~~~~~~~~~~~~~~~~~~~~~~~~~~~~~~
 1816 |     return FMT_COMPILE_STRING();                                              \
      |     ~~~~~~~~~~~~~~~~~~~~~~~~~~~~~~~~~~~~~~~~~~~~~~~~~~~~~~~~~~~~~~~~~~~~~~~~~~~
 1817 |   }()
      |   ~~~
In file included from /Users/tungstonlabs/Desktop/HealthApp-Mobile/ios/Pods/fmt/src/format.cc:8:
/Users/tungstonlabs/Desktop/HealthApp-Mobile/ios/Pods/fmt/include/fmt/format-inl.h:1387:35: error: call to consteval function 'fmt::basic_format_string<char, unsigned int &>::basic_format_string<FMT_COMPILE_STRING, 0>' is not a constant expression
 1387 |         out = fmt::format_to(out, FMT_STRING("{:x}"), value);
      |                                   ^
In file included from /Users/tungstonlabs/Desktop/HealthApp-Mobile/ios/Pods/fmt/src/format.cc:8:
In file included from /Users/tungstonlabs/Desktop/HealthApp-Mobile/ios/Pods/fmt/include/fmt/format-inl.h:27:
/Users/tungstonlabs/Desktop/HealthApp-Mobile/ios/Pods/fmt/include/fmt/format.h:1827:23: note: expanded from macro 'FMT_STRING'
 1827 | #define FMT_STRING(s) FMT_STRING_IMPL(s, fmt::detail::compile_string, )
      |                       ^
/Users/tungstonlabs/Desktop/HealthApp-Mobile/ios/Pods/fmt/include/fmt/format.h:1806:3: note: expanded from macro 'FMT_STRING_IMPL'
 1806 |   [] {                                                                        \
      |   ^
In file included from /Users/tungstonlabs/Desktop/HealthApp-Mobile/ios/Pods/fmt/src/format.cc:8:
In file included from /Users/tungstonlabs/Desktop/HealthApp-Mobile/ios/Pods/fmt/include/fmt/format-inl.h:27:
In file included from /Users/tungstonlabs/Desktop/HealthApp-Mobile/ios/Pods/fmt/include/fmt/format.h:41:
/Users/tungstonlabs/Desktop/HealthApp-Mobile/ios/Pods/fmt/include/fmt/base.h:779:54: note: subexpression not valid in a constant expression
  779 |     format_str_.remove_prefix(detail::to_unsigned(it - begin()));
      |                                                   ~~~^~~~~~~~~
/Users/tungstonlabs/Desktop/HealthApp-Mobile/ios/Pods/fmt/include/fmt/base.h:2761:5: note: in call to 'this->context_.advance_to(&"{:x}"[2])'
 2761 |     context_.advance_to(begin);
      |     ^~~~~~~~~~~~~~~~~~~~~~~~~~
/Users/tungstonlabs/Desktop/HealthApp-Mobile/ios/Pods/fmt/include/fmt/base.h:2591:15: note: in call to 'handler.on_format_specs(0, &"{:x}"[2], &"{:x}"[4])'
 2591 |       begin = handler.on_format_specs(adapter.arg_id, begin + 1, end);
      |               ^~~~~~~~~~~~~~~~~~~~~~~~~~~~~~~~~~~~~~~~~~~~~~~~~~~~~~~
/Users/tungstonlabs/Desktop/HealthApp-Mobile/ios/Pods/fmt/include/fmt/base.h:2613:21: note: in call to 'parse_replacement_field<char, fmt::detail::format_string_checker<char, unsigned int> &>(&"{:x}"[1], &"{:x}"[4], checker(s))'
 2613 |         begin = p = parse_replacement_field(p - 1, end, handler);
      |                     ^~~~~~~~~~~~~~~~~~~~~~~~~~~~~~~~~~~~~~~~~~~~
/Users/tungstonlabs/Desktop/HealthApp-Mobile/ios/Pods/fmt/include/fmt/base.h:2884:7: note: in call to 'parse_format_string<true, char, fmt::detail::format_string_checker<char, unsigned int>>({&"{:x}"[0], 4}, checker(s))'
 2884 |       detail::parse_format_string<true>(str_, checker(s));
      |       ^~~~~~~~~~~~~~~~~~~~~~~~~~~~~~~~~~~~~~~~~~~~~~~~~~~
In file included from /Users/tungstonlabs/Desktop/HealthApp-Mobile/ios/Pods/fmt/src/format.cc:8:
/Users/tungstonlabs/Desktop/HealthApp-Mobile/ios/Pods/fmt/include/fmt/format-inl.h:1387:35: note: in call to 'basic_format_string<FMT_COMPILE_STRING, 0>([] {
    struct __attribute__((visibility("hidden")))  FMT_COMPILE_STRING : fmt::detail::compile_string {
        using char_type [[maybe_unused]] = fmt::remove_cvref_t<decltype("{:x}"[0])>;
        [[maybe_unused]] constexpr operator fmt::basic_string_view<char_type>() const {
            return fmt::detail_exported::compile_string_to_view<char_type>("{:x}");
        }
    };
    return FMT_COMPILE_STRING();
}())'
 1387 |         out = fmt::format_to(out, FMT_STRING("{:x}"), value);
      |                                   ^~~~~~~~~~~~~~~~~~
In file included from /Users/tungstonlabs/Desktop/HealthApp-Mobile/ios/Pods/fmt/src/format.cc:8:
In file included from /Users/tungstonlabs/Desktop/HealthApp-Mobile/ios/Pods/fmt/include/fmt/format-inl.h:27:
/Users/tungstonlabs/Desktop/HealthApp-Mobile/ios/Pods/fmt/include/fmt/format.h:1827:23: note: expanded from macro 'FMT_STRING'
 1827 | #define FMT_STRING(s) FMT_STRING_IMPL(s, fmt::detail::compile_string, )
      |                       ^~~~~~~~~~~~~~~~~~~~~~~~~~~~~~~~~~~~~~~~~~~~~~~~~
/Users/tungstonlabs/Desktop/HealthApp-Mobile/ios/Pods/fmt/include/fmt/format.h:1806:3: note: expanded from macro 'FMT_STRING_IMPL'
 1806 |   [] {                                                                        \
      |   ^~~~~~~~~~~~~~~~~~~~~~~~~~~~~~~~~~~~~~~~~~~~~~~~~~~~~~~~~~~~~~~~~~~~~~~~~~~~~
 1807 |     /* Use the hidden visibility as a workaround for a GCC bug (#1973). */    \
      |     ~~~~~~~~~~~~~~~~~~~~~~~~~~~~~~~~~~~~~~~~~~~~~~~~~~~~~~~~~~~~~~~~~~~~~~~~~~~
 1808 |     /* Use a macro-like name to avoid shadowing warnings. */                  \
      |     ~~~~~~~~~~~~~~~~~~~~~~~~~~~~~~~~~~~~~~~~~~~~~~~~~~~~~~~~~~~~~~~~~~~~~~~~~~~
 1809 |     struct FMT_VISIBILITY("hidden") FMT_COMPILE_STRING : base {               \
      |     ~~~~~~~~~~~~~~~~~~~~~~~~~~~~~~~~~~~~~~~~~~~~~~~~~~~~~~~~~~~~~~~~~~~~~~~~~~~
 1810 |       using char_type FMT_MAYBE_UNUSED = fmt::remove_cvref_t<decltype(s[0])>; \
      |       ~~~~~~~~~~~~~~~~~~~~~~~~~~~~~~~~~~~~~~~~~~~~~~~~~~~~~~~~~~~~~~~~~~~~~~~~~
 1811 |       FMT_MAYBE_UNUSED FMT_CONSTEXPR explicit                                 \
      |       ~~~~~~~~~~~~~~~~~~~~~~~~~~~~~~~~~~~~~~~~~~~~~~~~~~~~~~~~~~~~~~~~~~~~~~~~~
 1812 |       operator fmt::basic_string_view<char_type>() const {                    \
      |       ~~~~~~~~~~~~~~~~~~~~~~~~~~~~~~~~~~~~~~~~~~~~~~~~~~~~~~~~~~~~~~~~~~~~~~~~~
 1813 |         return fmt::detail_exported::compile_string_to_view<char_type>(s);    \
      |         ~~~~~~~~~~~~~~~~~~~~~~~~~~~~~~~~~~~~~~~~~~~~~~~~~~~~~~~~~~~~~~~~~~~~~~~
 1814 |       }                                                                       \
      |       ~~~~~~~~~~~~~~~~~~~~~~~~~~~~~~~~~~~~~~~~~~~~~~~~~~~~~~~~~~~~~~~~~~~~~~~~~
 1815 |     };                                                                        \
      |     ~~~~~~~~~~~~~~~~~~~~~~~~~~~~~~~~~~~~~~~~~~~~~~~~~~~~~~~~~~~~~~~~~~~~~~~~~~~
 1816 |     return FMT_COMPILE_STRING();                                              \
      |     ~~~~~~~~~~~~~~~~~~~~~~~~~~~~~~~~~~~~~~~~~~~~~~~~~~~~~~~~~~~~~~~~~~~~~~~~~~~
 1817 |   }()
      |   ~~~
In file included from /Users/tungstonlabs/Desktop/HealthApp-Mobile/ios/Pods/fmt/src/format.cc:8:
/Users/tungstonlabs/Desktop/HealthApp-Mobile/ios/Pods/fmt/include/fmt/format-inl.h:1391:33: error: call to consteval function 'fmt::basic_format_string<char, unsigned int &>::basic_format_string<FMT_COMPILE_STRING, 0>' is not a constant expression
 1391 |       out = fmt::format_to(out, FMT_STRING("{:08x}"), value);
      |                                 ^
In file included from /Users/tungstonlabs/Desktop/HealthApp-Mobile/ios/Pods/fmt/src/format.cc:8:
In file included from /Users/tungstonlabs/Desktop/HealthApp-Mobile/ios/Pods/fmt/include/fmt/format-inl.h:27:
/Users/tungstonlabs/Desktop/HealthApp-Mobile/ios/Pods/fmt/include/fmt/format.h:1827:23: note: expanded from macro 'FMT_STRING'
 1827 | #define FMT_STRING(s) FMT_STRING_IMPL(s, fmt::detail::compile_string, )
      |                       ^
/Users/tungstonlabs/Desktop/HealthApp-Mobile/ios/Pods/fmt/include/fmt/format.h:1806:3: note: expanded from macro 'FMT_STRING_IMPL'
 1806 |   [] {                                                                        \
      |   ^
In file included from /Users/tungstonlabs/Desktop/HealthApp-Mobile/ios/Pods/fmt/src/format.cc:8:
In file included from /Users/tungstonlabs/Desktop/HealthApp-Mobile/ios/Pods/fmt/include/fmt/format-inl.h:27:
In file included from /Users/tungstonlabs/Desktop/HealthApp-Mobile/ios/Pods/fmt/include/fmt/format.h:41:
/Users/tungstonlabs/Desktop/HealthApp-Mobile/ios/Pods/fmt/include/fmt/base.h:779:54: note: subexpression not valid in a constant expression
  779 |     format_str_.remove_prefix(detail::to_unsigned(it - begin()));
      |                                                   ~~~^~~~~~~~~
/Users/tungstonlabs/Desktop/HealthApp-Mobile/ios/Pods/fmt/include/fmt/base.h:2761:5: note: in call to 'this->context_.advance_to(&"{:08x}"[2])'
 2761 |     context_.advance_to(begin);
      |     ^~~~~~~~~~~~~~~~~~~~~~~~~~
/Users/tungstonlabs/Desktop/HealthApp-Mobile/ios/Pods/fmt/include/fmt/base.h:2591:15: note: in call to 'handler.on_format_specs(0, &"{:08x}"[2], &"{:08x}"[6])'
 2591 |       begin = handler.on_format_specs(adapter.arg_id, begin + 1, end);
      |               ^~~~~~~~~~~~~~~~~~~~~~~~~~~~~~~~~~~~~~~~~~~~~~~~~~~~~~~
/Users/tungstonlabs/Desktop/HealthApp-Mobile/ios/Pods/fmt/include/fmt/base.h:2613:21: note: in call to 'parse_replacement_field<char, fmt::detail::format_string_checker<char, unsigned int> &>(&"{:08x}"[1], &"{:08x}"[6], checker(s))'
 2613 |         begin = p = parse_replacement_field(p - 1, end, handler);
      |                     ^~~~~~~~~~~~~~~~~~~~~~~~~~~~~~~~~~~~~~~~~~~~
/Users/tungstonlabs/Desktop/HealthApp-Mobile/ios/Pods/fmt/include/fmt/base.h:2884:7: note: in call to 'parse_format_string<true, char, fmt::detail::format_string_checker<char, unsigned int>>({&"{:08x}"[0], 6}, checker(s))'
 2884 |       detail::parse_format_string<true>(str_, checker(s));
      |       ^~~~~~~~~~~~~~~~~~~~~~~~~~~~~~~~~~~~~~~~~~~~~~~~~~~
In file included from /Users/tungstonlabs/Desktop/HealthApp-Mobile/ios/Pods/fmt/src/format.cc:8:
/Users/tungstonlabs/Desktop/HealthApp-Mobile/ios/Pods/fmt/include/fmt/format-inl.h:1391:33: note: in call to 'basic_format_string<FMT_COMPILE_STRING, 0>([] {
    struct __attribute__((visibility("hidden")))  FMT_COMPILE_STRING : fmt::detail::compile_string {
        using char_type [[maybe_unused]] = fmt::remove_cvref_t<decltype("{:08x}"[0])>;
        [[maybe_unused]] constexpr operator fmt::basic_string_view<char_type>() const {
            return fmt::detail_exported::compile_string_to_view<char_type>("{:08x}");
        }
    };
    return FMT_COMPILE_STRING();
}())'
 1391 |       out = fmt::format_to(out, FMT_STRING("{:08x}"), value);
      |                                 ^~~~~~~~~~~~~~~~~~~~
In file included from /Users/tungstonlabs/Desktop/HealthApp-Mobile/ios/Pods/fmt/src/format.cc:8:
In file included from /Users/tungstonlabs/Desktop/HealthApp-Mobile/ios/Pods/fmt/include/fmt/format-inl.h:27:
/Users/tungstonlabs/Desktop/HealthApp-Mobile/ios/Pods/fmt/include/fmt/format.h:1827:23: note: expanded from macro 'FMT_STRING'
 1827 | #define FMT_STRING(s) FMT_STRING_IMPL(s, fmt::detail::compile_string, )
      |                       ^~~~~~~~~~~~~~~~~~~~~~~~~~~~~~~~~~~~~~~~~~~~~~~~~
/Users/tungstonlabs/Desktop/HealthApp-Mobile/ios/Pods/fmt/include/fmt/format.h:1806:3: note: expanded from macro 'FMT_STRING_IMPL'
 1806 |   [] {                                                                        \
      |   ^~~~~~~~~~~~~~~~~~~~~~~~~~~~~~~~~~~~~~~~~~~~~~~~~~~~~~~~~~~~~~~~~~~~~~~~~~~~~
 1807 |     /* Use the hidden visibility as a workaround for a GCC bug (#1973). */    \
      |     ~~~~~~~~~~~~~~~~~~~~~~~~~~~~~~~~~~~~~~~~~~~~~~~~~~~~~~~~~~~~~~~~~~~~~~~~~~~
 1808 |     /* Use a macro-like name to avoid shadowing warnings. */                  \
      |     ~~~~~~~~~~~~~~~~~~~~~~~~~~~~~~~~~~~~~~~~~~~~~~~~~~~~~~~~~~~~~~~~~~~~~~~~~~~
 1809 |     struct FMT_VISIBILITY("hidden") FMT_COMPILE_STRING : base {               \
      |     ~~~~~~~~~~~~~~~~~~~~~~~~~~~~~~~~~~~~~~~~~~~~~~~~~~~~~~~~~~~~~~~~~~~~~~~~~~~
 1810 |       using char_type FMT_MAYBE_UNUSED = fmt::remove_cvref_t<decltype(s[0])>; \
      |       ~~~~~~~~~~~~~~~~~~~~~~~~~~~~~~~~~~~~~~~~~~~~~~~~~~~~~~~~~~~~~~~~~~~~~~~~~
 1811 |       FMT_MAYBE_UNUSED FMT_CONSTEXPR explicit                                 \
      |       ~~~~~~~~~~~~~~~~~~~~~~~~~~~~~~~~~~~~~~~~~~~~~~~~~~~~~~~~~~~~~~~~~~~~~~~~~
 1812 |       operator fmt::basic_string_view<char_type>() const {                    \
      |       ~~~~~~~~~~~~~~~~~~~~~~~~~~~~~~~~~~~~~~~~~~~~~~~~~~~~~~~~~~~~~~~~~~~~~~~~~
 1813 |         return fmt::detail_exported::compile_string_to_
view<char_type>(s);    \
      |         ~~~~~~~~~~~~~~~~~~~~~~~~~~~~~~~~~~~~~~~~~~~~~~~~~~~~~~~~~~~~~~~~~~~~~~~
 1814 |       }                                                                       \
      |       ~~~~~~~~~~~~~~~~~~~~~~~~~~~~~~~~~~~~~~~~~~~~~~~~~~~~~~~~~~~~~~~~~~~~~~~~~
 1815 |     };                                                                        \
      |     ~~~~~~~~~~~~~~~~~~~~~~~~~~~~~~~~~~~~~~~~~~~~~~~~~~~~~~~~~~~~~~~~~~~~~~~~~~~
 1816 |     return FMT_COMPILE_STRING();                                              \
      |     ~~~~~~~~~~~~~~~~~~~~~~~~~~~~~~~~~~~~~~~~~~~~~~~~~~~~~~~~~~~~~~~~~~~~~~~~~~~
 1817 |   }()
      |   ~~~
In file included from /Users/tungstonlabs/Desktop/HealthApp-Mobile/ios/Pods/fmt/src/format.cc:8:
/Users/tungstonlabs/Desktop/HealthApp-Mobile/ios/Pods/fmt/include/fmt/format-inl.h:1394:33: error: call to consteval function 'fmt::basic_format_string<char, int>::basic_format_string<FMT_COMPILE_STRING, 0>' is not a constant expression
 1394 |       out = fmt::format_to(out, FMT_STRING("p{}"),
      |                                 ^
In file included from /Users/tungstonlabs/Desktop/HealthApp-Mobile/ios/Pods/fmt/src/format.cc:8:
In file included from /Users/tungstonlabs/Desktop/HealthApp-Mobile/ios/Pods/fmt/include/fmt/format-inl.h:27:
/Users/tungstonlabs/Desktop/HealthApp-Mobile/ios/Pods/fmt/include/fmt/format.h:1827:23: note: expanded from macro 'FMT_STRING'
 1827 | #define FMT_STRING(s) FMT_STRING_IMPL(s, fmt::detail::compile_string, )
      |                       ^
/Users/tungstonlabs/Desktop/HealthApp-Mobile/ios/Pods/fmt/include/fmt/format.h:1806:3: note: expanded from macro 'FMT_STRING_IMPL'
 1806 |   [] {                                                                        \
      |   ^
In file included from /Users/tungstonlabs/Desktop/HealthApp-Mobile/ios/Pods/fmt/src/format.cc:8:
In file included from /Users/tungstonlabs/Desktop/HealthApp-Mobile/ios/Pods/fmt/include/fmt/format-inl.h:27:
In file included from /Users/tungstonlabs/Desktop/HealthApp-Mobile/ios/Pods/fmt/include/fmt/format.h:41:
/Users/tungstonlabs/Desktop/HealthApp-Mobile/ios/Pods/fmt/include/fmt/base.h:779:54: note: subexpression not valid in a constant expression
  779 |     format_str_.remove_prefix(detail::to_unsigned(it - begin()));
      |                                                   ~~~^~~~~~~~~
/Users/tungstonlabs/Desktop/HealthApp-Mobile/ios/Pods/fmt/include/fmt/base.h:2761:5: note: in call to 'this->context_.advance_to(&"p{}"[2])'
 2761 |     context_.advance_to(begin);
      |     ^~~~~~~~~~~~~~~~~~~~~~~~~~
/Users/tungstonlabs/Desktop/HealthApp-Mobile/ios/Pods/fmt/include/fmt/base.h:2756:5: note: in call to 'this->on_format_specs(0, &"p{}"[2], &"p{}"[2])'
 2756 |     on_format_specs(id, begin, begin);  // Call parse() on empty specs.
      |     ^~~~~~~~~~~~~~~~~~~~~~~~~~~~~~~~~
/Users/tungstonlabs/Desktop/HealthApp-Mobile/ios/Pods/fmt/include/fmt/base.h:2581:5: note: in call to 'handler.on_replacement_field(0, &"p{}"[2])'
 2581 |     handler.on_replacement_field(handler.on_arg_id(), begin);
      |     ^~~~~~~~~~~~~~~~~~~~~~~~~~~~~~~~~~~~~~~~~~~~~~~~~~~~~~~~
/Users/tungstonlabs/Desktop/HealthApp-Mobile/ios/Pods/fmt/include/fmt/base.h:2613:21: note: in call to 'parse_replacement_field<char, fmt::detail::format_string_checker<char, int> &>(&"p{}"[2], &"p{}"[3], checker(s))'
 2613 |         begin = p = parse_replacement_field(p - 1, end, handler);
      |                     ^~~~~~~~~~~~~~~~~~~~~~~~~~~~~~~~~~~~~~~~~~~~
/Users/tungstonlabs/Desktop/HealthApp-Mobile/ios/Pods/fmt/include/fmt/base.h:2884:7: note: in call to 'parse_format_string<true, char, fmt::detail::format_string_checker<char, int>>({&"p{}"[0], 3}, checker(s))'
 2884 |       detail::parse_format_string<true>(str_, checker(s));
      |       ^~~~~~~~~~~~~~~~~~~~~~~~~~~~~~~~~~~~~~~~~~~~~~~~~~~
In file included from /Users/tungstonlabs/Desktop/HealthApp-Mobile/ios/Pods/fmt/src/format.cc:8:
/Users/tungstonlabs/Desktop/HealthApp-Mobile/ios/Pods/fmt/include/fmt/format-inl.h:1394:33: note: in call to 'basic_format_string<FMT_COMPILE_STRING, 0>([] {
    struct __attribute__((visibility("hidden")))  FMT_COMPILE_STRING : fmt::detail::compile_string {
        using char_type [[maybe_unused]] = fmt::remove_cvref_t<decltype("p{}"[0])>;
        [[maybe_unused]] constexpr operator fmt::basic_string_view<char_type>() const {
            return fmt::detail_exported::compile_string_to_view<char_type>("p{}");
        }
    };
    return FMT_COMPILE_STRING();
}())'
 1394 |       out = fmt::format_to(out, FMT_STRING("p{}"),
      |                                 ^~~~~~~~~~~~~~~~~
In file included from /Users/tungstonlabs/Desktop/HealthApp-Mobile/ios/Pods/fmt/src/format.cc:8:
In file included from /Users/tungstonlabs/Desktop/HealthApp-Mobile/ios/Pods/fmt/include/fmt/format-inl.h:27:
/Users/tungstonlabs/Desktop/HealthApp-Mobile/ios/Pods/fmt/include/fmt/format.h:1827:23: note: expanded from macro 'FMT_STRING'
 1827 | #define FMT_STRING(s) FMT_STRING_IMPL(s, fmt::detail::compile_string, )
      |                       ^~~~~~~~~~~~~~~~~~~~~~~~~~~~~~~~~~~~~~~~~~~~~~~~~
/Users/tungstonlabs/Desktop/HealthApp-Mobile/ios/Pods/fmt/include/fmt/format.h:1806:3: note: expanded from macro 'FMT_STRING_IMPL'
 1806 |   [] {                                                                        \
      |   ^~~~~~~~~~~~~~~~~~~~~~~~~~~~~~~~~~~~~~~~~~~~~~~~~~~~~~~~~~~~~~~~~~~~~~~~~~~~~
 1807 |     /* Use the hidden visibility as a workaround for a GCC bug (#1973). */    \
      |     ~~~~~~~~~~~~~~~~~~~~~~~~~~~~~~~~~~~~~~~~~~~~~~~~~~~~~~~~~~~~~~~~~~~~~~~~~~~
 1808 |     /* Use a macro-like name to avoid shadowing warnings. */                  \
      |     ~~~~~~~~~~~~~~~~~~~~~~~~~~~~~~~~~~~~~~~~~~~~~~~~~~~~~~~~~~~~~~~~~~~~~~~~~~~
 1809 |     struct FMT_VISIBILITY("hidden") FMT_COMPILE_STRING : base {               \
      |     ~~~~~~~~~~~~~~~~~~~~~~~~~~~~~~~~~~~~~~~~~~~~~~~~~~~~~~~~~~~~~~~~~~~~~~~~~~~
 1810 |       using char_type FMT_MAYBE_UNUSED = fmt::remove_cvref_t<decltype(s[0])>; \
      |       ~~~~~~~~~~~~~~~~~~~~~~~~~~~~~~~~~~~~~~~~~~~~~~~~~~~~~~~~~~~~~~~~~~~~~~~~~
 1811 |       FMT_MAYBE_UNUSED FMT_CONSTEXPR explicit                                 \
      |       ~~~~~~~~~~~~~~~~~~~~~~~~~~~~~~~~~~~~~~~~~~~~~~~~~~~~~~~~~~~~~~~~~~~~~~~~~
 1812 |       operator fmt::basic_string_view<char_type>() const {                    \
      |       ~~~~~~~~~~~~~~~~~~~~~~~~~~~~~~~~~~~~~~~~~~~~~~~~~~~~~~~~~~~~~~~~~~~~~~~~~
 1813 |         return fmt::detail_exported::compile_string_to_view<char_type>(s);    \
      |         ~~~~~~~~~~~~~~~~~~~~~~~~~~~~~~~~~~~~~~~~~~~~~~~~~~~~~~~~~~~~~~~~~~~~~~~
 1814 |       }                                                                       \
      |       ~~~~~~~~~~~~~~~~~~~~~~~~~~~~~~~~~~~~~~~~~~~~~~~~~~~~~~~~~~~~~~~~~~~~~~~~~
 1815 |     };                                                                        \
      |     ~~~~~~~~~~~~~~~~~~~~~~~~~~~~~~~~~~~~~~~~~~~~~~~~~~~~~~~~~~~~~~~~~~~~~~~~~~~
 1816 |     return FMT_COMPILE_STRING();                                              \
      |     ~~~~~~~~~~~~~~~~~~~~~~~~~~~~~~~~~~~~~~~~~~~~~~~~~~~~~~~~~~~~~~~~~~~~~~~~~~~
 1817 |   }()
      |   ~~~
5 errors generated.

CompileC /Users/tungstonlabs/Library/Developer/Xcode/DerivedData/HealthApp-fjgvhltvryzvlufiayyipuiynnzt/Build/Intermediates.noindex/Pods.build/Debug-iphoneos/Yoga.build/Objects-normal/arm64/event.o /Users/tungstonlabs/Desktop/HealthApp-Mobile/node_modules/react-native/ReactCommon/yoga/yoga/event/event.cpp normal arm64 c++ com.apple.compilers.llvm.clang.1_0.compiler (in target 'Yoga' from project 'Pods')
    cd /Users/tungstonlabs/Desktop/HealthApp-Mobile/ios/Pods
    
    Using response file: /Users/tungstonlabs/Library/Developer/Xcode/DerivedData/HealthApp-fjgvhltvryzvlufiayyipuiynnzt/Build/Intermediates.noindex/Pods.build/Debug-iphoneos/Yoga.build/Objects-normal/arm64/82b82416624d2658e5098eb0a28c15c5-common-args.resp
    
    /Applications/Xcode-26.app/Contents/Developer/Toolchains/XcodeDefault.xctoolchain/usr/bin/clang -x c++ -ivfsstatcache /Users/tungstonlabs/Library/Developer/Xcode/DerivedData/SDKStatCaches.noindex/iphoneos26.4-23E252-a54fe942f21fdc709edd8fd1a4d02c01.sdkstatcache -target arm64-apple-ios15.1 -fmessage-length\=0 -fdiagnostics-show-note-include-stack -fmacro-backtrace-limit\=0 -fno-color-diagnostics -fmodules-prune-interval\=86400 -fmodules-prune-after\=345600 -fbuild-session-file\=/Users/tungstonlabs/Library/Developer/Xcode/DerivedData/ModuleCache.noindex/Session.modulevalidation -fmodules-validate-once-per-build-session -Wnon-modular-include-in-framework-module -Werror\=non-modular-include-in-framework-module -Wno-trigraphs -Wno-missing-field-initializers -Wno-missing-prototypes -Werror\=return-type -Wdocumentation -Wunreachable-code -Werror\=deprecated-objc-isa-usage -Werror\=objc-root-class -Wno-non-virtual-dtor -Wno-overloaded-virtual -Wno-exit-time-destructors -Wno-missing-braces -Wparentheses -Wswitch -Wunused-function -Wno-unused-label -Wno-unused-parameter -Wunused-variable -Wunused-value -Wempty-body -Wuninitialized -Wconditional-uninitialized -Wno-unknown-pragmas -Wno-shadow -Wno-four-char-constants -Wno-conversion -Wconstant-conversion -Wint-conversion -Wbool-conversion -Wenum-conversion -Wno-float-conversion -Wnon-literal-null-conversion -Wobjc-literal-conversion -Wshorten-64-to-32 -Wno-newline-eof -Wno-c++11-extensions -Wno-implicit-fallthrough -isysroot /Applications/Xcode-26.app/Contents/Developer/Platforms/iPhoneOS.platform/Developer/SDKs/iPhoneOS26.4.sdk -fstrict-aliasing -Wdeprecated-declarations -Winvalid-offsetof -Wno-sign-conversion -Winfinite-recursion -Wmove -Wcomma -Wblock-capture-autoreleasing -Wstrict-prototypes -Wrange-loop-analysis -Wno-semicolon-before-method-body -Wunguarded-availability -index-store-path /Users/tungstonlabs/Library/Developer/Xcode/DerivedData/HealthApp-fjgvhltvryzvlufiayyipuiynnzt/Index.noindex/DataStore @/Users/tungstonlabs/Library/Developer/Xcode/DerivedData/HealthApp-fjgvhltvryzvlufiayyipuiynnzt/Build/Intermediates.noindex/Pods.build/Debug-iphoneos/Yoga.build/Objects-normal/arm64/82b82416624d2658e5098eb0a28c15c5-common-args.resp -fno-omit-frame-pointer -fexceptions -Wall -Werror -std\=c++20 -fPIC -fno-objc-arc -include /Users/tungstonlabs/Desktop/HealthApp-Mobile/ios/Pods/Target\ Support\ Files/Yoga/Yoga-prefix.pch -MMD -MT dependencies -MF /Users/tungstonlabs/Library/Developer/Xcode/DerivedData/HealthApp-fjgvhltvryzvlufiayyipuiynnzt/Build/Intermediates.noindex/Pods.build/Debug-iphoneos/Yoga.build/Objects-normal/arm64/event.d --serialize-diagnostics /Users/tungstonlabs/Library/Developer/Xcode/DerivedData/HealthApp-fjgvhltvryzvlufiayyipuiynnzt/Build/Intermediates.noindex/Pods.build/Debug-iphoneos/Yoga.build/Objects-normal/arm64/event.dia -c /Users/tungstonlabs/Desktop/HealthApp-Mobile/node_modules/react-native/ReactCommon/yoga/yoga/event/event.cpp -o /Users/tungstonlabs/Library/Developer/Xcode/DerivedData/HealthApp-fjgvhltvryzvlufiayyipuiynnzt/Build/Intermediates.noindex/Pods.build/Debug-iphoneos/Yoga.build/Objects-normal/arm64/event.o -index-unit-output-path /Pods.build/Debug-iphoneos/Yoga.build/Objects-normal/arm64/event.o

CompileC /Users/tungstonlabs/Library/Developer/Xcode/DerivedData/HealthApp-fjgvhltvryzvlufiayyipuiynnzt/Build/Intermediates.noindex/Pods.build/Debug-iphoneos/Yoga.build/Objects-normal/arm64/YGValue.o /Users/tungstonlabs/Desktop/HealthApp-Mobile/node_modules/react-native/ReactCommon/yoga/yoga/YGValue.cpp normal arm64 c++ com.apple.compilers.llvm.clang.1_0.compiler (in target 'Yoga' from project 'Pods')
    cd /Users/tungstonlabs/Desktop/HealthApp-Mobile/ios/Pods
    
    Using response file: /Users/tungstonlabs/Library/Developer/Xcode/DerivedData/HealthApp-fjgvhltvryzvlufiayyipuiynnzt/Build/Intermediates.noindex/Pods.build/Debug-iphoneos/Yoga.build/Objects-normal/arm64/82b82416624d2658e5098eb0a28c15c5-common-args.resp
    
    /Applications/Xcode-26.app/Contents/Developer/Toolchains/XcodeDefault.xctoolchain/usr/bin/clang -x c++ -ivfsstatcache /Users/tungstonlabs/Library/Developer/Xcode/DerivedData/SDKStatCaches.noindex/iphoneos26.4-23E252-a54fe942f21fdc709edd8fd1a4d02c01.sdkstatcache -target arm64-apple-ios15.1 -fmessage-length\=0 -fdiagnostics-show-note-include-stack -fmacro-backtrace-limit\=0 -fno-color-diagnostics -fmodules-prune-interval\=86400 -fmodules-prune-after\=345600 -fbuild-session-file\=/Users/tungstonlabs/Library/Developer/Xcode/DerivedData/ModuleCache.noindex/Session.modulevalidation -fmodules-validate-once-per-build-session -Wnon-modular-include-in-framework-module -Werror\=non-modular-include-in-framework-module -Wno-trigraphs -Wno-missing-field-initializers -Wno-missing-prototypes -Werror\=return-type -Wdocumentation -Wunreachable-code -Werror\=deprecated-objc-isa-usage -Werror\=objc-root-class -Wno-non-virtual-dtor -Wno-overloaded-virtual -Wno-exit-time-destructors -Wno-missing-braces -Wparentheses -Wswitch -Wunused-function -Wno-unused-label -Wno-unused-parameter -Wunused-variable -Wunused-value -Wempty-body -Wuninitialized -Wconditional-uninitialized -Wno-unknown-pragmas -Wno-shadow -Wno-four-char-constants -Wno-conversion -Wconstant-conversion -Wint-conversion -Wbool-conversion -Wenum-conversion -Wno-float-conversion -Wnon-literal-null-conversion -Wobjc-literal-conversion -Wshorten-64-to-32 -Wno-newline-eof -Wno-c++11-extensions -Wno-implicit-fallthrough -isysroot /Applications/Xcode-26.app/Contents/Developer/Platforms/iPhoneOS.platform/Developer/SDKs/iPhoneOS26.4.sdk -fstrict-aliasing -Wdeprecated-declarations -Winvalid-offsetof -Wno-sign-conversion -Winfinite-recursion -Wmove -Wcomma -Wblock-capture-autoreleasing -Wstrict-prototypes -Wrange-loop-analysis -Wno-semicolon-before-method-body -Wunguarded-availability -index-store-path /Users/tungstonlabs/Library/Developer/Xcode/DerivedData/HealthApp-fjgvhltvryzvlufiayyipuiynnzt/Index.noindex/DataStore @/Users/tungstonlabs/Library/Developer/Xcode/DerivedData/HealthApp-fjgvhltvryzvlufiayyipuiynnzt/Build/Intermediates.noindex/Pods.build/Debug-iphoneos/Yoga.build/Objects-normal/arm64/82b82416624d2658e5098eb0a28c15c5-common-args.resp -fno-omit-frame-pointer -fexceptions -Wall -Werror -std\=c++20 -fPIC -fno-objc-arc -include /Users/tungstonlabs/Desktop/HealthApp-Mobile/ios/Pods/Target\ Support\ Files/Yoga/Yoga-prefix.pch -MMD -MT dependencies -MF /Users/tungstonlabs/Library/Developer/Xcode/DerivedData/HealthApp-fjgvhltvryzvlufiayyipuiynnzt/Build/Intermediates.noindex/Pods.build/Debug-iphoneos/Yoga.build/Objects-normal/arm64/YGValue.d --serialize-diagnostics /Users/tungstonlabs/Library/Developer/Xcode/DerivedData/HealthApp-fjgvhltvryzvlufiayyipuiynnzt/Build/Intermediates.noindex/Pods.build/Debug-iphoneos/Yoga.build/Objects-normal/arm64/YGValue.dia -c /Users/tungstonlabs/Desktop/HealthApp-Mobile/node_modules/react-native/ReactCommon/yoga/yoga/YGValue.cpp -o /Users/tungstonlabs/Library/Developer/Xcode/DerivedData/HealthApp-fjgvhltvryzvlufiayyipuiynnzt/Build/Intermediates.noindex/Pods.build/Debug-iphoneos/Yoga.build/Objects-normal/arm64/YGValue.o -index-unit-output-path /Pods.build/Debug-iphoneos/Yoga.build/Objects-normal/arm64/YGValue.o

CompileC /Users/tungstonlabs/Library/Developer/Xcode/DerivedData/HealthApp-fjgvhltvryzvlufiayyipuiynnzt/Build/Intermediates.noindex/Pods.build/Debug-iphoneos/Yoga.build/Objects-normal/arm64/YGPixelGrid.o /Users/tungstonlabs/Desktop/HealthApp-Mobile/node_modules/react-native/ReactCommon/yoga/yoga/YGPixelGrid.cpp normal arm64 c++ com.apple.compilers.llvm.clang.1_0.compiler (in target 'Yoga' from project 'Pods')
    cd /Users/tungstonlabs/Desktop/HealthApp-Mobile/ios/Pods
    
    Using response file: /Users/tungstonlabs/Library/Developer/Xcode/DerivedData/HealthApp-fjgvhltvryzvlufiayyipuiynnzt/Build/Intermediates.noindex/Pods.build/Debug-iphoneos/Yoga.build/Objects-normal/arm64/82b82416624d2658e5098eb0a28c15c5-common-args.resp
    
    /Applications/Xcode-26.app/Contents/Developer/Toolchains/XcodeDefault.xctoolchain/usr/bin/clang -x c++ -ivfsstatcache /Users/tungstonlabs/Library/Developer/Xcode/DerivedData/SDKStatCaches.noindex/iphoneos26.4-23E252-a54fe942f21fdc709edd8fd1a4d02c01.sdkstatcache -target arm64-apple-ios15.1 -fmessage-length\=0 -fdiagnostics-show-note-include-stack -fmacro-backtrace-limit\=0 -fno-color-diagnostics -fmodules-prune-interval\=86400 -fmodules-prune-after\=345600 -fbuild-session-file\=/Users/tungstonlabs/Library/Developer/Xcode/DerivedData/ModuleCache.noindex/Session.modulevalidation -fmodules-validate-once-per-build-session -Wnon-modular-include-in-framework-module -Werror\=non-modular-include-in-framework-module -Wno-trigraphs -Wno-missing-field-initializers -Wno-missing-prototypes -Werror\=return-type -Wdocumentation -Wunreachable-code -Werror\=deprecated-objc-isa-usage -Werror\=objc-root-class -Wno-non-virtual-dtor -Wno-overloaded-virtual -Wno-exit-time-destructors -Wno-missing-braces -Wparentheses -Wswitch -Wunused-function -Wno-unused-label -Wno-unused-parameter -Wunused-variable -Wunused-value -Wempty-body -Wuninitialized -Wconditional-uninitialized -Wno-unknown-pragmas -Wno-shadow -Wno-four-char-constants -Wno-conversion -Wconstant-conversion -Wint-conversion -Wbool-conversion -Wenum-conversion -Wno-float-conversion -Wnon-literal-null-conversion -Wobjc-literal-conversion -Wshorten-64-to-32 -Wno-newline-eof -Wno-c++11-extensions -Wno-implicit-fallthrough -isysroot /Applications/Xcode-26.app/Contents/Developer/Platforms/iPhoneOS.platform/Developer/SDKs/iPhoneOS26.4.sdk -fstrict-aliasing -Wdeprecated-declarations -Winvalid-offsetof -Wno-sign-conversion -Winfinite-recursion -Wmove -Wcomma -Wblock-capture-autoreleasing -Wstrict-prototypes -Wrange-loop-analysis -Wno-semicolon-before-method-body -Wunguarded-availability -index-store-path /Users/tungstonlabs/Library/Developer/Xcode/DerivedData/HealthApp-fjgvhltvryzvlufiayyipuiynnzt/Index.noindex/DataStore @/Users/tungstonlabs/Library/Developer/Xcode/DerivedData/HealthApp-fjgvhltvryzvlufiayyipuiynnzt/Build/Intermediates.noindex/Pods.build/Debug-iphoneos/Yoga.build/Objects-normal/arm64/82b82416624d2658e5098eb0a28c15c5-common-args.resp -fno-omit-frame-pointer -fexceptions -Wall -Werror -std\=c++20 -fPIC -fno-objc-arc -include /Users/tungstonlabs/Desktop/HealthApp-Mobile/ios/Pods/Target\ Support\ Files/Yoga/Yoga-prefix.pch -MMD -MT dependencies -MF /Users/tungstonlabs/Library/Developer/Xcode/DerivedData/HealthApp-fjgvhltvryzvlufiayyipuiynnzt/Build/Intermediates.noindex/Pods.build/Debug-iphoneos/Yoga.build/Objects-normal/arm64/YGPixelGrid.d --serialize-diagnostics /Users/tungstonlabs/Library/Developer/Xcode/DerivedData/HealthApp-fjgvhltvryzvlufiayyipuiynnzt/Build/Intermediates.noindex/Pods.build/Debug-iphoneos/Yoga.build/Objects-normal/arm64/YGPixelGrid.dia -c /Users/tungstonlabs/Desktop/HealthApp-Mobile/node_modules/react-native/ReactCommon/yoga/yoga/YGPixelGrid.cpp -o /Users/tungstonlabs/Library/Developer/Xcode/DerivedData/HealthApp-fjgvhltvryzvlufiayyipuiynnzt/Build/Intermediates.noindex/Pods.build/Debug-iphoneos/Yoga.build/Objects-normal/arm64/YGPixelGrid.o -index-unit-output-path /Pods.build/Debug-iphoneos/Yoga.build/Objects-normal/arm64/YGPixelGrid.o

CompileC /Users/tungstonlabs/Library/Developer/Xcode/DerivedData/HealthApp-fjgvhltvryzvlufiayyipuiynnzt/Build/Intermediates.noindex/Pods.build/Debug-iphoneos/Yoga.build/Objects-normal/arm64/YGNodeStyle.o /Users/tungstonlabs/Desktop/HealthApp-Mobile/node_modules/react-native/ReactCommon/yoga/yoga/YGNodeStyle.cpp normal arm64 c++ com.apple.compilers.llvm.clang.1_0.compiler (in target 'Yoga' from project 'Pods')
    cd /Users/tungstonlabs/Desktop/HealthApp-Mobile/ios/Pods
    
    Using response file: /Users/tungstonlabs/Library/Developer/Xcode/DerivedData/HealthApp-fjgvhltvryzvlufiayyipuiynnzt/Build/Intermediates.noindex/Pods.build/Debug-iphoneos/Yoga.build/Objects-normal/arm64/82b82416624d2658e5098eb0a28c15c5-common-args.resp
    
    /Applications/Xcode-26.app/Contents/Developer/Toolchains/XcodeDefault.xctoolchain/usr/bin/clang -x c++ -ivfsstatcache /Users/tungstonlabs/Library/Developer/Xcode/DerivedData/SDKStatCaches.noindex/iphoneos26.4-23E252-a54fe942f21fdc709edd8fd1a4d02c01.sdkstatcache -target arm64-apple-ios15.1 -fmessage-length\=0 -fdiagnostics-show-note-include-stack -fmacro-backtrace-limit\=0 -fno-color-diagnostics -fmodules-prune-interval\=86400 -fmodules-prune-after\=345600 -fbuild-session-file\=/Users/tungstonlabs/Library/Developer/Xcode/DerivedData/ModuleCache.noindex/Session.modulevalidation -fmodules-validate-once-per-build-session -Wnon-modular-include-in-framework-module -Werror\=non-modular-include-in-framework-module -Wno-trigraphs -Wno-missing-field-initializers -Wno-missing-prototypes -Werror\=return-type -Wdocumentation -Wunreachable-code -Werror\=deprecated-objc-isa-usage -Werror\=objc-root-class -Wno-non-virtual-dtor -Wno-overloaded-virtual -Wno-exit-time-destructors -Wno-missing-braces -Wparentheses -Wswitch -Wunused-function -Wno-unused-label -Wno-unused-parameter -Wunused-variable -Wunused-value -Wempty-body -Wuninitialized -Wconditional-uninitialized -Wno-unknown-pragmas -Wno-shadow -Wno-four-char-constants -Wno-conversion -Wconstant-conversion -Wint-conversion -Wbool-conversion -Wenum-conversion -Wno-float-conversion -Wnon-literal-null-conversion -Wobjc-literal-conversion -Wshorten-64-to-32 -Wno-newline-eof -Wno-c++11-extensions -Wno-implicit-fallthrough -isysroot /Applications/Xcode-26.app/Contents/Developer/Platforms/iPhoneOS.platform/Developer/SDKs/iPhoneOS26.4.sdk -fstrict-aliasing -Wdeprecated-declarations -Winvalid-offsetof -Wno-sign-conversion -Winfinite-recursion -Wmove -Wcomma -Wblock-capture-autoreleasing -Wstrict-prototypes -Wrange-loop-analysis -Wno-semicolon-before-method-body -Wunguarded-availability -index-store-path /Users/tungstonlabs/Library/Developer/Xcode/DerivedData/HealthApp-fjgvhltvryzvlufiayyipuiynnzt/Index.noindex/DataStore @/Users/tungstonlabs/Library/Developer/Xcode/DerivedData/HealthApp-fjgvhltvryzvlufiayyipuiynnzt/Build/Intermediates.noindex/Pods.build/Debug-iphoneos/Yoga.build/Objects-normal/arm64/82b82416624d2658e5098eb0a28c15c5-common-args.resp -fno-omit-frame-pointer -fexceptions -Wall -Werror -std\=c++20 -fPIC -fno-objc-arc -include /Users/tungstonlabs/Desktop/HealthApp-Mobile/ios/Pods/Target\ Support\ Files/Yoga/Yoga-prefix.pch -MMD -MT dependencies -MF /Users/tungstonlabs/Library/Developer/Xcode/DerivedData/HealthApp-fjgvhltvryzvlufiayyipuiynnzt/Build/Intermediates.noindex/Pods.build/Debug-iphoneos/Yoga.build/Objects-normal/arm64/YGNodeStyle.d --serialize-diagnostics /Users/tungstonlabs/Library/Developer/Xcode/DerivedData/HealthApp-fjgvhltvryzvlufiayyipuiynnzt/Build/Intermediates.noindex/Pods.build/Debug-iphoneos/Yoga.build/Objects-normal/arm64/YGNodeStyle.dia -c /Users/tungstonlabs/Desktop/HealthApp-Mobile/node_modules/react-native/ReactCommon/yoga/yoga/YGNodeStyle.cpp -o /Users/tungstonlabs/Library/Developer/Xcode/DerivedData/HealthApp-fjgvhltvryzvlufiayyipuiynnzt/Build/Intermediates.noindex/Pods.build/Debug-iphoneos/Yoga.build/Objects-normal/arm64/YGNodeStyle.o -index-unit-output-path /Pods.build/Debug-iphoneos/Yoga.build/Objects-normal/arm64/YGNodeStyle.o

CompileC /Users/tungstonlabs/Library/Developer/Xcode/DerivedData/HealthApp-fjgvhltvryzvlufiayyipuiynnzt/Build/Intermediates.noindex/Pods.build/Debug-iphoneos/Yoga.build/Objects-normal/arm64/YGNodeLayout.o /Users/tungstonlabs/Desktop/HealthApp-Mobile/node_modules/react-native/ReactCommon/yoga/yoga/YGNodeLayout.cpp normal arm64 c++ com.apple.compilers.llvm.clang.1_0.compiler (in target 'Yoga' from project 'Pods')
    cd /Users/tungstonlabs/Desktop/HealthApp-Mobile/ios/Pods
    
    Using response file: /Users/tungstonlabs/Library/Developer/Xcode/DerivedData/HealthApp-fjgvhltvryzvlufiayyipuiynnzt/Build/Intermediates.noindex/Pods.build/Debug-iphoneos/Yoga.build/Objects-normal/arm64/82b82416624d2658e5098eb0a28c15c5-common-args.resp
    
    /Applications/Xcode-26.app/Contents/Developer/Toolchains/XcodeDefault.xctoolchain/usr/bin/clang -x c++ -ivfsstatcache /Users/tungstonlabs/Library/Developer/Xcode/DerivedData/SDKStatCaches.noindex/iphoneos26.4-23E252-a54fe942f21fdc709edd8fd1a4d02c01.sdkstatcache -target arm64-apple-ios15.1 -fmessage-length\=0 -fdiagnostics-show-note-include-stack -fmacro-backtrace-limit\=0 -fno-color-diagnostics -fmodules-prune-interval\=86400 -fmodules-prune-after\=345600 -fbuild-session-file\=/Users/tungstonlabs/Library/Developer/Xcode/DerivedData/ModuleCache.noindex/Session.modulevalidation -fmodules-validate-once-per-build-session -Wnon-modular-include-in-framework-module -Werror\=non-modular-include-in-framework-module -Wno-trigraphs -Wno-missing-field-initializers -Wno-missing-prototypes -Werror\=return-type -Wdocumentation -Wunreachable-code -Werror\=deprecated-objc-isa-usage -Werror\=objc-root-class -Wno-non-virtual-dtor -Wno-overloaded-virtual -Wno-exit-time-destructors -Wno-missing-braces -Wparentheses -Wswitch -Wunused-function -Wno-unused-label -Wno-unused-parameter -Wunused-variable -Wunused-value -Wempty-body -Wuninitialized -Wconditional-uninitialized -Wno-unknown-pragmas -Wno-shadow -Wno-four-char-constants -Wno-conversion -Wconstant-conversion -Wint-conversion -Wbool-conversion -Wenum-conversion -Wno-float-conversion -Wnon-literal-null-conversion -Wobjc-literal-conversion -Wshorten-64-to-32 -Wno-newline-eof -Wno-c++11-extensions -Wno-implicit-fallthrough -isysroot /Applications/Xcode-26.app/Contents/Developer/Platforms/iPhoneOS.platform/Developer/SDKs/iPhoneOS26.4.sdk -fstrict-aliasing -Wdeprecated-declarations -Winvalid-offsetof -Wno-sign-conversion -Winfinite-recursion -Wmove -Wcomma -Wblock-capture-autoreleasing -Wstrict-prototypes -Wrange-loop-analysis -Wno-semicolon-before-method-body -Wunguarded-availability -index-store-path /Users/tungstonlabs/Library/Developer/Xcode/DerivedData/HealthApp-fjgvhltvryzvlufiayyipuiynnzt/Index.noindex/DataStore @/Users/tungstonlabs/Library/Developer/Xcode/DerivedData/HealthApp-fjgvhltvryzvlufiayyipuiynnzt/Build/Intermediates.noindex/Pods.build/Debug-iphoneos/Yoga.build/Objects-normal/arm64/82b82416624d2658e5098eb0a28c15c5-common-args.resp -fno-omit-frame-pointer -fexceptions -Wall -Werror -std\=c++20 -fPIC -fno-objc-arc -include /Users/tungstonlabs/Desktop/HealthApp-Mobile/ios/Pods/Target\ Support\ Files/Yoga/Yoga-prefix.pch -MMD -MT dependencies -MF /Users/tungstonlabs/Library/Developer/Xcode/DerivedData/HealthApp-fjgvhltvryzvlufiayyipuiynnzt/Build/Intermediates.noindex/Pods.build/Debug-iphoneos/Yoga.build/Objects-normal/arm64/YGNodeLayout.d --serialize-diagnostics /Users/tungstonlabs/Library/Developer/Xcode/DerivedData/HealthApp-fjgvhltvryzvlufiayyipuiynnzt/Build/Intermediates.noindex/Pods.build/Debug-iphoneos/Yoga.build/Objects-normal/arm64/YGNodeLayout.dia -c /Users/tungstonlabs/Desktop/HealthApp-Mobile/node_modules/react-native/ReactCommon/yoga/yoga/YGNodeLayout.cpp -o /Users/tungstonlabs/Library/Developer/Xcode/DerivedData/HealthApp-fjgvhltvryzvlufiayyipuiynnzt/Build/Intermediates.noindex/Pods.build/Debug-iphoneos/Yoga.build/Objects-normal/arm64/YGNodeLayout.o -index-unit-output-path /Pods.build/Debug-iphoneos/Yoga.build/Objects-normal/arm64/YGNodeLayout.o

CompileC /Users/tungstonlabs/Library/Developer/Xcode/DerivedData/HealthApp-fjgvhltvryzvlufiayyipuiynnzt/Build/Intermediates.noindex/Pods.build/Debug-iphoneos/Yoga.build/Objects-normal/arm64/YGNode.o /Users/tungstonlabs/Desktop/HealthApp-Mobile/node_modules/react-native/ReactCommon/yoga/yoga/YGNode.cpp normal arm64 c++ com.apple.compilers.llvm.clang.1_0.compiler (in target 'Yoga' from project 'Pods')
    cd /Users/tungstonlabs/Desktop/HealthApp-Mobile/ios/Pods
    
    Using response file: /Users/tungstonlabs/Library/Developer/Xcode/DerivedData/HealthApp-fjgvhltvryzvlufiayyipuiynnzt/Build/Intermediates.noindex/Pods.build/Debug-iphoneos/Yoga.build/Objects-normal/arm64/82b82416624d2658e5098eb0a28c15c5-common-args.resp
    
    /Applications/Xcode-26.app/Contents/Developer/Toolchains/XcodeDefault.xctoolchain/usr/bin/clang -x c++ -ivfsstatcache /Users/tungstonlabs/Library/Developer/Xcode/DerivedData/SDKStatCaches.noindex/iphoneos26.4-23E252-a54fe942f21fdc709edd8fd1a4d02c01.sdkstatcache -target arm64-apple-ios15.1 -fmessage-length\=0 -fdiagnostics-show-note-include-stack -fmacro-backtrace-limit\=0 -fno-color-diagnostics -fmodules-prune-interval\=86400 -fmodules-prune-after\=345600 -fbuild-session-file\=/Users/tungstonlabs/Library/Developer/Xcode/DerivedData/ModuleCache.noindex/Session.modulevalidation -fmodules-validate-once-per-build-session -Wnon-modular-include-in-framework-module -Werror\=non-modular-include-in-framework-module -Wno-trigraphs -Wno-missing-field-initializers -Wno-missing-prototypes -Werror\=return-type -Wdocumentation -Wunreachable-code -Werror\=deprecated-objc-isa-usage -Werror\=objc-root-class -Wno-non-virtual-dtor -Wno-overloaded-virtual -Wno-exit-time-destructors -Wno-missing-braces -Wparentheses -Wswitch -Wunused-function -Wno-unused-label -Wno-unused-parameter -Wunused-variable -Wunused-value -Wempty-body -Wuninitialized -Wconditional-uninitialized -Wno-unknown-pragmas -Wno-shadow -Wno-four-char-constants -Wno-conversion -Wconstant-conversion -Wint-conversion -Wbool-conversion -Wenum-conversion -Wno-float-conversion -Wnon-literal-null-conversion -Wobjc-literal-conversion -Wshorten-64-to-32 -Wno-newline-eof -Wno-c++11-extensions -Wno-implicit-fallthrough -isysroot /Applications/Xcode-26.app/Contents/Developer/Platforms/iPhoneOS.platform/Developer/SDKs/iPhoneOS26.4.sdk -fstrict-aliasing -Wdeprecated-declarations -Winvalid-offsetof -Wno-sign-conversion -Winfinite-recursion -Wmove -Wcomma -Wblock-capture-autoreleasing -Wstrict-prototypes -Wrange-loop-analysis -Wno-semicolon-before-method-body -Wunguarded-availability -index-store-path /Users/tungstonlabs/Library/Developer/Xcode/DerivedData/HealthApp-fjgvhltvryzvlufiayyipuiynnzt/Index.noindex/DataStore @/Users/tungstonlabs/Library/Developer/Xcode/DerivedData/HealthApp-fjgvhltvryzvlufiayyipuiynnzt/Build/Intermediates.noindex/Pods.build/Debug-iphoneos/Yoga.build/Objects-normal/arm64/82b82416624d2658e5098eb0a28c15c5-common-args.resp -fno-omit-frame-pointer -fexceptions -Wall -Werror -std\=c++20 -fPIC -fno-objc-arc -include /Users/tungstonlabs/Desktop/HealthApp-Mobile/ios/Pods/Target\ Support\ Files/Yoga/Yoga-prefix.pch -MMD -MT dependencies -MF /Users/tungstonlabs/Library/Developer/Xcode/DerivedData/HealthApp-fjgvhltvryzvlufiayyipuiynnzt/Build/Intermediates.noindex/Pods.build/Debug-iphoneos/Yoga.build/Objects-normal/arm64/YGNode.d --serialize-diagnostics /Users/tungstonlabs/Library/Developer/Xcode/DerivedData/HealthApp-fjgvhltvryzvlufiayyipuiynnzt/Build/Intermediates.noindex/Pods.build/Debug-iphoneos/Yoga.build/Objects-normal/arm64/YGNode.dia -c /Users/tungstonlabs/Desktop/HealthApp-Mobile/node_modules/react-native/ReactCommon/yoga/yoga/YGNode.cpp -o /Users/tungstonlabs/Library/Developer/Xcode/DerivedData/HealthApp-fjgvhltvryzvlufiayyipuiynnzt/Build/Intermediates.noindex/Pods.build/Debug-iphoneos/Yoga.build/Objects-normal/arm64/YGNode.o -index-unit-output-path /Pods.build/Debug-iphoneos/Yoga.build/Objects-normal/arm64/YGNode.o

CompileC /Users/tungstonlabs/Library/Developer/Xcode/DerivedData/HealthApp-fjgvhltvryzvlufiayyipuiynnzt/Build/Intermediates.noindex/Pods.build/Debug-iphoneos/Yoga.build/Objects-normal/arm64/YGEnums.o /Users/tungstonlabs/Desktop/HealthApp-Mobile/node_modules/react-native/ReactCommon/yoga/yoga/YGEnums.cpp normal arm64 c++ com.apple.compilers.llvm.clang.1_0.compiler (in target 'Yoga' from project 'Pods')
    cd /Users/tungstonlabs/Desktop/HealthApp-Mobile/ios/Pods
    
    Using response file: /Users/tungstonlabs/Library/Developer/Xcode/DerivedData/HealthApp-fjgvhltvryzvlufiayyipuiynnzt/Build/Intermediates.noindex/Pods.build/Debug-iphoneos/Yoga.build/Objects-normal/arm64/82b82416624d2658e5098eb0a28c15c5-common-args.resp
    
    /Applications/Xcode-26.app/Contents/Developer/Toolchains/XcodeDefault.xctoolchain/usr/bin/clang -x c++ -ivfsstatcache /Users/tungstonlabs/Library/Developer/Xcode/DerivedData/SDKStatCaches.noindex/iphoneos26.4-23E252-a54fe942f21fdc709edd8fd1a4d02c01.sdkstatcache -target arm64-apple-ios15.1 -fmessage-length\=0 -fdiagnostics-show-note-include-stack -fmacro-backtrace-limit\=0 -fno-color-diagnostics -fmodules-prune-interval\=86400 -fmodules-prune-after\=345600 -fbuild-session-file\=/Users/tungstonlabs/Library/Developer/Xcode/DerivedData/ModuleCache.noindex/Session.modulevalidation -fmodules-validate-once-per-build-session -Wnon-modular-include-in-framework-module -Werror\=non-modular-include-in-framework-module -Wno-trigraphs -Wno-missing-field-initializers -Wno-missing-prototypes -Werror\=return-type -Wdocumentation -Wunreachable-code -Werror\=deprecated-objc-isa-usage -Werror\=objc-root-class -Wno-non-virtual-dtor -Wno-overloaded-virtual -Wno-exit-time-destructors -Wno-missing-braces -Wparentheses -Wswitch -Wunused-function -Wno-unused-label -Wno-unused-parameter -Wunused-variable -Wunused-value -Wempty-body -Wuninitialized -Wconditional-uninitialized -Wno-unknown-pragmas -Wno-shadow -Wno-four-char-constants -Wno-conversion -Wconstant-conversion -Wint-conversion -Wbool-conversion -Wenum-conversion -Wno-float-conversion -Wnon-literal-null-conversion -Wobjc-literal-conversion -Wshorten-64-to-32 -Wno-newline-eof -Wno-c++11-extensions -Wno-implicit-fallthrough -isysroot /Applications/Xcode-26.app/Contents/Developer/Platforms/iPhoneOS.platform/Developer/SDKs/iPhoneOS26.4.sdk -fstrict-aliasing -Wdeprecated-declarations -Winvalid-offsetof -Wno-sign-conversion -Winfinite-recursion -Wmove -Wcomma -Wblock-capture-autoreleasing -Wstrict-prototypes -Wrange-loop-analysis -Wno-semicolon-before-method-body -Wunguarded-availability -index-store-path /Users/tungstonlabs/Library/Developer/Xcode/DerivedData/HealthApp-fjgvhltvryzvlufiayyipuiynnzt/Index.noindex/DataStore @/Users/tungstonlabs/Library/Developer/Xcode/DerivedData/HealthApp-fjgvhltvryzvlufiayyipuiynnzt/Build/Intermediates.noindex/Pods.build/Debug-iphoneos/Yoga.build/Objects-normal/arm64/82b82416624d2658e5098eb0a28c15c5-common-args.resp -fno-omit-frame-pointer -fexceptions -Wall -Werror -std\=c++20 -fPIC -fno-objc-arc -include /Users/tungstonlabs/Desktop/HealthApp-Mobile/ios/Pods/Target\ Support\ Files/Yoga/Yoga-prefix.pch -MMD -MT dependencies -MF /Users/tungstonlabs/Library/Developer/Xcode/DerivedData/HealthApp-fjgvhltvryzvlufiayyipuiynnzt/Build/Intermediates.noindex/Pods.build/Debug-iphoneos/Yoga.build/Objects-normal/arm64/YGEnums.d --serialize-diagnostics /Users/tungstonlabs/Library/Developer/Xcode/DerivedData/HealthApp-fjgvhltvryzvlufiayyipuiynnzt/Build/Intermediates.noindex/Pods.build/Debug-iphoneos/Yoga.build/Objects-normal/arm64/YGEnums.dia -c /Users/tungstonlabs/Desktop/HealthApp-Mobile/node_modules/react-native/ReactCommon/yoga/yoga/YGEnums.cpp -o /Users/tungstonlabs/Library/Developer/Xcode/DerivedData/HealthApp-fjgvhltvryzvlufiayyipuiynnzt/Build/Intermediates.noindex/Pods.build/Debug-iphoneos/Yoga.build/Objects-normal/arm64/YGEnums.o -index-unit-output-path /Pods.build/Debug-iphoneos/Yoga.build/Objects-normal/arm64/YGEnums.o

CompileC /Users/tungstonlabs/Library/Developer/Xcode/DerivedData/HealthApp-fjgvhltvryzvlufiayyipuiynnzt/Build/Intermediates.noindex/Pods.build/Debug-iphoneos/Yoga.build/Objects-normal/arm64/YGConfig.o /Users/tungstonlabs/Desktop/HealthApp-Mobile/node_modules/react-native/ReactCommon/yoga/yoga/YGConfig.cpp normal arm64 c++ com.apple.compilers.llvm.clang.1_0.compiler (in target 'Yoga' from project 'Pods')
    cd /Users/tungstonlabs/Desktop/HealthApp-Mobile/ios/Pods
    
    Using response file: /Users/tungstonlabs/Library/Developer/Xcode/DerivedData/HealthApp-fjgvhltvryzvlufiayyipuiynnzt/Build/Intermediates.noindex/Pods.build/Debug-iphoneos/Yoga.build/Objects-normal/arm64/82b82416624d2658e5098eb0a28c15c5-common-args.resp
    
    /Applications/Xcode-26.app/Contents/Developer/Toolchains/XcodeDefault.xctoolchain/usr/bin/clang -x c++ -ivfsstatcache /Users/tungstonlabs/Library/Developer/Xcode/DerivedData/SDKStatCaches.noindex/iphoneos26.4-23E252-a54fe942f21fdc709edd8fd1a4d02c01.sdkstatcache -target arm64-apple-ios15.1 -fmessage-length\=0 -fdiagnostics-show-note-include-stack -fmacro-backtrace-limit\=0 -fno-color-diagnostics -fmodules-prune-interval\=86400 -fmodules-prune-after\=345600 -fbuild-session-file\=/Users/tungstonlabs/Library/Developer/Xcode/DerivedData/ModuleCache.noindex/Session.modulevalidation -fmodules-validate-once-per-build-session -Wnon-modular-include-in-framework-module -Werror\=non-modular-include-in-framework-module -Wno-trigraphs -Wno-missing-field-initializers -Wno-missing-prototypes -Werror\=return-type -Wdocumentation -Wunreachable-code -Werror\=deprecated-objc-isa-usage -Werror\=objc-root-class -Wno-non-virtual-dtor -Wno-overloaded-virtual -Wno-exit-time-destructors -Wno-missing-braces -Wparentheses -Wswitch -Wunused-function -Wno-unused-label -Wno-unused-parameter -Wunused-variable -Wunused-value -Wempty-body -Wuninitialized -Wconditional-uninitialized -Wno-unknown-pragmas -Wno-shadow -Wno-four-char-constants -Wno-conversion -Wconstant-conversion -Wint-conversion -Wbool-conversion -Wenum-conversion -Wno-float-conversion -Wnon-literal-null-conversion -Wobjc-literal-conversion -Wshorten-64-to-32 -Wno-newline-eof -Wno-c++11-extensions -Wno-implicit-fallthrough -isysroot /Applications/Xcode-26.app/Contents/Developer/Platforms/iPhoneOS.platform/Developer/SDKs/iPhoneOS26.4.sdk -fstrict-aliasing -Wdeprecated-declarations -Winvalid-offsetof -Wno-sign-conversion -Winfinite-recursion -Wmove -Wcomma -Wblock-capture-autoreleasing -Wstrict-prototypes -Wrange-loop-analysis -Wno-semicolon-before-method-body -Wunguarded-availability -index-store-path /Users/tungstonlabs/Library/Developer/Xcode/DerivedData/HealthApp-fjgvhltvryzvlufiayyipuiynnzt/Index.noindex/DataStore @/Users/tungstonlabs/Library/Developer/Xcode/DerivedData/HealthApp-fjgvhltvryzvlufiayyipuiynnzt/Build/Intermediates.noindex/Pods.build/Debug-iphoneos/Yoga.build/Objects-normal/arm64/82b82416624d2658e5098eb0a28c15c5-common-args.resp -fno-omit-frame-pointer -fexceptions -Wall -Werror -std\=c++20 -fPIC -fno-objc-arc -include /Users/tungstonlabs/Desktop/HealthApp-Mobile/ios/Pods/Target\ Support\ Files/Yoga/Yoga-prefix.pch -MMD -MT dependencies -MF /Users/tungstonlabs/Library/Developer/Xcode/DerivedData/HealthApp-fjgvhltvryzvlufiayyipuiynnzt/Build/Intermediates.noindex/Pods.build/Debug-iphoneos/Yoga.build/Objects-normal/arm64/YGConfig.d --serialize-diagnostics /Users/tungstonlabs/Library/Developer/Xcode/DerivedData/HealthApp-fjgvhltvryzvlufiayyipuiynnzt/Build/Intermediates.noindex/Pods.build/Debug-iphoneos/Yoga.build/Objects-normal/arm64/YGConfig.dia -c /Users/tungstonlabs/Desktop/HealthApp-Mobile/node_modules/react-native/ReactCommon/yoga/yoga/YGConfig.cpp -o /Users/tungstonlabs/Library/Developer/Xcode/DerivedData/HealthApp-fjgvhltvryzvlufiayyipuiynnzt/Build/Intermediates.noindex/Pods.build/Debug-iphoneos/Yoga.build/Objects-normal/arm64/YGConfig.o -index-unit-output-path /Pods.build/Debug-iphoneos/Yoga.build/Objects-normal/arm64/YGConfig.o

CompileC /Users/tungstonlabs/Library/Developer/Xcode/DerivedData/HealthApp-fjgvhltvryzvlufiayyipuiynnzt/Build/Intermediates.noindex/Pods.build/Debug-iphoneos/Yoga.build/Objects-normal/arm64/PixelGrid.o /Users/tungstonlabs/Desktop/HealthApp-Mobile/node_modules/react-native/ReactCommon/yoga/yoga/algorithm/PixelGrid.cpp normal arm64 c++ com.apple.compilers.llvm.clang.1_0.compiler (in target 'Yoga' from project 'Pods')
    cd /Users/tungstonlabs/Desktop/HealthApp-Mobile/ios/Pods
    
    Using response file: /Users/tungstonlabs/Library/Developer/Xcode/DerivedData/HealthApp-fjgvhltvryzvlufiayyipuiynnzt/Build/Intermediates.noindex/Pods.build/Debug-iphoneos/Yoga.build/Objects-normal/arm64/82b82416624d2658e5098eb0a28c15c5-common-args.resp
    
    /Applications/Xcode-26.app/Contents/Developer/Toolchains/XcodeDefault.xctoolchain/usr/bin/clang -x c++ -ivfsstatcache /Users/tungstonlabs/Library/Developer/Xcode/DerivedData/SDKStatCaches.noindex/iphoneos26.4-23E252-a54fe942f21fdc709edd8fd1a4d02c01.sdkstatcache -target arm64-apple-ios15.1 -fmessage-length\=0 -fdiagnostics-show-note-include-stack -fmacro-backtrace-limit\=0 -fno-color-diagnostics -fmodules-prune-interval\=86400 -fmodules-prune-after\=345600 -fbuild-session-file\=/Users/tungstonlabs/Library/Developer/Xcode/DerivedData/ModuleCache.noindex/Session.modulevalidation -fmodules-validate-once-per-build-session -Wnon-modular-include-in-framework-module -Werror\=non-modular-include-in-framework-module -Wno-trigraphs -Wno-missing-field-initializers -Wno-missing-prototypes -Werror\=return-type -Wdocumentation -Wunreachable-code -Werror\=deprecated-objc-isa-usage -Werror\=objc-root-class -Wno-non-virtual-dtor -Wno-overloaded-virtual -Wno-exit-time-destructors -Wno-missing-braces -Wparentheses -Wswitch -Wunused-function -Wno-unused-label -Wno-unused-parameter -Wunused-variable -Wunused-value -Wempty-body -Wuninitialized -Wconditional-uninitialized -Wno-unknown-pragmas -Wno-shadow -Wno-four-char-constants -Wno-conversion -Wconstant-conversion -Wint-conversion -Wbool-conversion -Wenum-conversion -Wno-float-conversion -Wnon-literal-null-conversion -Wobjc-literal-conversion -Wshorten-64-to-32 -Wno-newline-eof -Wno-c++11-extensions -Wno-implicit-fallthrough -isysroot /Applications/Xcode-26.app/Contents/Developer/Platforms/iPhoneOS.platform/Developer/SDKs/iPhoneOS26.4.sdk -fstrict-aliasing -Wdeprecated-declarations -Winvalid-offsetof -Wno-sign-conversion -Winfinite-recursion -Wmove -Wcomma -Wblock-capture-autoreleasing -Wstrict-prototypes -Wrange-loop-analysis -Wno-semicolon-before-method-body -Wunguarded-availability -index-store-path /Users/tungstonlabs/Library/Developer/Xcode/DerivedData/HealthApp-fjgvhltvryzvlufiayyipuiynnzt/Index.noindex/DataStore @/Users/tungstonlabs/Library/Developer/Xcode/DerivedData/HealthApp-fjgvhltvryzvlufiayyipuiynnzt/Build/Intermediates.noindex/Pods.build/Debug-iphoneos/Yoga.build/Objects-normal/arm64/82b82416624d2658e5098eb0a28c15c5-common-args.resp -fno-omit-frame-pointer -fexceptions -Wall -Werror -std\=c++20 -fPIC -fno-objc-arc -include /Users/tungstonlabs/Desktop/HealthApp-Mobile/ios/Pods/Target\ Support\ Files/Yoga/Yoga-prefix.pch -MMD -MT dependencies -MF /Users/tungstonlabs/Library/Developer/Xcode/DerivedData/HealthApp-fjgvhltvryzvlufiayyipuiynnzt/Build/Intermediates.noindex/Pods.build/Debug-iphoneos/Yoga.build/Objects-normal/arm64/PixelGrid.d --serialize-diagnostics /Users/tungstonlabs/Library/Developer/Xcode/DerivedData/HealthApp-fjgvhltvryzvlufiayyipuiynnzt/Build/Intermediates.noindex/Pods.build/Debug-iphoneos/Yoga.build/Objects-normal/arm64/PixelGrid.dia -c /Users/tungstonlabs/Desktop/HealthApp-Mobile/node_modules/react-native/ReactCommon/yoga/yoga/algorithm/PixelGrid.cpp -o /Users/tungstonlabs/Library/Developer/Xcode/DerivedData/HealthApp-fjgvhltvryzvlufiayyipuiynnzt/Build/Intermediates.noindex/Pods.build/Debug-iphoneos/Yoga.build/Objects-normal/arm64/PixelGrid.o -index-unit-output-path /Pods.build/Debug-iphoneos/Yoga.build/Objects-normal/arm64/PixelGrid.o

note: Run script build phase '[CP-User] [RN]Check FBReactNativeSpec' will be run during every build because the option to run the script phase "Based on dependency analysis" is unchecked. (in target 'React-RCTFBReactNativeSpec' from project 'Pods')
note: Removed stale file '/Users/tungstonlabs/Library/Developer/Xcode/DerivedData/HealthApp-fjgvhltvryzvlufiayyipuiynnzt/Build/Intermediates.noindex/HealthApp.build/Debug-iphoneos/HealthApp.build/InputFileList-18DCC699F2F0ECEF34F40399-Pods-HealthApp-resources-Debug-input-files-5dd5ea27bef7b652601b6458924b8fe7-resolved.xcfilelist'

note: Removed stale file '/Users/tungstonlabs/Library/Developer/Xcode/DerivedData/HealthApp-fjgvhltvryzvlufiayyipuiynnzt/Build/Intermediates.noindex/HealthApp.build/Debug-iphoneos/HealthApp.build/InputFileList-C24C63886D7669059E1601EB-Pods-HealthApp-frameworks-Debug-input-files-53c505d9ee8f98a260998602547d6736-resolved.xcfilelist'

note: Removed stale file '/Users/tungstonlabs/Library/Developer/Xcode/DerivedData/HealthApp-fjgvhltvryzvlufiayyipuiynnzt/Build/Intermediates.noindex/HealthApp.build/Debug-iphoneos/HealthApp.build/OutputFileList-18DCC699F2F0ECEF34F40399-Pods-HealthApp-resources-Debug-output-files-ec9a5ac94ed4907ec0e1a5768b5e740b-resolved.xcfilelist'

note: Removed stale file '/Users/tungstonlabs/Library/Developer/Xcode/DerivedData/HealthApp-fjgvhltvryzvlufiayyipuiynnzt/Build/Intermediates.noindex/HealthApp.build/Debug-iphoneos/HealthApp.build/OutputFileList-C24C63886D7669059E1601EB-Pods-HealthApp-frameworks-Debug-output-files-1915fda1efb0dcedcd46ec6bfa7cfb4d-resolved.xcfilelist'

note: Removed stale file '/Users/tungstonlabs/Library/Developer/Xcode/DerivedData/HealthApp-fjgvhltvryzvlufiayyipuiynnzt/Build/Intermediates.noindex/HealthApp.build/Debug-iphoneos/HealthApp.build/Script-1823993D6934EADC591E9D8E.sh'

note: Removed stale file '/Users/tungstonlabs/Library/Developer/Xcode/DerivedData/HealthApp-fjgvhltvryzvlufiayyipuiynnzt/Build/Intermediates.noindex/HealthApp.build/Debug-iphoneos/HealthApp.build/Script-18DCC699F2F0ECEF34F40399.sh'

note: Removed stale file '/Users/tungstonlabs/Library/Developer/Xcode/DerivedData/HealthApp-fjgvhltvryzvlufiayyipuiynnzt/Build/Intermediates.noindex/HealthApp.build/Debug-iphoneos/HealthApp.build/Script-C24C63886D7669059E1601EB.sh'

warning: Run script build phase '[CP-User] [Hermes] Replace Hermes for the right configuration, if needed' will be run during every build because it does not specify any outputs. To address this issue, either add output dependencies to the script phase, or configure it to run in every build by unchecking "Based on dependency analysis" in the script phase. (in target 'hermes-engine' from project 'Pods')
/Users/tungstonlabs/Desktop/HealthApp-Mobile/ios/Pods/Pods.xcodeproj: warning: The iOS deployment target 'IPHONEOS_DEPLOYMENT_TARGET' is set to 9.0, but the range of supported deployment target versions is 12.0 to 26.4.99. (in target 'react-native-image-picker-RNImagePickerPrivacyInfo' from project 'Pods')
warning: Run script build phase 'Bundle React Native code and images' will be run during every build because it does not specify any outputs. To address this issue, either add output dependencies to the script phase, or configure it to run in every build by unchecking "Based on dependency analysis" in the script phase. (in target 'HealthApp' from project 'HealthApp')
